"iso3","season_nMonth","Month","nb_size","nb_mean","nb_size_cum","nb_mean_cum","Ave_season_monthly_cases","Ave_season_monthly_cum_cases","Ave_cum_monthly_proportion","Ave_monthly_proportion","Year","source","date","cases","raw_cases","corrected_cases","d","rf","correction_applied","correction_reason","missing_reason","mean_low_month","season","Data_status","cum_todate_cases_season","cum_todate_cases_year","Predicted_total_seasonal_cases","Predicted_total_year_cases","estimate_formula_result_raw","pred_total_post_fill","Region","country","nb_size_cum_at_month","nb_mean_cum_at_month","percentile_cumulative","severity","severity_interpretation","z_score_cumulative","current_season_severity","current_season_percentile","current_season_interpretation","Country"
"ABW",7,1,0.523977425521591,96.375,0.85154619794028,345.749999999999,96.375,345.75,0.406575379093749,0.0908168197393885,2025,"WHO",2025-01-01,0,0,NA,18,NA,FALSE,"no_lookup_match",NA,7,"2024/2025","Observed",0,0,10,61,NA,10,"Caribbean","Aruba",0.85154619794028,345.749999999999,0.599495694041026,"Extremely Low","Rare good event - unusually low cases to date",-0.921658332091027,"Extremely Low",4.37502541124254,"Rare good event - unusually low cases to date","Aruba"
"ABW",8,2,0.486238411325166,102.875,0.944373049276483,448.625,102.875,448.625,0.520279964132316,0.113704585038567,2025,"PAHO",2025-02-01,2,2,NA,75,NA,FALSE,"no_lookup_match","current_month_missing",7,"2024/2025","Observed",2,2,10,61,NA,10,"Caribbean","Aruba",0.944373049276483,448.625,0.845575714252098,"Extremely Low","Rare good event - unusually low cases to date",-0.966439622934062,"Extremely Low",4.37502541124254,"Rare good event - unusually low cases to date","Aruba"
"ABW",9,3,0.610622827573911,142.5,1.021089726529,591.124999999999,142.5,591.125,0.690037185327113,0.169757221194798,2025,"WHO",2025-03-01,0,0,NA,16,NA,FALSE,"no_lookup_match",NA,7,"2024/2025","Observed",2,2,10,61,NA,10,"Caribbean","Aruba",1.021089726529,591.124999999999,0.459535135787154,"Extremely Low","Rare good event - unusually low cases to date",-1.00620230927945,"Extremely Low",4.37502541124254,"Rare good event - unusually low cases to date","Aruba"
"ABW",10,4,0.66356931839209,119.5,1.08012330785417,710.625,119.5,710.625,0.840622096875863,0.15058491154875,2025,"PAHO",2025-04-01,2,2,NA,66,NA,FALSE,"no_lookup_match","current_month_missing",7,"2024/2025","Observed",4,4,10,61,NA,10,"Caribbean","Aruba",1.08012330785417,710.625,0.497672860870435,"Extremely Low","Rare good event - unusually low cases to date",-1.03265530451534,"Extremely Low",4.37502541124254,"Rare good event - unusually low cases to date","Aruba"
"ABW",11,5,0.490993103610434,88,1.0915685469586,798.624999999999,88,798.625,0.943142511624407,0.102520414748544,2025,"PAHO",2025-05-01,2,2,NA,62,NA,FALSE,"no_lookup_match","current_month_missing",7,"2024/2025","Observed",6,6,10,61,NA,10,"Caribbean","Aruba",1.0915685469586,798.624999999999,0.600422568855318,"Extremely Low","Rare good event - unusually low cases to date",-1.0362243066748,"Extremely Low",4.37502541124254,"Rare good event - unusually low cases to date","Aruba"
"ABW",12,6,0.367412346316666,51.6249999999999,1.08562056007814,850.25,51.625,850.25,1,0.0568574883755931,2025,"PAHO",2025-06-01,4,4,NA,57,NA,FALSE,"no_lookup_match","current_month_missing",7,"2024/2025","Observed",10,10,10,61,NA,10,"Caribbean","Aruba",1.08562056007814,850.25,0.934338324244152,"Extremely Low","Rare good event - unusually low cases to date",-1.02902002933249,"Extremely Low",4.37502541124254,"Rare good event - unusually low cases to date","Aruba"
"ABW",1,7,NA,NA,NA,NA,21.5,21.5,0.0257203595112303,0.0257203595112303,2025,"PAHO",2025-07-01,2,2,NA,53,NA,FALSE,"no_lookup_match","current_month_missing",7,"2025/2026","Observed",2,12,17,61,NA,17,"Caribbean","Aruba",NA,NA,NA,"Unknown","Cannot determine",NA,"Extremely Low",4.37502541124254,"Rare good event - unusually low cases to date","Aruba"
"ABW",2,8,0.909660246781697,32.7500000000001,0.781271491650606,54.25,32.75,54.25,0.0699659282211139,0.0442455687098836,2025,"PAHO",2025-08-01,2,2,NA,49,1,TRUE,"applied_mean","previous_month_missing",7,"2025/2026","Observed",4,14,17,61,NA,17,"Caribbean","Aruba",0.781271491650606,54.25,13.1069105569425,"Low","Below average - fewer cases than typical at this point",-0.812891177110961,"Extremely Low",4.37502541124254,"Rare good event - unusually low cases to date","Aruba"
"ABW",3,9,0.858908755850253,62.375,0.838822146163144,116.625,62.375,116.625,0.152270584717755,0.0823046564966407,2025,"WHO",2025-09-01,0,0,0,10,1,TRUE,"applied_mean",NA,7,"2025/2026","Observed",4,14,17,61,NA,17,"Caribbean","Aruba",0.838822146163144,116.625,6.31595387129352,"Low","Below average - fewer cases than typical at this point",-0.881296114705453,"Extremely Low",4.37502541124254,"Rare good event - unusually low cases to date","Aruba"
"ABW",4,10,0.677947828263531,64.2500000000001,0.778968026557386,180.875,64.25,180.875,0.230735698611633,0.0784651138938783,2025,"WHO",2025-10-01,0,0,0,9,1,TRUE,"applied_mean",NA,7,"2025/2026","Observed",4,14,17,61,NA,17,"Caribbean","Aruba",0.778968026557386,180.875,5.28329445703954,"Low","Below average - fewer cases than typical at this point",-0.861220883439849,"Extremely Low",4.37502541124254,"Rare good event - unusually low cases to date","Aruba"
"ABW",5,11,0.786815441134934,38.125,0.786798549407322,219,38.125,219,0.280303323833063,0.0495676252214301,2025,"Estimates",2025-11-01,0,NA,NA,8,1,FALSE,"applied_mean",NA,7,"2025/2026","Unobserved",4,14,17,61,0.495676252214301,17,"Caribbean","Aruba",0.786798549407322,219,4.44561475265958,"Extremely Low","Rare good event - unusually low cases to date",-0.869255357867448,"Extremely Low",4.37502541124254,"Rare good event - unusually low cases to date","Aruba"
"ABW",6,12,NA,NA,0.761726645582747,249.375,30.375,249.375,0.31575855935436,0.0354552355212975,2025,"Estimates",2025-12-01,0,NA,NA,7,1,FALSE,"applied_mean",NA,7,"2025/2026","Unobserved",4,14,17,61,0.354552355212975,17,"Caribbean","Aruba",0.761726645582747,249.375,4.37502541124254,"Extremely Low","Rare good event - unusually low cases to date",-0.857461637166085,"Extremely Low",4.37502541124254,"Rare good event - unusually low cases to date","Aruba"
"ABW",7,1,0.523977425521591,96.375,0.85154619794028,345.749999999999,96.375,345.75,0.406575379093749,0.0908168197393885,2026,"Estimates",2026-01-01,2,NA,NA,6,1,FALSE,"applied_mean",NA,7,"2025/2026","Unobserved",6,2,17,NA,1.5438859355696,17,"Caribbean","Aruba",0.85154619794028,345.749999999999,3.27115017156513,"Extremely Low","Rare good event - unusually low cases to date",-0.905664261252137,"Extremely Low",1.2111769229255,"Rare good event - unusually low cases to date","Aruba"
"ABW",8,2,0.486238411325166,102.875,0.944373049276483,448.625,102.875,448.625,0.520279964132316,0.113704585038567,2026,"Estimates",2026-02-01,2,NA,NA,5,1,FALSE,"applied_mean",NA,7,"2025/2026","Unobserved",8,4,17,NA,1.93297794565564,17,"Caribbean","Aruba",0.944373049276483,448.625,2.3847579283509,"Extremely Low","Rare good event - unusually low cases to date",-0.953456387025628,"Extremely Low",1.2111769229255,"Rare good event - unusually low cases to date","Aruba"
"ABW",9,3,0.610622827573911,142.5,1.021089726529,591.124999999999,142.5,591.125,0.690037185327113,0.169757221194798,2026,"Estimates",2026-03-01,3,NA,NA,4,1.1875,FALSE,"applied_mean",NA,7,"2025/2026","Unobserved",11,7,17,NA,2.88587276031156,17,"Caribbean","Aruba",1.021089726529,591.124999999999,1.87322173846428,"Extremely Low","Rare good event - unusually low cases to date",-0.990830663561623,"Extremely Low",1.2111769229255,"Rare good event - unusually low cases to date","Aruba"
"ABW",10,4,0.66356931839209,119.5,1.08012330785417,710.625,119.5,710.625,0.840622096875863,0.15058491154875,2026,"Estimates",2026-04-01,3,NA,NA,3,1,FALSE,"applied_mean",NA,7,"2025/2026","Unobserved",14,10,17,NA,2.55994349632875,17,"Caribbean","Aruba",1.08012330785417,710.625,1.60878442205618,"Extremely Low","Rare good event - unusually low cases to date",-1.0180413960842,"Extremely Low",1.2111769229255,"Rare good event - unusually low cases to date","Aruba"
"ABW",11,5,0.490993103610434,88,1.0915685469586,798.624999999999,88,798.625,0.943142511624407,0.102520414748544,2026,"Estimates",2026-05-01,2,NA,NA,2,NA,FALSE,"no_lookup_match",NA,7,"2025/2026","Unobserved",16,12,17,NA,1.74284705072524,17,"Caribbean","Aruba",1.0915685469586,798.624999999999,1.56406032256135,"Extremely Low","Rare good event - unusually low cases to date",-1.02315098314003,"Extremely Low",1.2111769229255,"Rare good event - unusually low cases to date","Aruba"
"ABW",12,6,0.367412346316666,51.6249999999999,1.08562056007814,850.25,51.625,850.25,1,0.0568574883755931,2026,"Estimates",2026-06-01,1,NA,NA,1,NA,FALSE,"no_lookup_match",NA,7,"2025/2026","Unobserved",17,13,17,NA,0.966577302385082,17,"Caribbean","Aruba",1.08562056007814,850.25,1.58485574761319,"Extremely Low","Rare good event - unusually low cases to date",-1.02044741379506,"Extremely Low",1.2111769229255,"Rare good event - unusually low cases to date","Aruba"
"ABW",1,7,NA,NA,NA,NA,21.5,21.5,0.0257203595112303,0.0257203595112303,2026,"Estimates",2026-07-01,0,NA,NA,NA,NA,NA,NA,NA,7,"2026/2027","Unobserved",0,13,NA,NA,0.437246111690915,0,"Caribbean","Aruba",NA,NA,NA,"Unknown","Cannot determine",NA,"Extremely Low",1.2111769229255,"Rare good event - unusually low cases to date","Aruba"
"ABW",2,8,0.909660246781697,32.7500000000001,0.781271491650606,54.25,32.75,54.25,0.0699659282211139,0.0442455687098836,2026,NA,2026-08-01,NA,NA,NA,NA,NA,NA,NA,NA,7,"2026/2027","Unobserved",0,13,NA,NA,NA,0,"Caribbean","Aruba",0.781271491650606,54.25,3.60048182989258,"Extremely Low","Rare good event - unusually low cases to date",-0.877598932502878,"Extremely Low",1.2111769229255,"Rare good event - unusually low cases to date","Aruba"
"ABW",3,9,0.858908755850253,62.375,0.838822146163144,116.625,62.375,116.625,0.152270584717755,0.0823046564966407,2026,NA,2026-09-01,NA,NA,NA,NA,NA,NA,NA,NA,7,"2026/2027","Unobserved",0,13,NA,NA,NA,0,"Caribbean","Aruba",0.838822146163144,116.625,1.58376663109962,"Extremely Low","Rare good event - unusually low cases to date",-0.912596309678344,"Extremely Low",1.2111769229255,"Rare good event - unusually low cases to date","Aruba"
"ABW",4,10,0.677947828263531,64.2500000000001,0.778968026557386,180.875,64.25,180.875,0.230735698611633,0.0784651138938783,2026,NA,2026-10-01,NA,NA,NA,NA,NA,NA,NA,NA,7,"2026/2027","Unobserved",0,13,NA,NA,NA,0,"Caribbean","Aruba",0.778968026557386,180.875,1.43092782620312,"Extremely Low","Rare good event - unusually low cases to date",-0.880697256775591,"Extremely Low",1.2111769229255,"Rare good event - unusually low cases to date","Aruba"
"ABW",5,11,0.786815441134934,38.125,0.786798549407322,219,38.125,219,0.280303323833063,0.0495676252214301,2026,NA,2026-11-01,NA,NA,NA,NA,NA,NA,NA,NA,7,"2026/2027","Unobserved",0,13,NA,NA,NA,0,"Caribbean","Aruba",0.786798549407322,219,1.18954843138711,"Extremely Low","Rare good event - unusually low cases to date",-0.885427550571959,"Extremely Low",1.2111769229255,"Rare good event - unusually low cases to date","Aruba"
"ABW",6,12,NA,NA,0.761726645582747,249.375,30.375,249.375,0.31575855935436,0.0354552355212975,2026,NA,2026-12-01,NA,NA,NA,NA,NA,NA,NA,NA,7,"2026/2027","Unobserved",0,13,NA,NA,NA,0,"Caribbean","Aruba",0.761726645582747,249.375,1.2111769229255,"Extremely Low","Rare good event - unusually low cases to date",-0.871439615968589,"Extremely Low",1.2111769229255,"Rare good event - unusually low cases to date","Aruba"
"AFG",11,1,2.42958159602125,114,2.63326687694008,2028.25,114,2028.25,0.96483390415282,0.0718209415375475,2025,"WHO",2025-01-01,71,71,NA,18,NA,FALSE,"no_lookup_match",NA,3,"2024/2025","Observed",71,71,97,5713,NA,97,"South Asia","Afghanistan",2.63326687694008,2028.25,0.0484577727865066,"Extremely Low","Rare good event - unusually low cases to date",-1.56491414798687,"High",94.8174862791248,"Above average - more cases than typical at this point","Afghanistan"
"AFG",12,2,0.361437970830766,65.5,2.69649350158189,2093.75,65.5,2093.75,1,0.0351660958471802,2025,"WHO",2025-02-01,26,26,NA,17,NA,FALSE,"no_lookup_match",NA,3,"2024/2025","Observed",97,97,97,5713,NA,97,"South Asia","Afghanistan",2.69649350158189,2093.75,0.084498274311066,"Extremely Low","Rare good event - unusually low cases to date",-1.56501706909447,"High",94.8174862791248,"Above average - more cases than typical at this point","Afghanistan"
"AFG",1,3,NA,NA,NA,NA,57.75,57.75,0.0214612525568192,0.0214612525568192,2025,"WHO",2025-03-01,18,18,NA,16,NA,FALSE,"no_lookup_match",NA,3,"2025/2026","Observed",18,115,4558,5713,NA,4571,"South Asia","Afghanistan",NA,NA,NA,"Unknown","Cannot determine",NA,"High",94.8174862791248,"Above average - more cases than typical at this point","Afghanistan"
"AFG",2,4,NA,NA,NA,NA,49.75,107.5,0.0431327560342653,0.0216715034774461,2025,"WHO",2025-04-01,131,131,NA,15,NA,FALSE,"no_lookup_match",NA,3,"2025/2026","Observed",149,246,4558,5713,NA,4571,"South Asia","Afghanistan",NA,NA,NA,"Unknown","Cannot determine",NA,"High",94.8174862791248,"Above average - more cases than typical at this point","Afghanistan"
"AFG",3,5,NA,NA,NA,NA,87.75,195.25,0.0742381283907614,0.0311053723564961,2025,"WHO",2025-05-01,216,216,NA,14,NA,FALSE,"no_lookup_match",NA,3,"2025/2026","Observed",365,462,4558,5713,NA,4571,"South Asia","Afghanistan",NA,NA,NA,"Unknown","Cannot determine",NA,"High",94.8174862791248,"Above average - more cases than typical at this point","Afghanistan"
"AFG",4,6,1.37557979541605,58.25,0.730711972104804,253.499999999999,58.25,253.5,0.0989912587883773,0.0247531303976159,2025,"WHO",2025-06-01,166,166,NA,13,NA,FALSE,"no_lookup_match",NA,3,"2025/2026","Observed",531,628,4558,5713,NA,4571,"South Asia","Afghanistan",0.730711972104804,253.499999999999,86.265832064541,"High","Above average - more cases than typical at this point",0.934400603468578,"High",94.8174862791248,"Above average - more cases than typical at this point","Afghanistan"
"AFG",5,7,1.7335863671851,147,1.08673948464472,400.5,147,400.5,0.164640025286036,0.0656487664976591,2025,"WHO",2025-07-01,339,339,339,12,1,TRUE,"applied_mean",NA,3,"2025/2026","Observed",870,967,4558,5713,NA,4571,"South Asia","Afghanistan",1.08673948464472,400.5,89.0728541871196,"High","Above average - more cases than typical at this point",1.22041455294262,"High",94.8174862791248,"Above average - more cases than typical at this point","Afghanistan"
"AFG",6,8,0.87888346910545,194.5,1.01847098907798,594.999999999999,194.5,595,0.236569310543594,0.0719292852575574,2025,"WHO",2025-08-01,273,273,273,11,1,TRUE,"applied_mean",NA,3,"2025/2026","Observed",1143,1240,4558,5713,NA,4571,"South Asia","Afghanistan",1.01847098907798,594.999999999999,85.4410219541158,"High","Above average - more cases than typical at this point",0.928680972470958,"High",94.8174862791248,"Above average - more cases than typical at this point","Afghanistan"
"AFG",7,9,1.30355801275735,163,1.1224521467389,757.999999999999,163,758,0.301705938720392,0.065136628176798,2025,"WHO",2025-09-01,320,297,320,10,1.07738853503185,TRUE,"applied_mean",NA,3,"2025/2026","Observed",1463,1560,4558,5713,NA,4571,"South Asia","Afghanistan",1.1224521467389,757.999999999999,86.0619937239901,"High","Above average - more cases than typical at this point",0.984651424119312,"High",94.8174862791248,"Above average - more cases than typical at this point","Afghanistan"
"AFG",8,10,1.91981484039352,521.25,1.65832089612373,1279.25,521.25,1279.25,0.543538173478536,0.241832234758144,2025,"WHO",2025-10-01,1766,1826,1766,9,0.967024738933371,TRUE,"applied_mean",NA,3,"2025/2026","Observed",3229,3326,4558,5713,NA,4571,"South Asia","Afghanistan",1.65832089612373,1279.25,95.0278328120245,"Extremely High","Rare bad event - unusually high cases to date",1.96144655626917,"High",94.8174862791248,"Above average - more cases than typical at this point","Afghanistan"
"AFG",9,11,2.89658970598574,420,2.01342687561909,1699.25,420,1699.25,0.761825550043605,0.218287376565069,2025,"WHO",2025-11-01,1026,1021,1026,8,1.0046422937923,TRUE,"applied_mean",NA,3,"2025/2026","Observed",4255,4352,4558,5713,NA,4571,"South Asia","Afghanistan",2.01342687561909,1699.25,96.0182115842383,"Extremely High","Rare bad event - unusually high cases to date",2.132906795669,"High",94.8174862791248,"Above average - more cases than typical at this point","Afghanistan"
"AFG",10,12,21.9099663312861,215,2.37633837709749,1914.25,215,1914.25,0.893012962615272,0.131187412571667,2025,"Estimates",2025-12-01,13,NA,NA,NA,NA,NA,NA,NA,3,"2025/2026","Unobserved",4268,4365,4558,5713,12.7251790194517,4571,"South Asia","Afghanistan",2.37633837709749,1914.25,94.8174862791248,"High","Above average - more cases than typical at this point",1.89428979690509,"High",94.8174862791248,"Above average - more cases than typical at this point","Afghanistan"
"AFG",11,1,2.42958159602125,114,2.63326687694008,2028.25,114,2028.25,0.96483390415282,0.0718209415375475,2026,"WHO",2026-01-01,132,128,132,6,1.02809336501408,TRUE,"applied_mean",NA,3,"2025/2026","Observed",4400,132,4558,11880,NA,4571,"South Asia","Afghanistan",2.63326687694008,2028.25,94.8868977646239,"High","Above average - more cases than typical at this point",1.89632654514643,"Normal",31.8221117895131,"Average - typical case load at this point","Afghanistan"
"AFG",12,2,0.361437970830766,65.5,2.69649350158189,2093.75,65.5,2093.75,1,0.0351660958471802,2026,"WHO",2026-02-01,171,173,171,5,0.985833516362838,TRUE,"applied_mean",NA,3,"2025/2026","Observed",4571,303,4558,11880,NA,4571,"South Asia","Afghanistan",2.69649350158189,2093.75,95.1789894227055,"Extremely High","Rare bad event - unusually high cases to date",1.9416244068683,"Normal",31.8221117895131,"Average - typical case load at this point","Afghanistan"
"AFG",1,3,NA,NA,NA,NA,57.75,57.75,0.0214612525568192,0.0214612525568192,2026,"WHO",2026-03-01,153,152,153,4,1.0046422937923,TRUE,"applied_mean",NA,3,"2026/2027","Observed",153,456,8819,11880,NA,7119,"South Asia","Afghanistan",NA,NA,NA,"Unknown","Cannot determine",NA,"Normal",31.8221117895131,"Average - typical case load at this point","Afghanistan"
"AFG",2,4,NA,NA,NA,NA,49.75,107.5,0.0431327560342653,0.0216715034774461,2026,"WHO",2026-04-01,247,246,247,3,1.00510652317154,TRUE,"applied_mean",NA,3,"2026/2027","Observed",400,703,8819,11880,NA,7119,"South Asia","Afghanistan",NA,NA,NA,"Unknown","Cannot determine",NA,"Normal",31.8221117895131,"Average - typical case load at this point","Afghanistan"
"AFG",3,5,NA,NA,NA,NA,87.75,195.25,0.0742381283907614,0.0311053723564961,2026,"WHO",2026-05-01,218,224,218,2,0.974137931034483,TRUE,"applied_mean",NA,3,"2026/2027","Observed",618,921,8819,11880,NA,7119,"South Asia","Afghanistan",NA,NA,NA,"Unknown","Cannot determine",NA,"Normal",31.8221117895131,"Average - typical case load at this point","Afghanistan"
"AFG",4,6,1.37557979541605,58.25,0.730711972104804,253.499999999999,58.25,253.5,0.0989912587883773,0.0247531303976159,2026,"WHO",2026-06-01,255,255,NA,1,NA,FALSE,"no_lookup_match",NA,3,"2026/2027","Observed",873,1176,8819,11880,NA,7119,"South Asia","Afghanistan",0.730711972104804,253.499999999999,95.3467688825649,"Extremely High","Rare bad event - unusually high cases to date",2.08598621206769,"Normal",31.8221117895131,"Average - typical case load at this point","Afghanistan"
"AFG",5,7,1.7335863671851,147,1.08673948464472,400.5,147,400.5,0.164640025286036,0.0656487664976591,2026,"Estimates",2026-07-01,299,NA,NA,NA,NA,NA,NA,NA,3,"2026/2027","Unobserved",1172,1475,8819,11880,299.22707769633,7119,"South Asia","Afghanistan",1.08673948464472,400.5,95.0826898046347,"Extremely High","Rare bad event - unusually high cases to date",2.00543094269485,"Normal",31.8221117895131,"Average - typical case load at this point","Afghanistan"
"AFG",6,8,0.87888346910545,194.5,1.01847098907798,594.999999999999,194.5,595,0.236569310543594,0.0719292852575574,2026,NA,2026-08-01,NA,NA,NA,NA,NA,NA,NA,NA,3,"2026/2027","Unobserved",1172,1475,8819,11880,NA,7119,"South Asia","Afghanistan",1.01847098907798,594.999999999999,86.1408799093163,"High","Above average - more cases than typical at this point",0.977826498386392,"Normal",31.8221117895131,"Average - typical case load at this point","Afghanistan"
"AFG",7,9,1.30355801275735,163,1.1224521467389,757.999999999999,163,758,0.301705938720392,0.065136628176798,2026,NA,2026-09-01,NA,NA,NA,NA,NA,NA,NA,NA,3,"2026/2027","Unobserved",1172,1475,8819,11880,NA,7119,"South Asia","Afghanistan",1.1224521467389,757.999999999999,78.9705196105365,"High","Above average - more cases than typical at this point",0.578220836291341,"Normal",31.8221117895131,"Average - typical case load at this point","Afghanistan"
"AFG",8,10,1.91981484039352,521.25,1.65832089612373,1279.25,521.25,1279.25,0.543538173478536,0.241832234758144,2026,NA,2026-10-01,NA,NA,NA,NA,NA,NA,NA,NA,3,"2026/2027","Unobserved",1172,1475,8819,11880,NA,7119,"South Asia","Afghanistan",1.65832089612373,1279.25,56.0658330141693,"Normal","Average - typical case load at this point",-0.107893393081096,"Normal",31.8221117895131,"Average - typical case load at this point","Afghanistan"
"AFG",9,11,2.89658970598574,420,2.01342687561909,1699.25,420,1699.25,0.761825550043605,0.218287376565069,2026,NA,2026-11-01,NA,NA,NA,NA,NA,NA,NA,NA,3,"2026/2027","Unobserved",1172,1475,8819,11880,NA,7119,"South Asia","Afghanistan",2.01342687561909,1699.25,40.042049640384,"Normal","Average - typical case load at this point",-0.440017649620063,"Normal",31.8221117895131,"Average - typical case load at this point","Afghanistan"
"AFG",10,12,21.9099663312861,215,2.37633837709749,1914.25,215,1914.25,0.893012962615272,0.131187412571667,2026,NA,2026-12-01,NA,NA,NA,NA,NA,NA,NA,NA,3,"2026/2027","Unobserved",1172,1475,8819,11880,NA,7119,"South Asia","Afghanistan",2.37633837709749,1914.25,31.8221117895131,"Normal","Average - typical case load at this point",-0.597360213171662,"Normal",31.8221117895131,"Average - typical case load at this point","Afghanistan"
"ARG",6,1,0.259192003614391,2700,0.308955659492296,4865.53333333333,2700,4865.53333333333,0.166213745721869,0.0342831758567271,2025,"PAHO",2025-01-01,275,275,NA,79,NA,FALSE,"no_lookup_match","current_month_missing",8,"2024/2025","Observed",275,275,17635,147600,NA,17635,"South America","Argentina",0.308955659492296,4865.53333333333,31.8441873082601,"Normal","Average - typical case load at this point",-0.524405191500074,"Normal",70.3118899746834,"Average - typical case load at this point","Argentina"
"ARG",7,2,0.268009416730835,7363.66666666668,0.314137374296392,12229.2,7363.66666666667,12229.2,0.255822410381122,0.0896086646592533,2025,"PAHO",2025-02-01,1341,1341,NA,75,NA,FALSE,"no_lookup_match","current_month_missing",8,"2024/2025","Observed",1616,1616,17635,147600,NA,17635,"South America","Argentina",0.314137374296392,12229.2,40.7056497133717,"Normal","Average - typical case load at this point",-0.486410036497424,"Normal",70.3118899746834,"Average - typical case load at this point","Argentina"
"ARG",8,3,0.259060757298732,25476.4666666666,0.293904128711429,37705.6666666665,25476.4666666667,37705.6666666667,0.496429849529586,0.240607439148464,2025,"PAHO",2025-03-01,8513,8513,NA,70,NA,FALSE,"no_lookup_match","current_month_missing",8,"2024/2025","Observed",10129,10129,17635,147600,NA,17635,"South America","Argentina",0.293904128711429,37705.6666666665,51.8531606349144,"Normal","Average - typical case load at this point",-0.396493705084892,"Normal",70.3118899746834,"Average - typical case load at this point","Argentina"
"ARG",9,4,0.31848605713434,17542.2666666667,0.312931271026884,55247.9333333335,17542.2666666667,55247.9333333333,0.779661463406253,0.283231613876667,2025,"PAHO",2025-04-01,5428,5428,NA,66,NA,FALSE,"no_lookup_match","current_month_missing",8,"2024/2025","Observed",15557,15557,17635,147600,NA,17635,"South America","Argentina",0.312931271026884,55247.9333333335,51.1422402049134,"Normal","Average - typical case load at this point",-0.401881973836501,"Normal",70.3118899746834,"Average - typical case load at this point","Argentina"
"ARG",10,5,0.477491490337846,4523.40000000001,0.329952887725575,59771.3333333338,4523.4,59771.3333333333,0.951794333334644,0.172132869928391,2025,"PAHO",2025-05-01,1976,1976,NA,62,NA,FALSE,"no_lookup_match","current_month_missing",8,"2024/2025","Observed",17533,17533,17635,147600,NA,17635,"South America","Argentina",0.329952887725575,59771.3333333338,50.5901959343807,"Normal","Average - typical case load at this point",-0.405918268611944,"Normal",70.3118899746834,"Average - typical case load at this point","Argentina"
"ARG",11,6,0.37577244966807,942.333333333333,0.332891874432274,60713.6666666668,942.333333333333,60713.6666666667,0.98677745579159,0.0349831224569461,2025,"PAHO",2025-06-01,86,86,NA,57,NA,FALSE,"no_lookup_match","current_month_missing",8,"2024/2025","Observed",17619,17619,17635,147600,NA,17635,"South America","Argentina",0.332891874432274,60713.6666666668,50.2267223074153,"Normal","Average - typical case load at this point",-0.409531649480001,"Normal",70.3118899746834,"Average - typical case load at this point","Argentina"
"ARG",12,7,0.302394828278467,336.066666666667,0.334001642850789,61049.7333333334,336.066666666667,61049.7333333333,1,0.0132225442084097,2025,"PAHO",2025-07-01,16,16,NA,53,NA,FALSE,"no_lookup_match","current_month_missing",8,"2024/2025","Observed",17635,17635,17635,147600,NA,17635,"South America","Argentina",0.334001642850789,61049.7333333334,50.0809804121492,"Normal","Average - typical case load at this point",-0.410985481284646,"Normal",70.3118899746834,"Average - typical case load at this point","Argentina"
"ARG",1,8,0.485413428179479,53.2666666666666,0.485413428179479,53.2666666666666,53.2666666666667,53.2666666666667,0.00968468718236358,0.00968468718236358,2025,"PAHO",2025-08-01,1359,4,NA,49,1.07684238138651,TRUE,"applied_mean","previous_month_missing",8,"2025/2026","Observed",1359,18994,1942,147600,NA,1942,"South America","Argentina",0.485413428179479,53.2666666666666,99.9999363715295,"Extremely High","Rare bad event - unusually high cases to date",17.0014117893002,"Normal",70.3118899746834,"Average - typical case load at this point","Argentina"
"ARG",2,9,0.306303907654978,130.8,0.361163862882557,184.066666666667,130.8,184.066666666667,0.0209487541042654,0.0112640669219018,2025,"WHO",2025-09-01,0,0,0,10,1.35406894425289,TRUE,"applied_mean",NA,8,"2025/2026","Observed",1359,18994,1942,147600,NA,1942,"South America","Argentina",0.361163862882557,184.066666666667,98.7311801166902,"Extremely High","Rare bad event - unusually high cases to date",3.83234472184734,"Normal",70.3118899746834,"Average - typical case load at this point","Argentina"
"ARG",3,10,0.40826844976658,101.866666666667,0.375250753790314,285.933333333333,101.866666666667,285.933333333333,0.0413470752152976,0.0203983211110322,2025,"PAHO",2025-10-01,42,3,42,40,1.07844879315248,TRUE,"applied_mean","not_missing",8,"2025/2026","Observed",1401,19036,1942,147600,NA,1942,"South America","Argentina",0.375250753790314,285.933333333333,96.3317289409977,"Extremely High","Rare bad event - unusually high cases to date",2.38732772579309,"Normal",70.3118899746834,"Average - typical case load at this point","Argentina"
"ARG",4,11,0.379828818387859,167.933333333333,0.424698938232107,453.866666666667,167.933333333333,453.866666666667,0.0647209532244183,0.0233738780091207,2025,"PAHO",2025-11-01,218,3,218,36,1.09062283739784,TRUE,"applied_mean","not_missing",8,"2025/2026","Observed",1619,19254,1942,147600,NA,1942,"South America","Argentina",0.424698938232107,453.866666666667,93.4644890192862,"High","Above average - more cases than typical at this point",1.67218694882188,"Normal",70.3118899746834,"Average - typical case load at this point","Argentina"
"ARG",5,12,0.207664808514821,1711.66666666667,0.288325652547019,2165.53333333333,1711.66666666667,2165.53333333333,0.131930569865142,0.0672096166407234,2025,"PAHO",2025-12-01,219,3,219,31,1.1028192981878,TRUE,"applied_mean","not_missing",8,"2025/2026","Observed",1838,19473,1942,147600,NA,1942,"South America","Argentina",0.288325652547019,2165.53333333333,70.3118899746834,"Normal","Average - typical case load at this point",-0.0812088506767263,"Normal",70.3118899746834,"Average - typical case load at this point","Argentina"
"ARG",6,1,0.259192003614391,2700,0.308955659492296,4865.53333333333,2700,4865.53333333333,0.166213745721869,0.0342831758567271,2026,"PAHO",2026-01-01,7,6,7,27,1.21074150912647,TRUE,"applied_mean","not_missing",8,"2025/2026","Observed",1845,7,1942,79,NA,1942,"South America","Argentina",0.308955659492296,4865.53333333333,55.9972909552524,"Normal","Average - typical case load at this point",-0.345054320725048,"Low",7.63000646309596,"Below average - fewer cases than typical at this point","Argentina"
"ARG",7,2,0.268009416730835,7363.66666666668,0.314137374296392,12229.2,7363.66666666667,12229.2,0.255822410381122,0.0896086646592533,2026,"PAHO",2026-02-01,13,8,13,23,1.44043754799665,TRUE,"applied_mean","not_missing",8,"2025/2026","Observed",1858,20,1942,79,NA,1942,"South America","Argentina",0.314137374296392,12229.2,42.466807857387,"Normal","Average - typical case load at this point",-0.47531901504938,"Low",7.63000646309596,"Below average - fewer cases than typical at this point","Argentina"
"ARG",8,3,0.259060757298732,25476.4666666666,0.293904128711429,37705.6666666665,25476.4666666667,37705.6666666667,0.496429849529586,0.240607439148464,2026,"PAHO",2026-03-01,36,23,36,18,1.51074437025319,TRUE,"applied_mean","not_missing",8,"2025/2026","Observed",1894,56,1942,79,NA,1942,"South America","Argentina",0.293904128711429,37705.6666666665,32.1385784524621,"Normal","Average - typical case load at this point",-0.514895457582442,"Low",7.63000646309596,"Below average - fewer cases than typical at this point","Argentina"
"ARG",9,4,0.31848605713434,17542.2666666667,0.312931271026884,55247.9333333335,17542.2666666667,55247.9333333333,0.779661463406253,0.283231613876667,2026,"PAHO",2026-04-01,15,14,15,14,1.39336783234308,TRUE,"applied_mean","not_missing",8,"2025/2026","Observed",1909,71,1942,79,NA,1942,"South America","Argentina",0.312931271026884,55247.9333333335,27.0131716724851,"Normal","Average - typical case load at this point",-0.540071850422603,"Low",7.63000646309596,"Below average - fewer cases than typical at this point","Argentina"
"ARG",10,5,0.477491490337846,4523.40000000001,0.329952887725575,59771.3333333338,4523.4,59771.3333333333,0.951794333334644,0.172132869928391,2026,"PAHO",2026-05-01,4,4,-5,10,1.20065431041268,TRUE,"applied_mean","replaced_with_uncor",8,"2025/2026","Observed",1913,75,1942,79,NA,1942,"South America","Argentina",0.329952887725575,59771.3333333338,24.8760025600849,"Low","Below average - fewer cases than typical at this point",-0.55602938463732,"Low",7.63000646309596,"Below average - fewer cases than typical at this point","Argentina"
"ARG",11,6,0.37577244966807,942.333333333333,0.332891874432274,60713.6666666668,942.333333333333,60713.6666666667,0.98677745579159,0.0349831224569461,2026,"WHO",2026-06-01,3,3,NA,1,NA,FALSE,"insufficient_n_rf",NA,8,"2025/2026","Observed",1916,78,1942,79,NA,1942,"South America","Argentina",0.332891874432274,60713.6666666668,24.5125953191605,"Low","Below average - fewer cases than typical at this point",-0.558758363345239,"Low",7.63000646309596,"Below average - fewer cases than typical at this point","Argentina"
"ARG",12,7,0.302394828278467,336.066666666667,0.334001642850789,61049.7333333334,336.066666666667,61049.7333333333,1,0.0132225442084097,2026,"Estimates",2026-07-01,26,0,-1,4,1.11409122655788,TRUE,"applied_mean","replaced_with_uncor",8,"2025/2026","Unobserved",1942,104,1942,79,25.6781808527317,1942,"South America","Argentina",0.334001642850789,61049.7333333334,24.4837580072108,"Low","Below average - fewer cases than typical at this point",-0.559543232596411,"Low",7.63000646309596,"Below average - fewer cases than typical at this point","Argentina"
"ARG",1,8,0.485413428179479,53.2666666666666,0.485413428179479,53.2666666666666,53.2666666666667,53.2666666666667,0.00968468718236358,0.00968468718236358,2026,NA,2026-08-01,NA,NA,NA,NA,NA,NA,NA,NA,8,"2026/2027","Unobserved",0,104,NA,79,NA,NA,"South America","Argentina",0.485413428179479,53.2666666666666,10.1783491253863,"Low","Below average - fewer cases than typical at this point",-0.693563158360607,"Low",7.63000646309596,"Below average - fewer cases than typical at this point","Argentina"
"ARG",2,9,0.306303907654978,130.8,0.361163862882557,184.066666666667,130.8,184.066666666667,0.0209487541042654,0.0112640669219018,2026,NA,2026-09-01,NA,NA,NA,NA,NA,NA,NA,NA,8,"2026/2027","Unobserved",0,104,NA,79,NA,NA,"South America","Argentina",0.361163862882557,184.066666666667,10.5177813113538,"Low","Below average - fewer cases than typical at this point",-0.600380377724722,"Low",7.63000646309596,"Below average - fewer cases than typical at this point","Argentina"
"ARG",3,10,0.40826844976658,101.866666666667,0.375250753790314,285.933333333333,101.866666666667,285.933333333333,0.0413470752152976,0.0203983211110322,2026,NA,2026-10-01,NA,NA,NA,NA,NA,NA,NA,NA,8,"2026/2027","Unobserved",0,104,NA,79,NA,NA,"South America","Argentina",0.375250753790314,285.933333333333,8.28580866753185,"Low","Below average - fewer cases than typical at this point",-0.612175571919559,"Low",7.63000646309596,"Below average - fewer cases than typical at this point","Argentina"
"ARG",4,11,0.379828818387859,167.933333333333,0.424698938232107,453.866666666667,167.933333333333,453.866666666667,0.0647209532244183,0.0233738780091207,2026,NA,2026-11-01,NA,NA,NA,NA,NA,NA,NA,NA,8,"2026/2027","Unobserved",0,104,NA,79,NA,NA,"South America","Argentina",0.424698938232107,453.866666666667,5.16986659720547,"Low","Below average - fewer cases than typical at this point",-0.651384605342985,"Low",7.63000646309596,"Below average - fewer cases than typical at this point","Argentina"
"ARG",5,12,0.207664808514821,1711.66666666667,0.288325652547019,2165.53333333333,1711.66666666667,2165.53333333333,0.131930569865142,0.0672096166407234,2026,NA,2026-12-01,NA,NA,NA,NA,NA,NA,NA,NA,8,"2026/2027","Unobserved",0,104,NA,79,NA,NA,"South America","Argentina",0.288325652547019,2165.53333333333,7.63000646309596,"Low","Below average - fewer cases than typical at this point",-0.536923895080826,"Low",7.63000646309596,"Below average - fewer cases than typical at this point","Argentina"
"ATG",10,1,0.322451941554713,54.125,0.721655942676433,236.25,54.125,236.25,0.774872394461789,0.193290500944214,2025,"WHO",2025-01-01,0,0,NA,18,NA,FALSE,"no_lookup_match",NA,4,"2024/2025","Observed",0,0,2,41,NA,2,"Caribbean","Antigua And Barbuda",0.721655942676433,236.25,1.52773971908406,"Extremely Low","Rare good event - unusually low cases to date",-0.848208856991332,"Low",20.69329835747,"Below average - fewer cases than typical at this point","Antigua And Barbuda"
"ATG",11,2,0.520000916038631,26.75,0.786390122492431,263,26.75,263,0.902647535299198,0.127775140837408,2025,"WHO",2025-02-01,0,0,NA,17,NA,FALSE,"no_lookup_match",NA,4,"2024/2025","Observed",0,0,2,41,NA,2,"Caribbean","Antigua And Barbuda",0.786390122492431,263,1.03248044250606,"Extremely Low","Rare good event - unusually low cases to date",-0.885463587994827,"Low",20.69329835747,"Below average - fewer cases than typical at this point","Antigua And Barbuda"
"ATG",12,3,0.711523682889816,17.25,0.828714202165833,280.25,17.25,280.25,1,0.0973524647008022,2025,"PAHO",2025-03-01,2,2,NA,70,NA,FALSE,"no_lookup_match","current_month_missing",4,"2024/2025","Observed",2,2,2,41,NA,2,"Caribbean","Antigua And Barbuda",0.828714202165833,280.25,2.06322376528971,"Extremely Low","Rare good event - unusually low cases to date",-0.902507405357862,"Low",20.69329835747,"Below average - fewer cases than typical at this point","Antigua And Barbuda"
"ATG",1,4,0.561748911178378,4.75,0.561748911178378,4.75,4.75,4.75,0.0195908681655322,0.0195908681655322,2025,"PAHO",2025-04-01,1,1,NA,66,NA,FALSE,"no_lookup_match","current_month_missing",4,"2025/2026","Observed",1,3,17,41,NA,17,"Caribbean","Antigua And Barbuda",0.561748911178378,4.75,42.5277731893314,"Normal","Average - typical case load at this point",-0.559547312022955,"Low",20.69329835747,"Below average - fewer cases than typical at this point","Antigua And Barbuda"
"ATG",2,5,0.643463803273605,9.125,0.571901497521681,13.875,9.125,13.875,0.0613131647812721,0.0417222966157399,2025,"PAHO",2025-05-01,1,1,NA,62,NA,FALSE,"no_lookup_match","current_month_missing",4,"2025/2026","Observed",2,4,17,41,NA,17,"Caribbean","Antigua And Barbuda",0.571901497521681,13.875,30.9775109771106,"Normal","Average - typical case load at this point",-0.634293678916088,"Low",20.69329835747,"Below average - fewer cases than typical at this point","Antigua And Barbuda"
"ATG",3,6,0.644892598411886,8,0.554752248927358,21.875,8,21.875,0.0951780756321448,0.0338649108508727,2025,"PAHO",2025-06-01,2,2,NA,57,NA,FALSE,"no_lookup_match","current_month_missing",4,"2025/2026","Observed",4,6,17,41,NA,17,"Caribbean","Antigua And Barbuda",0.554752248927358,21.875,33.2265372823685,"Normal","Average - typical case load at this point",-0.601048222457823,"Low",20.69329835747,"Below average - fewer cases than typical at this point","Antigua And Barbuda"
"ATG",4,7,0.585193795503316,10.25,0.528069608132216,32.125,10.25,32.125,0.137382405224205,0.04220432959206,2025,"PAHO",2025-07-01,2,2,NA,53,NA,FALSE,"no_lookup_match","current_month_missing",4,"2025/2026","Observed",6,8,17,41,NA,17,"Caribbean","Antigua And Barbuda",0.528069608132216,32.125,33.889272665902,"Normal","Average - typical case load at this point",-0.586162877574282,"Low",20.69329835747,"Below average - fewer cases than typical at this point","Antigua And Barbuda"
"ATG",5,8,0.578807252644659,19.5,0.582860090288624,51.625,19.5,51.625,0.205223769563678,0.0678413643394731,2025,"PAHO",2025-08-01,2,2,NA,49,1,TRUE,"applied_mean","previous_month_missing",4,"2025/2026","Observed",8,10,17,41,NA,17,"Caribbean","Antigua And Barbuda",0.582860090288624,51.625,28.0612782385173,"Normal","Average - typical case load at this point",-0.641533915666292,"Low",20.69329835747,"Below average - fewer cases than typical at this point","Antigua And Barbuda"
"ATG",6,9,0.54692395792226,22.625,0.577243476396687,74.2499999999999,22.625,74.25,0.282169747295563,0.0769459777318847,2025,"PAHO",2025-09-01,4,4,4,44,1,TRUE,"applied_mean","not_missing",4,"2025/2026","Observed",12,14,17,41,NA,17,"Caribbean","Antigua And Barbuda",0.577243476396687,74.2499999999999,28.5018088127374,"Normal","Average - typical case load at this point",-0.634513359032929,"Low",20.69329835747,"Below average - fewer cases than typical at this point","Antigua And Barbuda"
"ATG",7,10,0.503502594416806,27,0.55966295316962,101.25,27,101.25,0.364460789862643,0.0822910425670806,2025,"PAHO",2025-10-01,1,1,1,40,1,TRUE,"applied_mean","not_missing",4,"2025/2026","Observed",13,15,17,41,NA,17,"Caribbean","Antigua And Barbuda",0.55966295316962,101.25,25.8589918446228,"Normal","Average - typical case load at this point",-0.650258410580276,"Low",20.69329835747,"Below average - fewer cases than typical at this point","Antigua And Barbuda"
"ATG",8,11,0.507498786680876,33.125,0.547878161443174,134.375,33.125,134.375,0.463137438783923,0.0986766489212803,2025,"Estimates",2025-11-01,0,NA,NA,NA,NA,NA,NA,"current_month_missing",4,"2025/2026","Unobserved",13,15,17,41,0.197353297842561,17,"Caribbean","Antigua And Barbuda",0.547878161443174,134.375,22.7547445557362,"Low","Below average - fewer cases than typical at this point",-0.667220222473879,"Low",20.69329835747,"Below average - fewer cases than typical at this point","Antigua And Barbuda"
"ATG",9,12,0.435917107994736,47.75,0.519160086620314,182.125,47.75,182.125,0.581581893517575,0.118444454733652,2025,"Estimates",2025-12-01,0,NA,NA,NA,NA,NA,NA,"current_month_missing",4,"2025/2026","Unobserved",13,15,17,41,0.236888909467304,17,"Caribbean","Antigua And Barbuda",0.519160086620314,182.125,20.69329835747,"Low","Below average - fewer cases than typical at this point",-0.668145088172453,"Low",20.69329835747,"Below average - fewer cases than typical at this point","Antigua And Barbuda"
"ATG",10,1,0.322451941554713,54.125,0.721655942676433,236.25,54.125,236.25,0.774872394461789,0.193290500944214,2026,"PAHO",2026-01-01,2,2,2,27,1,TRUE,"applied_mean","previous_month_missing",4,"2025/2026","Observed",15,2,17,63,NA,17,"Caribbean","Antigua And Barbuda",0.721655942676433,236.25,12.0664774859087,"Low","Below average - fewer cases than typical at this point",-0.794354326388708,"Low",10.6645402852328,"Below average - fewer cases than typical at this point","Antigua And Barbuda"
"ATG",11,2,0.520000916038631,26.75,0.786390122492431,263,26.75,263,0.902647535299198,0.127775140837408,2026,"PAHO",2026-02-01,2,2,2,23,1,TRUE,"applied_mean","not_missing",4,"2025/2026","Observed",17,4,17,63,NA,17,"Caribbean","Antigua And Barbuda",0.786390122492431,263,10.5166487219286,"Low","Below average - fewer cases than typical at this point",-0.828228299036986,"Low",10.6645402852328,"Below average - fewer cases than typical at this point","Antigua And Barbuda"
"ATG",12,3,0.711523682889816,17.25,0.828714202165833,280.25,17.25,280.25,1,0.0973524647008022,2026,"WHO",2026-03-01,0,0,0,4,1,TRUE,"applied_mean",NA,4,"2025/2026","Observed",17,4,17,63,NA,17,"Caribbean","Antigua And Barbuda",0.828714202165833,280.25,9.09752132034353,"Low","Below average - fewer cases than typical at this point",-0.853854715042074,"Low",10.6645402852328,"Below average - fewer cases than typical at this point","Antigua And Barbuda"
"ATG",1,4,0.561748911178378,4.75,0.561748911178378,4.75,4.75,4.75,0.0195908681655322,0.0195908681655322,2026,"WHO",2026-04-01,0,0,NA,3,NA,FALSE,"insufficient_n_rf",NA,4,"2026/2027","Observed",0,4,21,63,NA,22,"Caribbean","Antigua And Barbuda",0.561748911178378,4.75,28.3076768082747,"Normal","Average - typical case load at this point",-0.708759928562409,"Low",10.6645402852328,"Below average - fewer cases than typical at this point","Antigua And Barbuda"
"ATG",2,5,0.643463803273605,9.125,0.571901497521681,13.875,9.125,13.875,0.0613131647812721,0.0417222966157399,2026,"PAHO",2026-05-01,2,0,2,10,1.41019955654102,TRUE,"applied_mean","not_missing",4,"2026/2027","Observed",2,6,21,63,NA,22,"Caribbean","Antigua And Barbuda",0.571901497521681,13.875,30.9775109771106,"Normal","Average - typical case load at this point",-0.634293678916088,"Low",10.6645402852328,"Below average - fewer cases than typical at this point","Antigua And Barbuda"
"ATG",3,6,0.644892598411886,8,0.554752248927358,21.875,8,21.875,0.0951780756321448,0.0338649108508727,2026,"WHO",2026-06-01,0,0,NA,1,NA,FALSE,"no_lookup_match",NA,4,"2026/2027","Observed",2,6,21,63,NA,22,"Caribbean","Antigua And Barbuda",0.554752248927358,21.875,25.0593883392772,"Normal","Average - typical case load at this point",-0.668298373222335,"Low",10.6645402852328,"Below average - fewer cases than typical at this point","Antigua And Barbuda"
"ATG",4,7,0.585193795503316,10.25,0.528069608132216,32.125,10.25,32.125,0.137382405224205,0.04220432959206,2026,"Estimates",2026-07-01,1,NA,NA,NA,NA,NA,NA,NA,4,"2026/2027","Unobserved",3,7,21,63,0.71747360306502,22,"Caribbean","Antigua And Barbuda",0.528069608132216,32.125,25.3017937068528,"Normal","Average - typical case load at this point",-0.653473447247884,"Low",10.6645402852328,"Below average - fewer cases than typical at this point","Antigua And Barbuda"
"ATG",5,8,0.578807252644659,19.5,0.582860090288624,51.625,19.5,51.625,0.205223769563678,0.0678413643394731,2026,NA,2026-08-01,NA,NA,NA,NA,NA,NA,NA,NA,4,"2026/2027","Unobserved",3,7,21,63,NA,22,"Caribbean","Antigua And Barbuda",0.582860090288624,51.625,17.5560424329909,"Low","Below average - fewer cases than typical at this point",-0.715062158149534,"Low",10.6645402852328,"Below average - fewer cases than typical at this point","Antigua And Barbuda"
"ATG",6,9,0.54692395792226,22.625,0.577243476396687,74.2499999999999,22.625,74.25,0.282169747295563,0.0769459777318847,2026,NA,2026-09-01,NA,NA,NA,NA,NA,NA,NA,NA,4,"2026/2027","Unobserved",3,7,21,63,NA,22,"Caribbean","Antigua And Barbuda",0.577243476396687,74.2499999999999,14.4954631832354,"Low","Below average - fewer cases than typical at this point",-0.726250230218413,"Low",10.6645402852328,"Below average - fewer cases than typical at this point","Antigua And Barbuda"
"ATG",7,10,0.503502594416806,27,0.55966295316962,101.25,27,101.25,0.364460789862643,0.0822910425670806,2026,NA,2026-10-01,NA,NA,NA,NA,NA,NA,NA,NA,4,"2026/2027","Unobserved",3,7,21,63,NA,22,"Caribbean","Antigua And Barbuda",0.55966295316962,101.25,12.7979632881301,"Low","Below average - fewer cases than typical at this point",-0.723942083167276,"Low",10.6645402852328,"Below average - fewer cases than typical at this point","Antigua And Barbuda"
"ATG",8,11,0.507498786680876,33.125,0.547878161443174,134.375,33.125,134.375,0.463137438783923,0.0986766489212803,2026,NA,2026-11-01,NA,NA,NA,NA,NA,NA,NA,NA,4,"2026/2027","Unobserved",3,7,21,63,NA,22,"Caribbean","Antigua And Barbuda",0.547878161443174,134.375,11.3674779361583,"Low","Below average - fewer cases than typical at this point",-0.722192022471727,"Low",10.6645402852328,"Below average - fewer cases than typical at this point","Antigua And Barbuda"
"ATG",9,12,0.435917107994736,47.75,0.519160086620314,182.125,47.75,182.125,0.581581893517575,0.118444454733652,2026,NA,2026-12-01,NA,NA,NA,NA,NA,NA,NA,NA,4,"2026/2027","Unobserved",3,7,21,63,NA,22,"Caribbean","Antigua And Barbuda",0.519160086620314,182.125,10.6645402852328,"Low","Below average - fewer cases than typical at this point",-0.707651080082133,"Low",10.6645402852328,"Below average - fewer cases than typical at this point","Antigua And Barbuda"
"AUS",5,1,2.01165688067713,175.785714285714,NA,NA,175.785714285714,541.571428571429,0.39691716993072,0.120589712983376,2025,"WHO",2025-01-01,283,283,NA,18,NA,FALSE,"no_lookup_match",NA,9,"2024/2025","Observed",283,283,1459,6966,NA,1459,"Pacific Islands","Australia",NA,NA,NA,"Unknown","Cannot determine",NA,"Unknown",59.58382988049,"Cannot determine","Australia"
"AUS",6,2,1.90614903950397,142.142857142857,NA,NA,142.142857142857,683.714285714286,0.492283963839153,0.0953667939084325,2025,"WHO",2025-02-01,220,220,NA,17,NA,FALSE,"no_lookup_match",NA,9,"2024/2025","Observed",503,503,1459,6966,NA,1459,"Pacific Islands","Australia",NA,NA,NA,"Unknown","Cannot determine",NA,"Unknown",59.58382988049,"Cannot determine","Australia"
"AUS",7,3,2.42999350589892,141.071428571429,NA,NA,141.071428571429,824.785714285714,0.588065373751077,0.095781409911924,2025,"WHO",2025-03-01,219,219,NA,16,NA,FALSE,"no_lookup_match",NA,9,"2024/2025","Observed",722,722,1459,6966,NA,1459,"Pacific Islands","Australia",NA,NA,NA,"Unknown","Cannot determine",NA,"Unknown",59.58382988049,"Cannot determine","Australia"
"AUS",8,4,1.38128774574533,141.785714285714,2.69178016481654,966.571428571428,141.785714285714,966.571428571429,0.6769667839055,0.0889014101544239,2025,"WHO",2025-04-01,195,195,NA,15,NA,FALSE,"no_lookup_match",NA,9,"2024/2025","Observed",917,917,1459,6966,NA,1459,"Pacific Islands","Australia",2.69178016481654,966.571428571428,54.8096783105134,"Normal","Average - typical case load at this point",-0.0840259416750325,"Unknown",59.58382988049,"Cannot determine","Australia"
"AUS",9,5,1.31661560333804,130.571428571428,2.94188158359478,1097.14285714286,130.571428571429,1097.14285714286,0.764462861802982,0.0874960778974819,2025,"WHO",2025-05-01,135,135,NA,14,NA,FALSE,"no_lookup_match",NA,9,"2024/2025","Observed",1052,1052,1459,6966,NA,1459,"Pacific Islands","Australia",2.94188158359478,1097.14285714286,54.9990185748235,"Normal","Average - typical case load at this point",-0.0704785525925237,"Unknown",59.58382988049,"Cannot determine","Australia"
"AUS",10,6,1.55405215876022,105.857142857143,3.21855827943464,1203,105.857142857143,1203,0.840149268426211,0.0756864066232289,2025,"WHO",2025-06-01,120,120,NA,13,NA,FALSE,"no_lookup_match",NA,9,"2024/2025","Observed",1172,1172,1459,6966,NA,1459,"Pacific Islands","Australia",3.21855827943464,1203,55.6279798473816,"Normal","Average - typical case load at this point",-0.0461685851713169,"Unknown",59.58382988049,"Cannot determine","Australia"
"AUS",11,7,1.69632601082081,116.857142857143,3.57591663633075,1319.85714285714,116.857142857143,1319.85714285714,0.929844186792918,0.089694918366707,2025,"WHO",2025-07-01,160,159,160,12,1.00523007286013,TRUE,"applied_mean",NA,9,"2024/2025","Observed",1332,1332,1459,6966,NA,1459,"Pacific Islands","Australia",3.57591663633075,1319.85714285714,57.7378875010323,"Normal","Average - typical case load at this point",0.0173740123320876,"Unknown",59.58382988049,"Cannot determine","Australia"
"AUS",12,8,1.60369325797146,87.2142857142856,3.83769003479402,1407.07142857143,87.2142857142857,1407.07142857143,1,0.0701558132070818,2025,"WHO",2025-08-01,127,127,127,11,1.0035336955642,TRUE,"applied_mean",NA,9,"2024/2025","Observed",1459,1459,1459,6966,NA,1459,"Pacific Islands","Australia",3.83769003479402,1407.07142857143,59.58382988049,"Normal","Average - typical case load at this point",0.0721994235281672,"Unknown",59.58382988049,"Cannot determine","Australia"
"AUS",1,9,NA,NA,NA,NA,74.6428571428571,74.6428571428571,0.0553238072301055,0.0553238072301055,2025,"WHO",2025-09-01,87,86,87,10,1.00766746783567,TRUE,"applied_mean",NA,9,"2025/2026","Observed",87,1546,1258,6966,NA,1258,"Pacific Islands","Australia",NA,NA,NA,"Unknown","Cannot determine",NA,"Unknown",59.58382988049,"Cannot determine","Australia"
"AUS",2,10,2.57829476152192,98.9999999999999,NA,NA,99,173.642857142857,0.132571129348062,0.0772473221179562,2025,"WHO",2025-10-01,146,145,146,9,1.00533855340587,TRUE,"applied_mean",NA,9,"2025/2026","Observed",233,1692,1258,6966,NA,1258,"Pacific Islands","Australia",NA,NA,NA,"Unknown","Cannot determine",NA,"Unknown",59.58382988049,"Cannot determine","Australia"
"AUS",3,11,2.67541702144807,94.1428571428572,NA,NA,94.1428571428571,267.785714285714,0.205340881827739,0.0727697524796774,2025,"WHO",2025-11-01,119,118,119,8,1.00826894398644,TRUE,"applied_mean",NA,9,"2025/2026","Observed",352,1811,1258,6966,NA,1258,"Pacific Islands","Australia",NA,NA,NA,"Unknown","Cannot determine",NA,"Unknown",59.58382988049,"Cannot determine","Australia"
"AUS",4,12,NA,NA,NA,NA,98,365.785714285714,0.276327456947344,0.0709865751196046,2025,"WHO",2025-12-01,114,113,114,7,1.00874184868519,TRUE,"applied_mean",NA,9,"2025/2026","Observed",466,1925,1258,6966,NA,1258,"Pacific Islands","Australia",NA,NA,NA,"Unknown","Cannot determine",NA,"Unknown",59.58382988049,"Cannot determine","Australia"
"AUS",5,1,2.01165688067713,175.785714285714,NA,NA,175.785714285714,541.571428571429,0.39691716993072,0.120589712983376,2026,"WHO",2026-01-01,224,222,224,6,1.00933214198207,TRUE,"applied_mean",NA,9,"2025/2026","Observed",690,224,1258,703,NA,1258,"Pacific Islands","Australia",NA,NA,NA,"Unknown","Cannot determine",NA,"Unknown",43.0202200666873,"Cannot determine","Australia"
"AUS",6,2,1.90614903950397,142.142857142857,NA,NA,142.142857142857,683.714285714286,0.492283963839153,0.0953667939084325,2026,"WHO",2026-02-01,107,105,107,5,1.02067626279258,TRUE,"applied_mean",NA,9,"2025/2026","Observed",797,331,1258,703,NA,1258,"Pacific Islands","Australia",NA,NA,NA,"Unknown","Cannot determine",NA,"Unknown",43.0202200666873,"Cannot determine","Australia"
"AUS",7,3,2.42999350589892,141.071428571429,NA,NA,141.071428571429,824.785714285714,0.588065373751077,0.095781409911924,2026,"WHO",2026-03-01,83,81,83,4,1.03080576359184,TRUE,"applied_mean",NA,9,"2025/2026","Observed",880,414,1258,703,NA,1258,"Pacific Islands","Australia",NA,NA,NA,"Unknown","Cannot determine",NA,"Unknown",43.0202200666873,"Cannot determine","Australia"
"AUS",8,4,1.38128774574533,141.785714285714,2.69178016481654,966.571428571428,141.785714285714,966.571428571429,0.6769667839055,0.0889014101544239,2026,"WHO",2026-04-01,70,67,70,3,1.0509078468718,TRUE,"applied_mean",NA,9,"2025/2026","Observed",950,484,1258,703,NA,1258,"Pacific Islands","Australia",2.69178016481654,966.571428571428,57.0452563788371,"Normal","Average - typical case load at this point",-0.0280893637876188,"Unknown",43.0202200666873,"Cannot determine","Australia"
"AUS",9,5,1.31661560333804,130.571428571428,2.94188158359478,1097.14285714286,130.571428571429,1097.14285714286,0.764462861802982,0.0874960778974819,2026,"WHO",2026-05-01,66,50,66,2,1.31340649013769,TRUE,"applied_mean",NA,9,"2025/2026","Observed",1016,550,1258,703,NA,1258,"Pacific Islands","Australia",2.94188158359478,1097.14285714286,52.6989804292688,"Normal","Average - typical case load at this point",-0.126682967951121,"Unknown",43.0202200666873,"Cannot determine","Australia"
"AUS",10,6,1.55405215876022,105.857142857143,3.21855827943464,1203,105.857142857143,1203,0.840149268426211,0.0756864066232289,2026,"WHO",2026-06-01,41,41,NA,1,NA,FALSE,"no_lookup_match",NA,9,"2025/2026","Observed",1057,591,1258,703,NA,1258,"Pacific Islands","Australia",3.21855827943464,1203,48.5143338803498,"Normal","Average - typical case load at this point",-0.217439143064921,"Unknown",43.0202200666873,"Cannot determine","Australia"
"AUS",11,7,1.69632601082081,116.857142857143,3.57591663633075,1319.85714285714,116.857142857143,1319.85714285714,0.929844186792918,0.089694918366707,2026,"Estimates",2026-07-01,113,NA,NA,NA,NA,NA,NA,NA,9,"2025/2026","Unobserved",1170,704,1258,703,112.836207305317,1258,"Pacific Islands","Australia",3.57591663633075,1319.85714285714,48.2702458356343,"Normal","Average - typical case load at this point",-0.214415752192509,"Unknown",43.0202200666873,"Cannot determine","Australia"
"AUS",12,8,1.60369325797146,87.2142857142856,3.83769003479402,1407.07142857143,87.2142857142857,1407.07142857143,1,0.0701558132070818,2026,NA,2026-08-01,NA,NA,NA,NA,NA,NA,NA,NA,9,"2025/2026","Unobserved",1170,704,1258,703,NA,1258,"Pacific Islands","Australia",3.83769003479402,1407.07142857143,43.0202200666873,"Normal","Average - typical case load at this point",-0.329614699711103,"Unknown",43.0202200666873,"Cannot determine","Australia"
"AUS",1,9,NA,NA,NA,NA,74.6428571428571,74.6428571428571,0.0553238072301055,0.0553238072301055,2026,NA,2026-09-01,NA,NA,NA,NA,NA,NA,NA,NA,9,"2026/2027","Unobserved",0,704,NA,703,NA,NA,"Pacific Islands","Australia",NA,NA,NA,"Unknown","Cannot determine",NA,"Unknown",43.0202200666873,"Cannot determine","Australia"
"AUS",2,10,2.57829476152192,98.9999999999999,NA,NA,99,173.642857142857,0.132571129348062,0.0772473221179562,2026,NA,2026-10-01,NA,NA,NA,NA,NA,NA,NA,NA,9,"2026/2027","Unobserved",0,704,NA,703,NA,NA,"Pacific Islands","Australia",NA,NA,NA,"Unknown","Cannot determine",NA,"Unknown",43.0202200666873,"Cannot determine","Australia"
"AUS",3,11,2.67541702144807,94.1428571428572,NA,NA,94.1428571428571,267.785714285714,0.205340881827739,0.0727697524796774,2026,NA,2026-11-01,NA,NA,NA,NA,NA,NA,NA,NA,9,"2026/2027","Unobserved",0,704,NA,703,NA,NA,"Pacific Islands","Australia",NA,NA,NA,"Unknown","Cannot determine",NA,"Unknown",43.0202200666873,"Cannot determine","Australia"
"AUS",4,12,NA,NA,NA,NA,98,365.785714285714,0.276327456947344,0.0709865751196046,2026,NA,2026-12-01,NA,NA,NA,NA,NA,NA,NA,NA,9,"2026/2027","Unobserved",0,704,NA,703,NA,NA,"Pacific Islands","Australia",NA,NA,NA,"Unknown","Cannot determine",NA,"Unknown",43.0202200666873,"Cannot determine","Australia"
"BFA",9,1,NA,NA,0.389603013467943,52858.8571428571,2220.42857142857,52858.8571428571,0.917818457421131,0.0453415231929268,2025,"WHO",2025-01-01,4242,4242,NA,18,NA,FALSE,"no_lookup_match",NA,5,"2024/2025","Observed",4242,4242,10941,61245,NA,10941,"Sub-Saharan Africa","Burkina Faso",0.389603013467943,52858.8571428571,28.9440938691253,"Normal","Average - typical case load at this point",-0.574088258248518,"Normal",66.8273425302374,"Average - typical case load at this point","Burkina Faso"
"BFA",10,2,0.272008701918593,1601.57142857143,0.390421230004248,54460.4285714285,1601.57142857143,54460.4285714286,0.948100450152092,0.0302819927309613,2025,"WHO",2025-02-01,2543,2543,NA,17,NA,FALSE,"no_lookup_match",NA,5,"2024/2025","Observed",6785,6785,10941,61245,NA,10941,"Sub-Saharan Africa","Burkina Faso",0.390421230004248,54460.4285714285,34.1331959288155,"Normal","Average - typical case load at this point",-0.546989144032538,"Normal",66.8273425302374,"Average - typical case load at this point","Burkina Faso"
"BFA",11,3,NA,NA,0.392444315539985,55656.8571428572,1196.42857142857,55656.8571428571,0.977900809373588,0.0298003592214959,2025,"WHO",2025-03-01,2130,2130,NA,16,NA,FALSE,"no_lookup_match",NA,5,"2024/2025","Observed",8915,8915,10941,61245,NA,10941,"Sub-Saharan Africa","Burkina Faso",0.392444315539985,55656.8571428572,37.3727036112766,"Normal","Average - typical case load at this point",-0.526107841962628,"Normal",66.8273425302374,"Average - typical case load at this point","Burkina Faso"
"BFA",12,4,NA,NA,0.392976499492712,56775.5714285715,1118.71428571429,56775.5714285714,1,0.0220991906264119,2025,"WHO",2025-04-01,2026,2026,NA,15,NA,FALSE,"no_lookup_match",NA,5,"2024/2025","Observed",10941,10941,10941,61245,NA,10941,"Sub-Saharan Africa","Burkina Faso",0.392976499492712,56775.5714285715,40.009344709573,"Normal","Average - typical case load at this point",-0.506073326701633,"Normal",66.8273425302374,"Average - typical case load at this point","Burkina Faso"
"BFA",1,5,NA,NA,NA,NA,678.714285714286,678.714285714286,0.0153610229894856,0.0153610229894856,2025,"WHO",2025-05-01,1981,1981,NA,14,NA,FALSE,"no_lookup_match",NA,5,"2025/2026","Observed",1981,12922,56277,61245,NA,56277,"Sub-Saharan Africa","Burkina Faso",NA,NA,NA,"Unknown","Cannot determine",NA,"Normal",66.8273425302374,"Average - typical case load at this point","Burkina Faso"
"BFA",2,6,NA,NA,NA,NA,590.857142857143,1269.57142857143,0.0297888162847443,0.0144277932952587,2025,"WHO",2025-06-01,1894,1894,NA,13,NA,FALSE,"no_lookup_match",NA,5,"2025/2026","Observed",3875,14816,56277,61245,NA,56277,"Sub-Saharan Africa","Burkina Faso",NA,NA,NA,"Unknown","Cannot determine",NA,"Normal",66.8273425302374,"Average - typical case load at this point","Burkina Faso"
"BFA",3,7,0.249800331622406,1053.85714285714,0.227557004356023,2323.42857142857,1053.85714285714,2323.42857142857,0.0561941579990565,0.0264053417143122,2025,"WHO",2025-07-01,3584,3584,3584,12,1,TRUE,"applied_mean",NA,5,"2025/2026","Observed",7459,18400,56277,61245,NA,56277,"Sub-Saharan Africa","Burkina Faso",0.227557004356023,2323.42857142857,90.7047979723369,"High","Above average - more cases than typical at this point",1.05434631858954,"Normal",66.8273425302374,"Average - typical case load at this point","Burkina Faso"
"BFA",4,8,0.247354741670151,2768,NA,NA,2768,5091.42857142857,0.111632342425399,0.0554381844263425,2025,"WHO",2025-08-01,3123,3123,3123,11,1,TRUE,"applied_mean",NA,5,"2025/2026","Observed",10582,21523,56277,61245,NA,56277,"Sub-Saharan Africa","Burkina Faso",NA,NA,NA,"Unknown","Cannot determine",NA,"Normal",66.8273425302374,"Average - typical case load at this point","Burkina Faso"
"BFA",5,9,0.218830928105031,7827.14285714285,NA,NA,7827.14285714286,12918.5714285714,0.214921774415274,0.103289431989875,2025,"WHO",2025-09-01,6374,6374,6374,10,1,TRUE,"applied_mean",NA,5,"2025/2026","Observed",16956,27897,56277,61245,NA,56277,"Sub-Saharan Africa","Burkina Faso",NA,NA,NA,"Unknown","Cannot determine",NA,"Normal",66.8273425302374,"Average - typical case load at this point","Burkina Faso"
"BFA",6,10,0.392302476015528,20323.1428571428,0.395043108387411,33241.7142857142,20323.1428571429,33241.7142857143,0.595281193480332,0.380359419065058,2025,"WHO",2025-10-01,11453,11453,11453,9,1,TRUE,"applied_mean",NA,5,"2025/2026","Observed",28409,39350,56277,61245,NA,56277,"Sub-Saharan Africa","Burkina Faso",0.395043108387411,33241.7142857142,66.9935752071116,"Normal","Average - typical case load at this point",-0.0913749962202483,"Normal",66.8273425302374,"Average - typical case load at this point","Burkina Faso"
"BFA",7,11,0.34772500297599,12801.8571428571,0.386338293796629,46043.5714285715,12801.8571428571,46043.5714285714,0.788879205741524,0.193598012261192,2025,"WHO",2025-11-01,9011,9011,9011,8,1,TRUE,"applied_mean",NA,5,"2025/2026","Observed",37420,48361,56277,61245,NA,56277,"Sub-Saharan Africa","Burkina Faso",0.386338293796629,46043.5714285715,66.211083899129,"Normal","Average - typical case load at this point",-0.116412661593846,"Normal",66.8273425302374,"Average - typical case load at this point","Burkina Faso"
"BFA",8,12,0.393436968136925,4594.85714285715,0.387568974443802,50638.4285714285,4594.85714285714,50638.4285714286,0.872476934228204,0.0835977284866798,2025,"WHO",2025-12-01,5074,5074,5074,7,1,TRUE,"applied_mean",NA,5,"2025/2026","Observed",42494,53435,56277,61245,NA,56277,"Sub-Saharan Africa","Burkina Faso",0.387568974443802,50638.4285714285,66.8273425302374,"Normal","Average - typical case load at this point",-0.100127469081079,"Normal",66.8273425302374,"Average - typical case load at this point","Burkina Faso"
"BFA",9,1,NA,NA,0.389603013467943,52858.8571428571,2220.42857142857,52858.8571428571,0.917818457421131,0.0453415231929268,2026,"WHO",2026-01-01,4017,4017,4017,6,1,TRUE,"applied_mean",NA,5,"2025/2026","Observed",46511,4017,56277,644806,NA,56277,"Sub-Saharan Africa","Burkina Faso",0.389603013467943,52858.8571428571,67.7412854581822,"Normal","Average - typical case load at this point",-0.0749581619405167,"Normal",35.5193292960071,"Average - typical case load at this point","Burkina Faso"
"BFA",10,2,0.272008701918593,1601.57142857143,0.390421230004248,54460.4285714285,1601.57142857143,54460.4285714286,0.948100450152092,0.0302819927309613,2026,"WHO",2026-02-01,3367,3367,3367,5,1,TRUE,"applied_mean",NA,5,"2025/2026","Observed",49878,7384,56277,644806,NA,56277,"Sub-Saharan Africa","Burkina Faso",0.390421230004248,54460.4285714285,68.5430419864759,"Normal","Average - typical case load at this point",-0.0525750634442766,"Normal",35.5193292960071,"Average - typical case load at this point","Burkina Faso"
"BFA",11,3,NA,NA,0.392444315539985,55656.8571428572,1196.42857142857,55656.8571428571,0.977900809373588,0.0298003592214959,2026,"WHO",2026-03-01,3143,3143,3143,4,1,TRUE,"applied_mean",NA,5,"2025/2026","Observed",53021,10527,56277,644806,NA,56277,"Sub-Saharan Africa","Burkina Faso",0.392444315539985,55656.8571428572,69.305801289906,"Normal","Average - typical case load at this point",-0.0296681646369347,"Normal",35.5193292960071,"Average - typical case load at this point","Burkina Faso"
"BFA",12,4,NA,NA,0.392976499492712,56775.5714285715,1118.71428571429,56775.5714285714,1,0.0220991906264119,2026,"WHO",2026-04-01,3256,3256,3256,3,1,TRUE,"applied_mean",NA,5,"2025/2026","Observed",56277,13783,56277,644806,NA,56277,"Sub-Saharan Africa","Burkina Faso",0.392976499492712,56775.5714285715,70.1148635613318,"Normal","Average - typical case load at this point",-0.00550487751039102,"Normal",35.5193292960071,"Average - typical case load at this point","Burkina Faso"
"BFA",1,5,NA,NA,NA,NA,678.714285714286,678.714285714286,0.0153610229894856,0.0153610229894856,2026,"WHO",2026-05-01,2621,2506,2621,2,1.04600883567977,TRUE,"applied_mean",NA,5,"2026/2027","Observed",2621,16404,182115,644806,NA,122984,"Sub-Saharan Africa","Burkina Faso",NA,NA,NA,"Unknown","Cannot determine",NA,"Normal",35.5193292960071,"Average - typical case load at this point","Burkina Faso"
"BFA",2,6,NA,NA,NA,NA,590.857142857143,1269.57142857143,0.0297888162847443,0.0144277932952587,2026,"WHO",2026-06-01,2804,2804,NA,1,NA,FALSE,"insufficient_n_rf",NA,5,"2026/2027","Observed",5425,19208,182115,644806,NA,122984,"Sub-Saharan Africa","Burkina Faso",NA,NA,NA,"Unknown","Cannot determine",NA,"Normal",35.5193292960071,"Average - typical case load at this point","Burkina Faso"
"BFA",3,7,0.249800331622406,1053.85714285714,0.227557004356023,2323.42857142857,1053.85714285714,2323.42857142857,0.0561941579990565,0.0264053417143122,2026,"Estimates",2026-07-01,1486,NA,NA,NA,NA,NA,NA,NA,5,"2026/2027","Unobserved",6911,20694,182115,644806,1486.01341565635,122984,"Sub-Saharan Africa","Burkina Faso",0.227557004356023,2323.42857142857,89.8344380074434,"High","Above average - more cases than typical at this point",0.941840477589529,"Normal",35.5193292960071,"Average - typical case load at this point","Burkina Faso"
"BFA",4,8,0.247354741670151,2768,NA,NA,2768,5091.42857142857,0.111632342425399,0.0554381844263425,2026,NA,2026-08-01,NA,NA,NA,NA,NA,NA,NA,NA,5,"2026/2027","Unobserved",6911,20694,182115,644806,NA,122984,"Sub-Saharan Africa","Burkina Faso",NA,NA,NA,"Unknown","Cannot determine",NA,"Normal",35.5193292960071,"Average - typical case load at this point","Burkina Faso"
"BFA",5,9,0.218830928105031,7827.14285714285,NA,NA,7827.14285714286,12918.5714285714,0.214921774415274,0.103289431989875,2026,NA,2026-09-01,NA,NA,NA,NA,NA,NA,NA,NA,5,"2026/2027","Unobserved",6911,20694,182115,644806,NA,122984,"Sub-Saharan Africa","Burkina Faso",NA,NA,NA,"Unknown","Cannot determine",NA,"Normal",35.5193292960071,"Average - typical case load at this point","Burkina Faso"
"BFA",6,10,0.392302476015528,20323.1428571428,0.395043108387411,33241.7142857142,20323.1428571429,33241.7142857143,0.595281193480332,0.380359419065058,2026,NA,2026-10-01,NA,NA,NA,NA,NA,NA,NA,NA,5,"2026/2027","Unobserved",6911,20694,182115,644806,NA,122984,"Sub-Saharan Africa","Burkina Faso",0.395043108387411,33241.7142857142,41.0231694483966,"Normal","Average - typical case load at this point",-0.497850436854037,"Normal",35.5193292960071,"Average - typical case load at this point","Burkina Faso"
"BFA",7,11,0.34772500297599,12801.8571428571,0.386338293796629,46043.5714285715,12801.8571428571,46043.5714285714,0.788879205741524,0.193598012261192,2026,NA,2026-11-01,NA,NA,NA,NA,NA,NA,NA,NA,5,"2026/2027","Unobserved",6911,20694,182115,644806,NA,122984,"Sub-Saharan Africa","Burkina Faso",0.386338293796629,46043.5714285715,36.8833653913831,"Normal","Average - typical case load at this point",-0.528264516939928,"Normal",35.5193292960071,"Average - typical case load at this point","Burkina Faso"
"BFA",8,12,0.393436968136925,4594.85714285715,0.387568974443802,50638.4285714285,4594.85714285714,50638.4285714286,0.872476934228204,0.0835977284866798,2026,NA,2026-12-01,NA,NA,NA,NA,NA,NA,NA,NA,5,"2026/2027","Unobserved",6911,20694,182115,644806,NA,122984,"Sub-Saharan Africa","Burkina Faso",0.387568974443802,50638.4285714285,35.5193292960071,"Normal","Average - typical case load at this point",-0.5375842778756,"Normal",35.5193292960071,"Average - typical case load at this point","Burkina Faso"
"BGD",11,1,0.225692146243214,271.5,0.364658393216197,46835.25,271.5,46835.25,0.997588436176293,0.00637263591871241,2025,"SEARO",2025-01-01,1161,1161,NA,19,NA,FALSE,"no_lookup_match",NA,3,"2024/2025","Observed",1161,1161,1535,103779,NA,1535,"South Asia","Bangladesh",0.364658393216197,46835.25,20.1585519399355,"Low","Below average - fewer cases than typical at this point",-0.588897889958879,"High",85.6055243899877,"Above average - more cases than typical at this point","Bangladesh"
"BGD",12,2,0.249179908361317,91.9375,0.364736703667862,46927.1875,91.9375,46927.1875,1,0.00241156382370649,2025,"SEARO",2025-02-01,374,374,NA,18,NA,FALSE,"no_lookup_match",NA,3,"2024/2025","Observed",1535,1535,1535,103779,NA,1535,"South Asia","Bangladesh",0.364736703667862,46927.1875,22.2793527354739,"Low","Below average - fewer cases than typical at this point",-0.584177240303317,"High",85.6055243899877,"Above average - more cases than typical at this point","Bangladesh"
"BGD",1,3,0.26516583322372,57.5625,0.26516583322372,57.5625,57.5625,57.5625,0.00326666288879608,0.00326666288879608,2025,"SEARO",2025-03-01,336,336,NA,17,NA,FALSE,"no_lookup_match",NA,3,"2025/2026","Observed",336,1871,102822,103779,NA,102822,"South Asia","Bangladesh",0.26516583322372,57.5625,96.6231000088383,"Extremely High","Rare bad event - unusually high cases to date",2.48512851566037,"High",85.6055243899877,"Above average - more cases than typical at this point","Bangladesh"
"BGD",2,4,0.205421236808404,99.7499999999999,0.228963702970501,157.3125,99.75,157.3125,0.00785733171999653,0.00459066883120044,2025,"SEARO",2025-04-01,701,701,NA,16,NA,FALSE,"no_lookup_match",NA,3,"2025/2026","Observed",1037,2572,102822,103779,NA,102822,"South Asia","Bangladesh",0.228963702970501,157.3125,97.0414697762842,"Extremely High","Rare bad event - unusually high cases to date",2.67382319528805,"High",85.6055243899877,"Above average - more cases than typical at this point","Bangladesh"
"BGD",3,5,0.252914234053666,240.875,0.246357361433635,398.187499999999,240.875,398.1875,0.0162650848467494,0.00840775312675292,2025,"SEARO",2025-05-01,1773,1773,NA,15,NA,FALSE,"no_lookup_match",NA,3,"2025/2026","Observed",2810,4345,102822,103779,NA,102822,"South Asia","Bangladesh",0.246357361433635,398.187499999999,97.6159635490744,"Extremely High","Rare bad event - unusually high cases to date",3.00541454925957,"High",85.6055243899877,"Above average - more cases than typical at this point","Bangladesh"
"BGD",4,6,0.307212809154055,1107.8125,0.319284997947323,1506,1107.8125,1506,0.0437224062683749,0.0274573214216255,2025,"SEARO",2025-06-01,5951,5951,NA,14,NA,FALSE,"no_lookup_match",NA,3,"2025/2026","Observed",8761,10296,102822,103779,NA,102822,"South Asia","Bangladesh",0.319284997947323,1506,97.1287423840773,"Extremely High","Rare bad event - unusually high cases to date",2.72179661260073,"High",85.6055243899877,"Above average - more cases than typical at this point","Bangladesh"
"BGD",5,7,0.348366596192268,4820.5,0.366274020547509,6326.5,4820.5,6326.5,0.156794080422711,0.113071674154336,2025,"SEARO",2025-07-01,10684,10684,NA,13,NA,FALSE,"no_lookup_match",NA,3,"2025/2026","Observed",19445,20980,102822,103779,NA,102822,"South Asia","Bangladesh",0.366274020547509,6326.5,90.9952665865253,"High","Above average - more cases than typical at this point",1.25490587836793,"High",85.6055243899877,"Above average - more cases than typical at this point","Bangladesh"
"BGD",6,8,0.330255835206668,10632.75,0.350854771605931,16959.25,10632.75,16959.25,0.385725236923641,0.22893115650093,2025,"SEARO",2025-08-01,10496,10496,NA,12,NA,FALSE,"no_lookup_match",NA,3,"2025/2026","Observed",29941,31476,102822,103779,NA,102822,"South Asia","Bangladesh",0.350854771605931,16959.25,81.9689013523941,"High","Above average - more cases than typical at this point",0.453404473105217,"High",85.6055243899877,"Above average - more cases than typical at this point","Bangladesh"
"BGD",7,9,0.361901157424527,9672.31250000001,0.363125970822794,26631.5625,9672.3125,26631.5625,0.610987258574946,0.225262021651305,2025,"SEARO",2025-09-01,15866,15866,NA,11,NA,FALSE,"no_lookup_match",NA,3,"2025/2026","Observed",45807,47342,102822,103779,NA,102822,"South Asia","Bangladesh",0.363125970822794,26631.5625,81.4273973103641,"High","Above average - more cases than typical at this point",0.433884692424275,"High",85.6055243899877,"Above average - more cases than typical at this point","Bangladesh"
"BGD",8,10,0.34048329341038,9591.68749999999,0.36567787928508,36223.25,9591.6875,36223.25,0.799942616459103,0.188955357884157,2025,"SEARO",2025-10-01,22520,22520,NA,10,NA,FALSE,"no_lookup_match",NA,3,"2025/2026","Observed",68327,69862,102822,103779,NA,102822,"South Asia","Bangladesh",0.36567787928508,36223.25,83.0976066999434,"High","Above average - more cases than typical at this point",0.535939176073606,"High",85.6055243899877,"Above average - more cases than typical at this point","Bangladesh"
"BGD",9,11,0.260697521834677,8118.06250000002,0.364151168402771,44341.3125,8118.0625,44341.3125,0.943601670137094,0.143659053677991,2025,"SEARO",2025-11-01,24540,24540,NA,9,NA,FALSE,"no_lookup_match",NA,3,"2025/2026","Observed",92867,94402,102822,103779,NA,102822,"South Asia","Bangladesh",0.364151168402771,44341.3125,84.947425188082,"High","Above average - more cases than typical at this point",0.660392638692638,"High",85.6055243899877,"Above average - more cases than typical at this point","Bangladesh"
"BGD",10,12,0.239024885479222,2222.4375,0.364550534533789,46563.75,2222.4375,46563.75,0.991215800257581,0.047614130120487,2025,"SEARO",2025-12-01,8465,8465,NA,8,NA,FALSE,"no_lookup_match",NA,3,"2025/2026","Observed",101332,102867,102822,103779,NA,102822,"South Asia","Bangladesh",0.364550534533789,46563.75,85.6055243899877,"High","Above average - more cases than typical at this point",0.710163071130582,"High",85.6055243899877,"Above average - more cases than typical at this point","Bangladesh"
"BGD",11,1,0.225692146243214,271.5,0.364658393216197,46835.25,271.5,46835.25,0.997588436176293,0.00637263591871241,2026,"SEARO",2026-01-01,1081,1081,NA,7,NA,FALSE,"no_lookup_match",NA,3,"2025/2026","Observed",102413,1081,102822,139608,NA,102822,"South Asia","Bangladesh",0.364658393216197,46835.25,85.6872741030906,"High","Above average - more cases than typical at this point",0.716588005356675,"Normal",51.2543248078805,"Average - typical case load at this point","Bangladesh"
"BGD",12,2,0.249179908361317,91.9375,0.364736703667862,46927.1875,91.9375,46927.1875,1,0.00241156382370649,2026,"SEARO",2026-02-01,409,409,NA,6,NA,FALSE,"no_lookup_match",NA,3,"2025/2026","Observed",102822,1490,102822,139608,NA,102822,"South Asia","Bangladesh",0.364736703667862,46927.1875,85.7217674329969,"High","Above average - more cases than typical at this point",0.719341347308309,"Normal",51.2543248078805,"Average - typical case load at this point","Bangladesh"
"BGD",1,3,0.26516583322372,57.5625,0.26516583322372,57.5625,57.5625,57.5625,0.00326666288879608,0.00326666288879608,2026,"SEARO",2026-03-01,353,353,NA,5,NA,FALSE,"no_lookup_match",NA,3,"2026/2027","Observed",353,1843,105529,139608,NA,103575,"South Asia","Bangladesh",0.26516583322372,57.5625,96.9577618592949,"Extremely High","Rare bad event - unusually high cases to date",2.63685802323828,"Normal",51.2543248078805,"Average - typical case load at this point","Bangladesh"
"BGD",2,4,0.205421236808404,99.7499999999999,0.228963702970501,157.3125,99.75,157.3125,0.00785733171999653,0.00459066883120044,2026,"SEARO",2026-04-01,640,640,NA,4,NA,FALSE,"no_lookup_match",NA,3,"2026/2027","Observed",993,2483,105529,139608,NA,103575,"South Asia","Bangladesh",0.228963702970501,157.3125,96.7695396476572,"Extremely High","Rare bad event - unusually high cases to date",2.54008454310455,"Normal",51.2543248078805,"Average - typical case load at this point","Bangladesh"
"BGD",3,5,0.252914234053666,240.875,0.246357361433635,398.187499999999,240.875,398.1875,0.0162650848467494,0.00840775312675292,2026,"SEARO",2026-05-01,714,714,NA,3,NA,FALSE,"no_lookup_match",NA,3,"2026/2027","Observed",1707,3197,105529,139608,NA,103575,"South Asia","Bangladesh",0.246357361433635,398.187499999999,93.8587520369925,"High","Above average - more cases than typical at this point",1.6309410991745,"Normal",51.2543248078805,"Average - typical case load at this point","Bangladesh"
"BGD",4,6,0.307212809154055,1107.8125,0.319284997947323,1506,1107.8125,1506,0.0437224062683749,0.0274573214216255,2026,"SEARO",2026-06-01,2907,2907,NA,2,NA,FALSE,"no_lookup_match",NA,3,"2026/2027","Observed",4614,6104,105529,139608,NA,103575,"South Asia","Bangladesh",0.319284997947323,1506,90.6220142948322,"High","Above average - more cases than typical at this point",1.16600191205556,"Normal",51.2543248078805,"Average - typical case load at this point","Bangladesh"
"BGD",5,7,0.348366596192268,4820.5,0.366274020547509,6326.5,4820.5,6326.5,0.156794080422711,0.113071674154336,2026,"Estimates",2026-07-01,11626,0,NA,1,NA,FALSE,"no_lookup_match",NA,3,"2026/2027","Unobserved",16240,17730,105529,139608,11626.2556798972,103575,"South Asia","Bangladesh",0.366274020547509,6326.5,88.3192691452856,"High","Above average - more cases than typical at this point",0.948317980348403,"Normal",51.2543248078805,"Average - typical case load at this point","Bangladesh"
"BGD",6,8,0.330255835206668,10632.75,0.350854771605931,16959.25,10632.75,16959.25,0.385725236923641,0.22893115650093,2026,"SEARO",2026-08-01,NA,0,NA,0,NA,FALSE,"no_lookup_match",NA,3,"2026/2027","Unobserved",16240,17730,105529,139608,NA,103575,"South Asia","Bangladesh",0.350854771605931,16959.25,70.459484265755,"Normal","Average - typical case load at this point",-0.0251207400605401,"Normal",51.2543248078805,"Average - typical case load at this point","Bangladesh"
"BGD",7,9,0.361901157424527,9672.31250000001,0.363125970822794,26631.5625,9672.3125,26631.5625,0.610987258574946,0.225262021651305,2026,"SEARO",2026-09-01,NA,0,NA,-1,NA,FALSE,"no_lookup_match",NA,3,"2026/2027","Unobserved",16240,17730,105529,139608,NA,103575,"South Asia","Bangladesh",0.363125970822794,26631.5625,61.3972006094703,"Normal","Average - typical case load at this point",-0.235131005439647,"Normal",51.2543248078805,"Average - typical case load at this point","Bangladesh"
"BGD",8,10,0.34048329341038,9591.68749999999,0.36567787928508,36223.25,9591.6875,36223.25,0.799942616459103,0.188955357884157,2026,"SEARO",2026-10-01,NA,0,NA,-2,NA,FALSE,"no_lookup_match",NA,3,"2026/2027","Unobserved",16240,17730,105529,139608,NA,103575,"South Asia","Bangladesh",0.36567787928508,36223.25,55.5924736382603,"Normal","Average - typical case load at this point",-0.33359986108392,"Normal",51.2543248078805,"Average - typical case load at this point","Bangladesh"
"BGD",9,11,0.260697521834677,8118.06250000002,0.364151168402771,44341.3125,8118.0625,44341.3125,0.943601670137094,0.143659053677991,2026,"SEARO",2026-11-01,NA,0,NA,-3,NA,FALSE,"no_lookup_match",NA,3,"2026/2027","Unobserved",16240,17730,105529,139608,NA,103575,"South Asia","Bangladesh",0.364151168402771,44341.3125,52.1135451394618,"Normal","Average - typical case load at this point",-0.382434559275465,"Normal",51.2543248078805,"Average - typical case load at this point","Bangladesh"
"BGD",10,12,0.239024885479222,2222.4375,0.364550534533789,46563.75,2222.4375,46563.75,0.991215800257581,0.047614130120487,2026,"SEARO",2026-12-01,NA,0,NA,-4,NA,FALSE,"no_lookup_match",NA,3,"2026/2027","Unobserved",16240,17730,105529,139608,NA,103575,"South Asia","Bangladesh",0.364550534533789,46563.75,51.2543248078805,"Normal","Average - typical case load at this point",-0.39319874979018,"Normal",51.2543248078805,"Average - typical case load at this point","Bangladesh"
"BHS",10,1,NA,NA,0.459939139967849,1659.5,130.75,1659.5,0.871115173674589,0.121287020109689,2025,"Estimates",2025-01-01,0,NA,NA,NA,NA,NA,NA,"current_month_missing",4,"2024/2025","Unobserved",0,0,NA,NA,0,0,"Caribbean","Bahamas",0.459939139967849,1659.5,2.31107358497722,"Extremely Low","Rare good event - unusually low cases to date",-0.678094168047668,"Low",8.22250545360599,"Below average - fewer cases than typical at this point","Bahamas"
"BHS",11,2,NA,NA,0.481899357827903,1743.5,84,1743.5,0.947897623400366,0.076782449725777,2025,"Estimates",2025-02-01,0,NA,NA,NA,NA,NA,NA,"current_month_missing",4,"2024/2025","Unobserved",0,0,NA,NA,0,0,"Caribbean","Bahamas",0.481899357827903,1743.5,1.92805701454987,"Extremely Low","Rare good event - unusually low cases to date",-0.694093796808113,"Low",8.22250545360599,"Below average - fewer cases than typical at this point","Bahamas"
"BHS",12,3,NA,NA,0.490328826683164,1800.5,57,1800.5,1,0.0521023765996344,2025,"Estimates",2025-03-01,0,NA,NA,NA,NA,NA,NA,"current_month_missing",4,"2024/2025","Unobserved",0,0,NA,NA,0,0,"Caribbean","Bahamas",0.490328826683164,1800.5,1.78634766809872,"Extremely Low","Rare good event - unusually low cases to date",-0.700139509064245,"Low",8.22250545360599,"Below average - fewer cases than typical at this point","Bahamas"
"BHS",1,4,0.201236313948293,88.4999999999999,0.201236313948293,88.4999999999999,88.5,88.5,0.0370081063553826,0.0370081063553826,2025,"Estimates",2025-04-01,0,NA,NA,NA,NA,NA,NA,"current_month_missing",4,"2025/2026","Unobserved",0,0,0,NA,0,0,"Caribbean","Bahamas",0.201236313948293,88.4999999999999,29.3688029901749,"Normal","Average - typical case load at this point",-0.448084556231516,"Low",8.22250545360599,"Below average - fewer cases than typical at this point","Bahamas"
"BHS",2,5,0.226810041528621,53.75,0.200320883193523,142.25,53.75,142.25,0.0661796368352789,0.0291715304798962,2025,"Estimates",2025-05-01,0,NA,NA,NA,NA,NA,NA,"current_month_missing",4,"2025/2026","Unobserved",0,0,0,NA,0,0,"Caribbean","Bahamas",0.200320883193523,142.25,26.8347417531857,"Normal","Average - typical case load at this point",-0.447257399920397,"Low",8.22250545360599,"Below average - fewer cases than typical at this point","Bahamas"
"BHS",3,6,0.211170872091499,77.7499999999999,0.194019890353102,220,77.75,220,0.103326805954999,0.0371471691197203,2025,"Estimates",2025-06-01,0,NA,NA,NA,NA,NA,NA,"current_month_missing",4,"2025/2026","Unobserved",0,0,0,NA,0,0,"Caribbean","Bahamas",0.194019890353102,220,25.54330789471,"Normal","Average - typical case load at this point",-0.440282787891104,"Low",8.22250545360599,"Below average - fewer cases than typical at this point","Bahamas"
"BHS",4,7,0.30007574114381,98,0.271156311153894,318,98,318,0.149473650683046,0.0461468447280473,2025,"Estimates",2025-07-01,0,NA,NA,NA,NA,NA,NA,"current_month_missing",4,"2025/2026","Unobserved",0,0,0,NA,0,0,"Caribbean","Bahamas",0.271156311153894,318,14.7117613302782,"Low","Below average - fewer cases than typical at this point",-0.520504846379722,"Low",8.22250545360599,"Below average - fewer cases than typical at this point","Bahamas"
"BHS",5,8,0.288926975462135,294.25,0.28365192642453,612.249999999999,294.25,612.25,0.281897135811992,0.132423485128946,2025,"Estimates",2025-08-01,0,NA,NA,NA,NA,NA,NA,"current_month_missing",4,"2025/2026","Unobserved",0,0,0,NA,0,0,"Caribbean","Bahamas",0.28365192642453,612.249999999999,11.3293981572243,"Low","Below average - fewer cases than typical at this point",-0.53246649938113,"Low",8.22250545360599,"Below average - fewer cases than typical at this point","Bahamas"
"BHS",6,9,0.297188448441485,463.75,0.29074293729754,1076,463.75,1076,0.512720186584791,0.230823050772799,2025,"Estimates",2025-09-01,0,NA,NA,NA,NA,NA,NA,"current_month_missing",4,"2025/2026","Unobserved",0,0,0,NA,0,0,"Caribbean","Bahamas",0.29074293729754,1076,9.17290640612432,"Low","Below average - fewer cases than typical at this point",-0.539133005562799,"Low",8.22250545360599,"Below average - fewer cases than typical at this point","Bahamas"
"BHS",7,10,0.289713480986426,213,0.291677349523262,1289,213,1289,0.625338769503406,0.112618582918615,2025,"Estimates",2025-10-01,0,NA,NA,NA,NA,NA,NA,"current_month_missing",4,"2025/2026","Unobserved",0,0,0,NA,0,0,"Caribbean","Bahamas",0.291677349523262,1289,8.64381077856254,"Low","Below average - fewer cases than typical at this point",-0.540010521336737,"Low",8.22250545360599,"Below average - fewer cases than typical at this point","Bahamas"
"BHS",8,11,0.30487299473112,135.25,0.29366115641963,1424.25,135.25,1424.25,0.699337961080078,0.0739991915766722,2025,"Estimates",2025-11-01,0,NA,NA,NA,NA,NA,NA,"current_month_missing",4,"2025/2026","Unobserved",0,0,0,NA,0,0,"Caribbean","Bahamas",0.29366115641963,1424.25,8.2720874533004,"Low","Below average - fewer cases than typical at this point",-0.541849259414869,"Low",8.22250545360599,"Below average - fewer cases than typical at this point","Bahamas"
"BHS",9,12,0.207471431755428,104.5,0.291706899810868,1528.75,104.5,1528.75,0.749828153564899,0.0504901924848211,2025,"Estimates",2025-12-01,0,NA,NA,NA,NA,NA,NA,"current_month_missing",4,"2025/2026","Unobserved",0,0,0,NA,0,0,"Caribbean","Bahamas",0.291706899810868,1528.75,8.22250545360599,"Low","Below average - fewer cases than typical at this point",-0.54004745038748,"Low",8.22250545360599,"Below average - fewer cases than typical at this point","Bahamas"
"BHS",10,1,NA,NA,0.459939139967849,1659.5,130.75,1659.5,0.871115173674589,0.121287020109689,2026,"WHO",2026-01-01,0,0,NA,6,NA,FALSE,"no_lookup_match",NA,4,"2025/2026","Observed",0,0,0,15,NA,0,"Caribbean","Bahamas",0.459939139967849,1659.5,2.31107358497722,"Extremely Low","Rare good event - unusually low cases to date",-0.678094168047668,"Low",10.6206094363462,"Below average - fewer cases than typical at this point","Bahamas"
"BHS",11,2,NA,NA,0.481899357827903,1743.5,84,1743.5,0.947897623400366,0.076782449725777,2026,"WHO",2026-02-01,0,0,NA,5,NA,FALSE,"no_lookup_match",NA,4,"2025/2026","Observed",0,0,0,15,NA,0,"Caribbean","Bahamas",0.481899357827903,1743.5,1.92805701454987,"Extremely Low","Rare good event - unusually low cases to date",-0.694093796808113,"Low",10.6206094363462,"Below average - fewer cases than typical at this point","Bahamas"
"BHS",12,3,NA,NA,0.490328826683164,1800.5,57,1800.5,1,0.0521023765996344,2026,"WHO",2026-03-01,0,0,NA,4,NA,FALSE,"no_lookup_match",NA,4,"2025/2026","Observed",0,0,0,15,NA,0,"Caribbean","Bahamas",0.490328826683164,1800.5,1.78634766809872,"Extremely Low","Rare good event - unusually low cases to date",-0.700139509064245,"Low",10.6206094363462,"Below average - fewer cases than typical at this point","Bahamas"
"BHS",1,4,0.201236313948293,88.4999999999999,0.201236313948293,88.4999999999999,88.5,88.5,0.0370081063553826,0.0370081063553826,2026,"PAHO",2026-04-01,1,1,NA,14,NA,FALSE,"no_lookup_match","current_month_missing",4,"2026/2027","Observed",1,1,15,15,NA,7,"Caribbean","Bahamas",0.201236313948293,88.4999999999999,35.265464486008,"Normal","Average - typical case load at this point",-0.443021453901216,"Low",10.6206094363462,"Below average - fewer cases than typical at this point","Bahamas"
"BHS",2,5,0.226810041528621,53.75,0.200320883193523,142.25,53.75,142.25,0.0661796368352789,0.0291715304798962,2026,"WHO",2026-05-01,0,0,NA,2,NA,FALSE,"no_lookup_match",NA,4,"2026/2027","Observed",1,1,15,15,NA,7,"Caribbean","Bahamas",0.200320883193523,142.25,32.2027415368659,"Normal","Average - typical case load at this point",-0.444113235421835,"Low",10.6206094363462,"Below average - fewer cases than typical at this point","Bahamas"
"BHS",3,6,0.211170872091499,77.7499999999999,0.194019890353102,220,77.75,220,0.103326805954999,0.0371471691197203,2026,"Estimates",2026-06-01,0,NA,NA,1,NA,FALSE,"no_lookup_match",NA,4,"2026/2027","Unobserved",1,1,15,15,0,7,"Caribbean","Bahamas",0.194019890353102,220,30.4948508833892,"Normal","Average - typical case load at this point",-0.438281502491599,"Low",10.6206094363462,"Below average - fewer cases than typical at this point","Bahamas"
"BHS",4,7,0.30007574114381,98,0.271156311153894,318,98,318,0.149473650683046,0.0461468447280473,2026,"Estimates",2026-07-01,0,NA,NA,NA,NA,NA,NA,NA,4,"2026/2027","Unobserved",1,1,15,15,0,7,"Caribbean","Bahamas",0.271156311153894,318,18.6975496101949,"Low","Below average - fewer cases than typical at this point",-0.518868038686704,"Low",10.6206094363462,"Below average - fewer cases than typical at this point","Bahamas"
"BHS",5,8,0.288926975462135,294.25,0.28365192642453,612.249999999999,294.25,612.25,0.281897135811992,0.132423485128946,2026,NA,2026-08-01,NA,NA,NA,NA,NA,NA,NA,NA,4,"2026/2027","Unobserved",1,1,15,15,NA,7,"Caribbean","Bahamas",0.28365192642453,612.249999999999,14.5415156140887,"Low","Below average - fewer cases than typical at this point",-0.531596811346208,"Low",10.6206094363462,"Below average - fewer cases than typical at this point","Bahamas"
"BHS",6,9,0.297188448441485,463.75,0.29074293729754,1076,463.75,1076,0.512720186584791,0.230823050772799,2026,NA,2026-09-01,NA,NA,NA,NA,NA,NA,NA,NA,4,"2026/2027","Unobserved",1,1,15,15,NA,7,"Caribbean","Bahamas",0.29074293729754,1076,11.8391437217013,"Low","Below average - fewer cases than typical at this point",-0.538631952583651,"Low",10.6206094363462,"Below average - fewer cases than typical at this point","Bahamas"
"BHS",7,10,0.289713480986426,213,0.291677349523262,1289,213,1289,0.625338769503406,0.112618582918615,2026,NA,2026-10-01,NA,NA,NA,NA,NA,NA,NA,NA,4,"2026/2027","Unobserved",1,1,15,15,NA,7,"Caribbean","Bahamas",0.291677349523262,1289,11.1644442225476,"Low","Below average - fewer cases than typical at this point",-0.539591583771697,"Low",10.6206094363462,"Below average - fewer cases than typical at this point","Bahamas"
"BHS",8,11,0.30487299473112,135.25,0.29366115641963,1424.25,135.25,1424.25,0.699337961080078,0.0739991915766722,2026,NA,2026-11-01,NA,NA,NA,NA,NA,NA,NA,NA,4,"2026/2027","Unobserved",1,1,15,15,NA,7,"Caribbean","Bahamas",0.29366115641963,1424.25,10.7007774576917,"Low","Below average - fewer cases than typical at this point",-0.541468814086159,"Low",10.6206094363462,"Below average - fewer cases than typical at this point","Bahamas"
"BHS",9,12,0.207471431755428,104.5,0.291706899810868,1528.75,104.5,1528.75,0.749828153564899,0.0504901924848211,2026,NA,2026-12-01,NA,NA,NA,NA,NA,NA,NA,NA,4,"2026/2027","Unobserved",1,1,15,15,NA,7,"Caribbean","Bahamas",0.291706899810868,1528.75,10.6206094363462,"Low","Below average - fewer cases than typical at this point",-0.539694189585918,"Low",10.6206094363462,"Below average - fewer cases than typical at this point","Bahamas"
"BLM",10,1,0.732078615007286,35.5,0.854773906519248,388.5,35.5,388.5,0.82112105408456,0.147124355723883,2025,"PAHO",2025-01-01,17,17,NA,79,NA,FALSE,"no_lookup_match","current_month_missing",4,"2024/2025","Observed",17,17,20,30,NA,20,"Caribbean","Saint Barthelemy",0.854773906519248,388.5,6.53498221243127,"Low","Below average - fewer cases than typical at this point",-0.883112806155114,"Low",7.82117134252114,"Below average - fewer cases than typical at this point","Saint Barthelemy"
"BLM",11,2,0.957664270100856,20,0.955606303744579,408.5,20,408.5,0.90825474266076,0.0871336885762007,2025,"PAHO",2025-02-01,1,1,NA,75,NA,FALSE,"no_lookup_match","current_month_missing",4,"2024/2025","Observed",18,18,20,30,NA,20,"Caribbean","Saint Barthelemy",0.955606303744579,408.5,5.07458297189643,"Low","Below average - fewer cases than typical at this point",-0.933385607257272,"Low",7.82117134252114,"Below average - fewer cases than typical at this point","Saint Barthelemy"
"BLM",12,3,0.663373240922112,18.7,1.05818600212906,427.2,18.7,427.2,1,0.0917452573392396,2025,"PAHO",2025-03-01,2,2,NA,70,NA,FALSE,"no_lookup_match","current_month_missing",4,"2024/2025","Observed",20,20,20,30,NA,20,"Caribbean","Saint Barthelemy",1.05818600212906,427.2,4.15709314324583,"Extremely Low","Rare good event - unusually low cases to date",-0.979310287946783,"Low",7.82117134252114,"Below average - fewer cases than typical at this point","Saint Barthelemy"
"BLM",1,4,0.575442749690389,18.5,0.575442749690389,18.5,18.5,18.5,0.0404736480338015,0.0404736480338015,2025,"WHO",2025-04-01,0,0,NA,15,NA,FALSE,"no_lookup_match",NA,4,"2025/2026","Observed",0,20,0,30,NA,6,"Caribbean","Saint Barthelemy",0.575442749690389,18.5,13.3369069525573,"Low","Below average - fewer cases than typical at this point",-0.747049900096837,"Low",7.82117134252114,"Below average - fewer cases than typical at this point","Saint Barthelemy"
"BLM",2,5,0.509634790599053,31.9,0.508963399304863,50.4,31.9,50.4,0.108955072013831,0.0684814239800297,2025,"WHO",2025-05-01,0,0,NA,14,NA,FALSE,"no_lookup_match",NA,4,"2025/2026","Observed",0,20,0,30,NA,6,"Caribbean","Saint Barthelemy",0.508963399304863,50.4,9.59441247060387,"Low","Below average - fewer cases than typical at this point",-0.709841550872927,"Low",7.82117134252114,"Below average - fewer cases than typical at this point","Saint Barthelemy"
"BLM",3,6,0.537719728805657,29.3,0.494919136558599,79.6999999999999,29.3,79.7,0.170667805504602,0.061712733490771,2025,"WHO",2025-06-01,0,0,NA,13,NA,FALSE,"no_lookup_match",NA,4,"2025/2026","Observed",0,20,0,30,NA,6,"Caribbean","Saint Barthelemy",0.494919136558599,79.6999999999999,8.0615849782475,"Low","Below average - fewer cases than typical at this point",-0.70133071129203,"Low",7.82117134252114,"Below average - fewer cases than typical at this point","Saint Barthelemy"
"BLM",4,7,0.418040223847244,26.1,0.463349829920402,105.8,26.1,105.8,0.215376397385686,0.044708591881084,2025,"Estimates",2025-07-01,1,NA,NA,NA,NA,NA,NA,"current_month_missing",4,"2025/2026","Unobserved",1,21,0,30,0.89417183762168,6,"Caribbean","Saint Barthelemy",0.463349829920402,105.8,11.7766747032294,"Low","Below average - fewer cases than typical at this point",-0.672792593055063,"Low",7.82117134252114,"Below average - fewer cases than typical at this point","Saint Barthelemy"
"BLM",5,8,0.284211937874277,44.1,0.41878894340633,149.9,44.1,149.9,0.270461110018088,0.0550847126324021,2025,"Estimates",2025-08-01,1,NA,NA,NA,NA,NA,NA,"current_month_missing",4,"2025/2026","Unobserved",2,22,0,30,1.10169425264804,6,"Caribbean","Saint Barthelemy",0.41878894340633,149.9,14.580021632251,"Low","Below average - fewer cases than typical at this point",-0.637614708900336,"Low",7.82117134252114,"Below average - fewer cases than typical at this point","Saint Barthelemy"
"BLM",6,9,0.40841611671691,39.6,0.409197877036543,189.5,39.6,189.5,0.332405643007253,0.0619445329891643,2025,"WHO",2025-09-01,0,0,0,10,1,TRUE,"applied_mean",NA,4,"2025/2026","Observed",2,22,0,30,NA,6,"Caribbean","Saint Barthelemy",0.409197877036543,189.5,13.7435453089376,"Low","Below average - fewer cases than typical at this point",-0.632252202808671,"Low",7.82117134252114,"Below average - fewer cases than typical at this point","Saint Barthelemy"
"BLM",7,10,0.36895719984558,38,0.412265141367936,227.5,38,227.5,0.397166112182603,0.0647604691753507,2025,"Estimates",2025-10-01,1,NA,NA,NA,NA,NA,NA,"current_month_missing",4,"2025/2026","Unobserved",3,23,0,30,1.29520938350701,6,"Caribbean","Saint Barthelemy",0.412265141367936,227.5,14.3176026354463,"Low","Below average - fewer cases than typical at this point",-0.633038470842379,"Low",7.82117134252114,"Below average - fewer cases than typical at this point","Saint Barthelemy"
"BLM",8,11,0.443954963750316,77.1,0.41558955590665,304.599999999999,77.1,304.6,0.542898000215774,0.14573188803317,2025,"Estimates",2025-11-01,3,NA,NA,NA,NA,NA,NA,"current_month_missing",4,"2025/2026","Unobserved",6,26,0,30,2.91463776066341,6,"Caribbean","Saint Barthelemy",0.41558955590665,304.599999999999,15.9950607204019,"Low","Below average - fewer cases than typical at this point",-0.631533143664148,"Low",7.82117134252114,"Below average - fewer cases than typical at this point","Saint Barthelemy"
"BLM",9,12,0.938567258005794,48.4,0.594440674123532,353,48.4,353,0.673996698360677,0.131098698144903,2025,"WHO",2025-12-01,0,0,0,7,1,TRUE,"applied_mean",NA,4,"2025/2026","Observed",6,26,0,30,NA,6,"Caribbean","Saint Barthelemy",0.594440674123532,353,7.82117134252114,"Low","Below average - fewer cases than typical at this point",-0.757257645802992,"Low",7.82117134252114,"Below average - fewer cases than typical at this point","Saint Barthelemy"
"BLM",10,1,0.732078615007286,35.5,0.854773906519248,388.5,35.5,388.5,0.82112105408456,0.147124355723883,2026,"WHO",2026-01-01,0,0,0,6,1,TRUE,"applied_mean",NA,4,"2025/2026","Observed",6,0,0,0,NA,6,"Caribbean","Saint Barthelemy",0.854773906519248,388.5,2.93193900493841,"Extremely Low","Rare good event - unusually low cases to date",-0.909261502972628,"Extremely Low",2.24277460734631,"Rare good event - unusually low cases to date","Saint Barthelemy"
"BLM",11,2,0.957664270100856,20,0.955606303744579,408.5,20,408.5,0.90825474266076,0.0871336885762007,2026,"WHO",2026-02-01,0,0,0,5,1,TRUE,"applied_mean",NA,4,"2025/2026","Observed",6,0,0,0,NA,6,"Caribbean","Saint Barthelemy",0.955606303744579,408.5,1.97746653659405,"Extremely Low","Rare good event - unusually low cases to date",-0.962068391603207,"Extremely Low",2.24277460734631,"Rare good event - unusually low cases to date","Saint Barthelemy"
"BLM",12,3,0.663373240922112,18.7,1.05818600212906,427.2,18.7,427.2,1,0.0917452573392396,2026,"WHO",2026-03-01,0,0,0,4,1,TRUE,"applied_mean",NA,4,"2025/2026","Observed",6,0,0,0,NA,6,"Caribbean","Saint Barthelemy",1.05818600212906,427.2,1.32686389433038,"Extremely Low","Rare good event - unusually low cases to date",-1.01298009155988,"Extremely Low",2.24277460734631,"Rare good event - unusually low cases to date","Saint Barthelemy"
"BLM",1,4,0.575442749690389,18.5,0.575442749690389,18.5,18.5,18.5,0.0404736480338015,0.0404736480338015,2026,"WHO",2026-04-01,0,0,0,3,1,TRUE,"applied_mean",NA,4,"2026/2027","Observed",0,0,0,0,NA,0,"Caribbean","Saint Barthelemy",0.575442749690389,18.5,13.3369069525573,"Low","Below average - fewer cases than typical at this point",-0.747049900096837,"Extremely Low",2.24277460734631,"Rare good event - unusually low cases to date","Saint Barthelemy"
"BLM",2,5,0.509634790599053,31.9,0.508963399304863,50.4,31.9,50.4,0.108955072013831,0.0684814239800297,2026,"WHO",2026-05-01,0,0,0,2,1.54,TRUE,"applied_mean",NA,4,"2026/2027","Observed",0,0,0,0,NA,0,"Caribbean","Saint Barthelemy",0.508963399304863,50.4,9.59441247060387,"Low","Below average - fewer cases than typical at this point",-0.709841550872927,"Extremely Low",2.24277460734631,"Rare good event - unusually low cases to date","Saint Barthelemy"
"BLM",3,6,0.537719728805657,29.3,0.494919136558599,79.6999999999999,29.3,79.7,0.170667805504602,0.061712733490771,2026,"Estimates",2026-06-01,0,NA,NA,1,NA,FALSE,"no_lookup_match",NA,4,"2026/2027","Unobserved",0,0,0,0,0,0,"Caribbean","Saint Barthelemy",0.494919136558599,79.6999999999999,8.0615849782475,"Low","Below average - fewer cases than typical at this point",-0.70133071129203,"Extremely Low",2.24277460734631,"Rare good event - unusually low cases to date","Saint Barthelemy"
"BLM",4,7,0.418040223847244,26.1,0.463349829920402,105.8,26.1,105.8,0.215376397385686,0.044708591881084,2026,"Estimates",2026-07-01,0,NA,NA,NA,NA,NA,NA,NA,4,"2026/2027","Unobserved",0,0,0,0,0,0,"Caribbean","Saint Barthelemy",0.463349829920402,105.8,8.05887731772947,"Low","Below average - fewer cases than typical at this point",-0.679212369706352,"Extremely Low",2.24277460734631,"Rare good event - unusually low cases to date","Saint Barthelemy"
"BLM",5,8,0.284211937874277,44.1,0.41878894340633,149.9,44.1,149.9,0.270461110018088,0.0550847126324021,2026,NA,2026-08-01,NA,NA,NA,NA,NA,NA,NA,NA,4,"2026/2027","Unobserved",0,0,0,0,NA,0,"Caribbean","Saint Barthelemy",0.41878894340633,149.9,8.51111945312733,"Low","Below average - fewer cases than typical at this point",-0.64623694972387,"Extremely Low",2.24277460734631,"Rare good event - unusually low cases to date","Saint Barthelemy"
"BLM",6,9,0.40841611671691,39.6,0.409197877036543,189.5,39.6,189.5,0.332405643007253,0.0619445329891643,2026,NA,2026-09-01,NA,NA,NA,NA,NA,NA,NA,NA,4,"2026/2027","Unobserved",0,0,0,0,NA,0,"Caribbean","Saint Barthelemy",0.409197877036543,189.5,8.10639522679193,"Low","Below average - fewer cases than typical at this point",-0.638996226305297,"Extremely Low",2.24277460734631,"Rare good event - unusually low cases to date","Saint Barthelemy"
"BLM",7,10,0.36895719984558,38,0.412265141367936,227.5,38,227.5,0.397166112182603,0.0647604691753507,2026,NA,2026-10-01,NA,NA,NA,NA,NA,NA,NA,NA,4,"2026/2027","Unobserved",0,0,0,0,NA,0,"Caribbean","Saint Barthelemy",0.412265141367936,227.5,7.40159469307379,"Low","Below average - fewer cases than typical at this point",-0.641497782256754,"Extremely Low",2.24277460734631,"Rare good event - unusually low cases to date","Saint Barthelemy"
"BLM",8,11,0.443954963750316,77.1,0.41558955590665,304.599999999999,77.1,304.6,0.542898000215774,0.14573188803317,2026,NA,2026-11-01,NA,NA,NA,NA,NA,NA,NA,NA,4,"2026/2027","Unobserved",0,0,0,0,NA,0,"Caribbean","Saint Barthelemy",0.41558955590665,304.599999999999,6.44262285205125,"Low","Below average - fewer cases than typical at this point",-0.644223025988277,"Extremely Low",2.24277460734631,"Rare good event - unusually low cases to date","Saint Barthelemy"
"BLM",9,12,0.938567258005794,48.4,0.594440674123532,353,48.4,353,0.673996698360677,0.131098698144903,2026,NA,2026-12-01,NA,NA,NA,NA,NA,NA,NA,NA,4,"2026/2027","Unobserved",0,0,0,0,NA,0,"Caribbean","Saint Barthelemy",0.594440674123532,353,2.24277460734631,"Extremely Low","Rare good event - unusually low cases to date",-0.770351437949441,"Extremely Low",2.24277460734631,"Rare good event - unusually low cases to date","Saint Barthelemy"
"BLZ",11,1,1.55545465517077,257.8125,1.98136560818486,3403.6875,257.8125,3403.6875,0.940268009799503,0.082272698924677,2025,"PAHO",2025-01-01,54,54,NA,79,NA,FALSE,"country_excluded","current_month_missing",3,"2024/2025","Observed",54,54,111,3260,NA,111,"North & Central America","Belize",1.98136560818486,3403.6875,0.0553433264717664,"Extremely Low","Rare good event - unusually low cases to date",-1.3848749299367,"Normal",51.5243570690098,"Average - typical case load at this point","Belize"
"BLZ",12,2,1.86105056122938,181.25,2.05387091996187,3584.9375,181.25,3584.9375,1,0.0597319902004967,2025,"PAHO",2025-02-01,57,57,NA,75,NA,FALSE,"country_excluded","current_month_missing",3,"2024/2025","Observed",111,111,111,3260,NA,111,"North & Central America","Belize",2.05387091996187,3584.9375,0.163172721633136,"Extremely Low","Rare good event - unusually low cases to date",-1.38836166469817,"Normal",51.5243570690098,"Average - typical case load at this point","Belize"
"BLZ",1,3,1.75371951765427,200.4375,1.75371951765427,200.4375,200.4375,200.4375,0.0664253171507558,0.0664253171507558,2025,"PAHO",2025-03-01,98,98,NA,70,NA,FALSE,"country_excluded","current_month_missing",3,"2025/2026","Observed",98,209,2933,3260,NA,2933,"North & Central America","Belize",1.75371951765427,200.4375,28.4015979431519,"Normal","Average - typical case load at this point",-0.673858023994303,"Normal",51.5243570690098,"Average - typical case load at this point","Belize"
"BLZ",2,4,2.30277156145456,142.375,2.04473126625364,342.8125,142.375,342.8125,0.111202113504328,0.0447767963535721,2025,"PAHO",2025-04-01,57,57,NA,66,NA,FALSE,"country_excluded","current_month_missing",3,"2025/2026","Observed",155,266,2933,3260,NA,2933,"North & Central America","Belize",2.04473126625364,342.8125,22.7190645299301,"Low","Below average - fewer cases than typical at this point",-0.781078384711587,"Normal",51.5243570690098,"Average - typical case load at this point","Belize"
"BLZ",3,5,1.92608431815045,176.6875,2.15195909749928,519.5,176.6875,519.5,0.164985047175208,0.05378293367088,2025,"PAHO",2025-05-01,71,71,NA,62,NA,FALSE,"country_excluded","current_month_missing",3,"2025/2026","Observed",226,337,2933,3260,NA,2933,"North & Central America","Belize",2.15195909749928,519.5,20.4435288336403,"Low","Below average - fewer cases than typical at this point",-0.82706932651522,"Normal",51.5243570690098,"Average - typical case load at this point","Belize"
"BLZ",4,6,1.87676833859045,234.3125,2.18062905190732,753.8125,234.3125,753.8125,0.230554853461908,0.0655698062867003,2025,"PAHO",2025-06-01,129,129,NA,57,NA,FALSE,"country_excluded","current_month_missing",3,"2025/2026","Observed",355,466,2933,3260,NA,2933,"North & Central America","Belize",2.18062905190732,753.8125,22.7835567325746,"Low","Below average - fewer cases than typical at this point",-0.78013375105622,"Normal",51.5243570690098,"Average - typical case load at this point","Belize"
"BLZ",5,7,2.02343202967545,330.5625,2.29996172316028,1084.375,330.5625,1084.375,0.325120496174051,0.0945656427121431,2025,"PAHO",2025-07-01,298,298,NA,53,NA,FALSE,"country_excluded","current_month_missing",3,"2025/2026","Observed",653,764,2933,3260,NA,2933,"North & Central America","Belize",2.29996172316028,1084.375,31.6319831017925,"Normal","Average - typical case load at this point",-0.602664622014589,"Normal",51.5243570690098,"Average - typical case load at this point","Belize"
"BLZ",6,8,1.37037238161345,478.749999999999,2.10203107180382,1563.125,478.75,1563.125,0.449567150152658,0.124446653978607,2025,"PAHO",2025-08-01,575,575,NA,49,NA,FALSE,"country_excluded","current_month_missing",3,"2025/2026","Observed",1228,1339,2933,3260,NA,2933,"North & Central America","Belize",2.10203107180382,1563.125,46.036435218013,"Normal","Average - typical case load at this point",-0.310628191669145,"Normal",51.5243570690098,"Average - typical case load at this point","Belize"
"BLZ",7,9,1.42909492181936,492.1875,1.97303675735926,2055.3125,492.1875,2055.3125,0.575066717071935,0.125499566919276,2025,"PAHO",2025-09-01,625,625,NA,44,NA,FALSE,"country_excluded","current_month_missing",3,"2025/2026","Observed",1853,1964,2933,3260,NA,2933,"North & Central America","Belize",1.97303675735926,2055.3125,53.9307567970411,"Normal","Average - typical case load at this point",-0.138198741002278,"Normal",51.5243570690098,"Average - typical case load at this point","Belize"
"BLZ",8,10,1.48591105035712,483.375,1.94212113334599,2538.6875,483.375,2538.6875,0.702758691153731,0.127691974081796,2025,"PAHO",2025-10-01,412,412,NA,40,NA,FALSE,"country_excluded","current_month_missing",3,"2025/2026","Observed",2265,2376,2933,3260,NA,2933,"North & Central America","Belize",1.94212113334599,2538.6875,53.4984438988274,"Normal","Average - typical case load at this point",-0.150181977540043,"Normal",51.5243570690098,"Average - typical case load at this point","Belize"
"BLZ",9,11,1.3202315504269,369.75,1.88508134486543,2908.4375,369.75,2908.4375,0.795522578884503,0.0927638877307715,2025,"PAHO",2025-11-01,221,221,NA,36,NA,FALSE,"country_excluded","current_month_missing",3,"2025/2026","Observed",2486,2597,2933,3260,NA,2933,"North & Central America","Belize",1.88508134486543,2908.4375,51.5257471780971,"Normal","Average - typical case load at this point",-0.199354975506834,"Normal",51.5243570690098,"Average - typical case load at this point","Belize"
"BLZ",10,12,0.964008581715831,237.4375,1.87366350380751,3145.875,237.4375,3145.875,0.857995310874826,0.0624727319903238,2025,"PAHO",2025-12-01,200,200,NA,31,NA,FALSE,"country_excluded","current_month_missing",3,"2025/2026","Observed",2686,2797,2933,3260,NA,2933,"North & Central America","Belize",1.87366350380751,3145.875,51.5243570690098,"Normal","Average - typical case load at this point",-0.200039078105384,"Normal",51.5243570690098,"Average - typical case load at this point","Belize"
"BLZ",11,1,1.55545465517077,257.8125,1.98136560818486,3403.6875,257.8125,3403.6875,0.940268009799503,0.082272698924677,2026,"PAHO",2026-01-01,177,177,NA,27,NA,FALSE,"country_excluded","current_month_missing",3,"2025/2026","Observed",2863,177,2933,2851,NA,2933,"North & Central America","Belize",1.98136560818486,3403.6875,50.2253772728255,"Normal","Average - typical case load at this point",-0.223538632687423,"Low",8.29324119269103,"Below average - fewer cases than typical at this point","Belize"
"BLZ",12,2,1.86105056122938,181.25,2.05387091996187,3584.9375,181.25,3584.9375,1,0.0597319902004967,2026,"PAHO",2026-02-01,70,70,NA,23,NA,FALSE,"country_excluded","current_month_missing",3,"2025/2026","Observed",2933,247,2933,2851,NA,2933,"North & Central America","Belize",2.05387091996187,3584.9375,48.4088500660734,"Normal","Average - typical case load at this point",-0.260547299074656,"Low",8.29324119269103,"Below average - fewer cases than typical at this point","Belize"
"BLZ",1,3,1.75371951765427,200.4375,1.75371951765427,200.4375,200.4375,200.4375,0.0664253171507558,0.0664253171507558,2026,"PAHO",2026-03-01,59,59,NA,18,NA,FALSE,"country_excluded","current_month_missing",3,"2026/2027","Observed",59,306,629,2851,NA,2144,"North & Central America","Belize",1.75371951765427,200.4375,14.4948252043829,"Low","Below average - fewer cases than typical at this point",-0.930409217998235,"Low",8.29324119269103,"Below average - fewer cases than typical at this point","Belize"
"BLZ",2,4,2.30277156145456,142.375,2.04473126625364,342.8125,142.375,342.8125,0.111202113504328,0.0447767963535721,2026,"PAHO",2026-04-01,11,11,NA,17,NA,FALSE,"country_excluded","current_month_missing",3,"2026/2027","Observed",70,317,629,2851,NA,2144,"North & Central America","Belize",2.04473126625364,342.8125,6.30714718594441,"Low","Below average - fewer cases than typical at this point",-1.13457808627823,"Low",8.29324119269103,"Below average - fewer cases than typical at this point","Belize"
"BLZ",3,5,1.92608431815045,176.6875,2.15195909749928,519.5,176.6875,519.5,0.164985047175208,0.05378293367088,2026,"Estimates",2026-05-01,158,NA,NA,2,1.29777727393187,FALSE,"applied_mean",NA,3,"2026/2027","Unobserved",228,475,629,2851,157.745344456691,2144,"North & Central America","Belize",2.15195909749928,519.5,20.723828217624,"Low","Below average - fewer cases than typical at this point",-0.821433419690585,"Low",8.29324119269103,"Below average - fewer cases than typical at this point","Belize"
"BLZ",4,6,1.87676833859045,234.3125,2.18062905190732,753.8125,234.3125,753.8125,0.230554853461908,0.0655698062867003,2026,"Estimates",2026-06-01,192,NA,NA,1,NA,FALSE,"insufficient_n_rf",NA,3,"2026/2027","Unobserved",420,667,629,2851,192.316241838892,2144,"North & Central America","Belize",2.18062905190732,753.8125,29.1989833011222,"Normal","Average - typical case load at this point",-0.652984542296078,"Low",8.29324119269103,"Below average - fewer cases than typical at this point","Belize"
"BLZ",5,7,2.02343202967545,330.5625,2.29996172316028,1084.375,330.5625,1084.375,0.325120496174051,0.0945656427121431,2026,"Estimates",2026-07-01,277,NA,NA,NA,NA,NA,NA,NA,3,"2026/2027","Unobserved",697,944,629,2851,277.361030074716,2144,"North & Central America","Belize",2.29996172316028,1084.375,34.6744481729716,"Normal","Average - typical case load at this point",-0.541193179838659,"Low",8.29324119269103,"Below average - fewer cases than typical at this point","Belize"
"BLZ",6,8,1.37037238161345,478.749999999999,2.10203107180382,1563.125,478.75,1563.125,0.449567150152658,0.124446653978607,2026,NA,2026-08-01,NA,NA,NA,NA,NA,NA,NA,NA,3,"2026/2027","Unobserved",697,944,629,2851,NA,2144,"North & Central America","Belize",2.10203107180382,1563.125,21.569692084473,"Low","Below average - fewer cases than typical at this point",-0.802813405473893,"Low",8.29324119269103,"Below average - fewer cases than typical at this point","Belize"
"BLZ",7,9,1.42909492181936,492.1875,1.97303675735926,2055.3125,492.1875,2055.3125,0.575066717071935,0.125499566919276,2026,NA,2026-09-01,NA,NA,NA,NA,NA,NA,NA,NA,3,"2026/2027","Unobserved",697,944,629,2851,NA,2144,"North & Central America","Belize",1.97303675735926,2055.3125,15.1106141135051,"Low","Below average - fewer cases than typical at this point",-0.927857039914281,"Low",8.29324119269103,"Below average - fewer cases than typical at this point","Belize"
"BLZ",8,10,1.48591105035712,483.375,1.94212113334599,2538.6875,483.375,2538.6875,0.702758691153731,0.127691974081796,2026,NA,2026-10-01,NA,NA,NA,NA,NA,NA,NA,NA,3,"2026/2027","Unobserved",697,944,629,2851,NA,2144,"North & Central America","Belize",1.94212113334599,2538.6875,11.0513627131944,"Low","Below average - fewer cases than typical at this point",-1.01059884269753,"Low",8.29324119269103,"Below average - fewer cases than typical at this point","Belize"
"BLZ",9,11,1.3202315504269,369.75,1.88508134486543,2908.4375,369.75,2908.4375,0.795522578884503,0.0927638877307715,2026,NA,2026-11-01,NA,NA,NA,NA,NA,NA,NA,NA,3,"2026/2027","Unobserved",697,944,629,2851,NA,2144,"North & Central America","Belize",1.88508134486543,2908.4375,9.31088097044879,"Low","Below average - fewer cases than typical at this point",-1.04361253119667,"Low",8.29324119269103,"Below average - fewer cases than typical at this point","Belize"
"BLZ",10,12,0.964008581715831,237.4375,1.87366350380751,3145.875,237.4375,3145.875,0.857995310874826,0.0624727319903238,2026,NA,2026-12-01,NA,NA,NA,NA,NA,NA,NA,NA,3,"2026/2027","Unobserved",697,944,629,2851,NA,2144,"North & Central America","Belize",1.87366350380751,3145.875,8.29324119269103,"Low","Below average - fewer cases than typical at this point",-1.06522576220782,"Low",8.29324119269103,"Below average - fewer cases than typical at this point","Belize"
"BOL",6,1,0.900197257640278,7101.53333333332,1.73838797617611,13529.7333333333,7101.53333333333,13529.7333333333,0.325311543866449,0.126449287924398,2025,"PAHO",2025-01-01,4204,4204,NA,79,NA,FALSE,"no_lookup_match","current_month_missing",8,"2024/2025","Observed",4204,4204,29022,198896,NA,29022,"South America","Bolivia",1.73838797617611,13529.7333333333,15.4167884996799,"Low","Below average - fewer cases than typical at this point",-0.90873909421397,"High",86.7371128865705,"Above average - more cases than typical at this point","Bolivia"
"BOL",7,2,0.809566053174744,9661.20000000001,1.3092919266917,23190.9333333333,9661.2,23190.9333333333,0.482608304645171,0.157296760778722,2025,"PAHO",2025-02-01,3443,3443,NA,75,NA,FALSE,"no_lookup_match","current_month_missing",8,"2024/2025","Observed",7647,7647,29022,198896,NA,29022,"South America","Bolivia",1.3092919266917,23190.9333333333,22.375164466498,"Low","Below average - fewer cases than typical at this point",-0.766917562599464,"High",86.7371128865705,"Above average - more cases than typical at this point","Bolivia"
"BOL",8,3,1.14928613548946,9803.60000000001,1.33377000062308,32994.5333333334,9803.6,32994.5333333333,0.669796126939283,0.187187822294112,2025,"PAHO",2025-03-01,5848,5848,NA,70,NA,FALSE,"no_lookup_match","current_month_missing",8,"2024/2025","Observed",13495,13495,29022,198896,NA,29022,"South America","Bolivia",1.33377000062308,32994.5333333334,27.7009367650269,"Normal","Average - typical case load at this point",-0.682517705971803,"High",86.7371128865705,"Above average - more cases than typical at this point","Bolivia"
"BOL",9,4,1.57335230847035,7235.93333333331,1.46097367058728,40230.4666666666,7235.93333333333,40230.4666666667,0.833461640545788,0.163665513606505,2025,"PAHO",2025-04-01,4561,4561,NA,66,NA,FALSE,"no_lookup_match","current_month_missing",8,"2024/2025","Observed",18056,18056,29022,198896,NA,29022,"South America","Bolivia",1.46097367058728,40230.4666666666,28.7020964665695,"Normal","Average - typical case load at this point",-0.666210421107231,"High",86.7371128865705,"Above average - more cases than typical at this point","Bolivia"
"BOL",10,5,1.81189274859149,3853.2,1.56989187257884,44083.6666666666,3853.2,44083.6666666667,0.934710709047831,0.101249068502043,2025,"PAHO",2025-05-01,5762,5762,NA,62,NA,FALSE,"no_lookup_match","current_month_missing",8,"2024/2025","Observed",23818,23818,29022,198896,NA,29022,"South America","Bolivia",1.56989187257884,44083.6666666666,33.7202739875037,"Normal","Average - typical case load at this point",-0.575983871819008,"High",86.7371128865705,"Above average - more cases than typical at this point","Bolivia"
"BOL",11,6,1.63636082613904,1410.73333333333,1.6190463884108,45494.4,1410.73333333333,45494.4,0.975085144648714,0.0403744356008829,2025,"PAHO",2025-06-01,4063,4063,NA,57,NA,FALSE,"no_lookup_match","current_month_missing",8,"2024/2025","Observed",27881,27881,29022,198896,NA,29022,"South America","Bolivia",1.6190463884108,45494.4,38.1075710875531,"Normal","Average - typical case load at this point",-0.492614481486051,"High",86.7371128865705,"Above average - more cases than typical at this point","Bolivia"
"BOL",12,7,3.52288535782178,711.666666666668,1.66375800082726,46206.0666666667,711.666666666667,46206.0666666667,1,0.0249148553512864,2025,"PAHO",2025-07-01,1141,1141,NA,53,NA,FALSE,"no_lookup_match","current_month_missing",8,"2024/2025","Observed",29022,29022,29022,198896,NA,29022,"South America","Bolivia",1.66375800082726,46206.0666666667,38.6890844347285,"Normal","Average - typical case load at this point",-0.479693913718135,"High",86.7371128865705,"Above average - more cases than typical at this point","Bolivia"
"BOL",1,8,3.40787366203062,526.666666666665,3.40787366203062,526.666666666665,526.666666666667,526.666666666667,0.0170580007653192,0.0170580007653192,2025,"PAHO",2025-08-01,841,841,NA,49,1,TRUE,"applied_mean","previous_month_missing",8,"2025/2026","Observed",841,29863,72140,198896,NA,72140,"South America","Bolivia",3.40787366203062,526.666666666665,86.6478190624099,"High","Above average - more cases than typical at this point",1.09823629465213,"High",86.7371128865705,"Above average - more cases than typical at this point","Bolivia"
"BOL",2,9,2.6125715148761,571.066666666669,3.07815188760349,1097.73333333333,571.066666666667,1097.73333333333,0.0344638835586105,0.0174058827932913,2025,"PAHO",2025-09-01,1167,1167,1167,44,1,TRUE,"applied_mean","not_missing",8,"2025/2026","Observed",2008,31030,72140,198896,NA,72140,"South America","Bolivia",3.07815188760349,1097.73333333333,91.2752685687526,"High","Above average - more cases than typical at this point",1.45280979845621,"High",86.7371128865705,"Above average - more cases than typical at this point","Bolivia"
"BOL",3,10,3.05833694584322,928.333333333331,3.17900508006318,2026.06666666666,928.333333333333,2026.06666666667,0.0635707643305536,0.0291068807719432,2025,"PAHO",2025-10-01,1060,1060,1060,40,1,TRUE,"applied_mean","not_missing",8,"2025/2026","Observed",3068,32090,72140,198896,NA,72140,"South America","Bolivia",3.17900508006318,2026.06666666666,83.5445887183686,"High","Above average - more cases than typical at this point",0.916202269401904,"High",86.7371128865705,"Above average - more cases than typical at this point","Bolivia"
"BOL",4,11,2.92832758777268,1615.93333333334,3.43221453719475,3642,1615.93333333333,3642,0.116508961238942,0.0529381969083882,2025,"PAHO",2025-11-01,1833,1833,1833,36,1,TRUE,"applied_mean","not_missing",8,"2025/2026","Observed",4901,33923,72140,198896,NA,72140,"South America","Bolivia",3.43221453719475,3642,77.4903022194128,"High","Above average - more cases than typical at this point",0.640130409693675,"High",86.7371128865705,"Above average - more cases than typical at this point","Bolivia"
"BOL",5,12,1.92920355707302,2786.2,2.97770409122955,6428.20000000001,2786.2,6428.2,0.198862255942051,0.0823532947031092,2025,"PAHO",2025-12-01,5630,4105,5630,31,1.04010571757377,TRUE,"applied_mean","not_missing",8,"2025/2026","Observed",10531,39553,72140,198896,NA,72140,"South America","Bolivia",2.97770409122955,6428.20000000001,86.7371128865705,"High","Above average - more cases than typical at this point",1.1011111754292,"High",86.7371128865705,"Above average - more cases than typical at this point","Bolivia"
"BOL",6,1,0.900197257640278,7101.53333333332,1.73838797617611,13529.7333333333,7101.53333333333,13529.7333333333,0.325311543866449,0.126449287924398,2026,"PAHO",2026-01-01,10422,9596,10422,27,1.08611110681612,TRUE,"applied_mean","not_missing",8,"2025/2026","Observed",20953,10422,72140,61340,NA,72140,"South America","Bolivia",1.73838797617611,13529.7333333333,80.7294510930233,"High","Above average - more cases than typical at this point",0.723354655945781,"Extremely Low",1.17792261815395e-08,"Rare good event - unusually low cases to date","Bolivia"
"BOL",7,2,0.809566053174744,9661.20000000001,1.3092919266917,23190.9333333333,9661.2,23190.9333333333,0.482608304645171,0.157296760778722,2026,"PAHO",2026-02-01,20186,17309,20186,23,1.13763346701648,TRUE,"applied_mean","not_missing",8,"2025/2026","Observed",41139,30608,72140,61340,NA,72140,"South America","Bolivia",1.3092919266917,23190.9333333333,84.26827950043,"High","Above average - more cases than typical at this point",0.885534391211965,"Extremely Low",1.17792261815395e-08,"Rare good event - unusually low cases to date","Bolivia"
"BOL",8,3,1.14928613548946,9803.60000000001,1.33377000062308,32994.5333333334,9803.6,32994.5333333333,0.669796126939283,0.187187822294112,2026,"PAHO",2026-03-01,15606,13948,15606,18,1.13122668742588,TRUE,"applied_mean","not_missing",8,"2025/2026","Observed",56745,46214,72140,61340,NA,72140,"South America","Bolivia",1.33377000062308,32994.5333333334,83.3240425237759,"High","Above average - more cases than typical at this point",0.831307793268195,"Extremely Low",1.17792261815395e-08,"Rare good event - unusually low cases to date","Bolivia"
"BOL",9,4,1.57335230847035,7235.93333333331,1.46097367058728,40230.4666666666,7235.93333333333,40230.4666666667,0.833461640545788,0.163665513606505,2026,"PAHO",2026-04-01,8480,7387,8480,14,1.13379065227522,TRUE,"applied_mean","not_missing",8,"2025/2026","Observed",65225,54694,72140,61340,NA,72140,"South America","Bolivia",1.46097367058728,40230.4666666666,81.6671734396454,"High","Above average - more cases than typical at this point",0.750936598732723,"Extremely Low",1.17792261815395e-08,"Rare good event - unusually low cases to date","Bolivia"
"BOL",10,5,1.81189274859149,3853.2,1.56989187257884,44083.6666666666,3853.2,44083.6666666667,0.934710709047831,0.101249068502043,2026,"PAHO",2026-05-01,3250,2206,3250,10,1.14863921202249,TRUE,"applied_mean","not_missing",8,"2025/2026","Observed",68475,57944,72140,61340,NA,72140,"South America","Bolivia",1.56989187257884,44083.6666666666,80.3571598941172,"High","Above average - more cases than typical at this point",0.693242163864739,"Extremely Low",1.17792261815395e-08,"Rare good event - unusually low cases to date","Bolivia"
"BOL",11,6,1.63636082613904,1410.73333333333,1.6190463884108,45494.4,1410.73333333333,45494.4,0.975085144648714,0.0403744356008829,2026,"PAHO",2026-06-01,1868,1059,1868,5,1.1612945689833,TRUE,"applied_mean","not_missing",8,"2025/2026","Observed",70343,59812,72140,61340,NA,72140,"South America","Bolivia",1.6190463884108,45494.4,80.3166129675387,"High","Above average - more cases than typical at this point",0.694969750567993,"Extremely Low",1.17792261815395e-08,"Rare good event - unusually low cases to date","Bolivia"
"BOL",12,7,3.52288535782178,711.666666666668,1.66375800082726,46206.0666666667,711.666666666667,46206.0666666667,1,0.0249148553512864,2026,"Estimates",2026-07-01,1797,NA,NA,NA,NA,NA,NA,NA,8,"2025/2026","Unobserved",72140,61609,72140,61340,1797.3576650418,72140,"South America","Bolivia",1.66375800082726,46206.0666666667,80.8399620047856,"High","Above average - more cases than typical at this point",0.723946794439719,"Extremely Low",1.17792261815395e-08,"Rare good event - unusually low cases to date","Bolivia"
"BOL",1,8,3.40787366203062,526.666666666665,3.40787366203062,526.666666666665,526.666666666667,526.666666666667,0.0170580007653192,0.0170580007653192,2026,NA,2026-08-01,NA,NA,NA,NA,NA,NA,NA,NA,8,"2026/2027","Unobserved",0,61609,NA,61340,NA,NA,"South America","Bolivia",3.40787366203062,526.666666666665,3.39187879535757e-06,"Extremely Low","Rare good event - unusually low cases to date",-1.84009898785827,"Extremely Low",1.17792261815395e-08,"Rare good event - unusually low cases to date","Bolivia"
"BOL",2,9,2.6125715148761,571.066666666669,3.07815188760349,1097.73333333333,571.066666666667,1097.73333333333,0.0344638835586105,0.0174058827932913,2026,NA,2026-09-01,NA,NA,NA,NA,NA,NA,NA,NA,8,"2026/2027","Unobserved",0,61609,NA,61340,NA,NA,"South America","Bolivia",3.07815188760349,1097.73333333333,1.38094525142436e-06,"Extremely Low","Rare good event - unusually low cases to date",-1.75201158205507,"Extremely Low",1.17792261815395e-08,"Rare good event - unusually low cases to date","Bolivia"
"BOL",3,10,3.05833694584322,928.333333333331,3.17900508006318,2026.06666666666,928.333333333333,2026.06666666667,0.0635707643305536,0.0291068807719432,2026,NA,2026-10-01,NA,NA,NA,NA,NA,NA,NA,NA,8,"2026/2027","Unobserved",0,61609,NA,61340,NA,NA,"South America","Bolivia",3.17900508006318,2026.06666666666,1.20990915041833e-07,"Extremely Low","Rare good event - unusually low cases to date",-1.78157931853562,"Extremely Low",1.17792261815395e-08,"Rare good event - unusually low cases to date","Bolivia"
"BOL",4,11,2.92832758777268,1615.93333333334,3.43221453719475,3642,1615.93333333333,3642,0.116508961238942,0.0529381969083882,2026,NA,2026-11-01,NA,NA,NA,NA,NA,NA,NA,NA,8,"2026/2027","Unobserved",0,61609,NA,61340,NA,NA,"South America","Bolivia",3.43221453719475,3642,4.10695120994e-09,"Extremely Low","Rare good event - unusually low cases to date",-1.85175135194945,"Extremely Low",1.17792261815395e-08,"Rare good event - unusually low cases to date","Bolivia"
"BOL",5,12,1.92920355707302,2786.2,2.97770409122955,6428.20000000001,2786.2,6428.2,0.198862255942051,0.0823532947031092,2026,NA,2026-12-01,NA,NA,NA,NA,NA,NA,NA,NA,8,"2026/2027","Unobserved",0,61609,NA,61340,NA,NA,"South America","Bolivia",2.97770409122955,6428.20000000001,1.17792261815395e-08,"Extremely Low","Rare good event - unusually low cases to date",-1.72520299743931,"Extremely Low",1.17792261815395e-08,"Rare good event - unusually low cases to date","Bolivia"
"BRA",4,1,1.30286230881852,193657.866666667,1.5836641306345,314251.333333332,193657.866666667,314251.333333333,0.164610621169056,0.0931383550249327,2025,"PAHO",2025-01-01,462699,462699,NA,79,NA,FALSE,"no_lookup_match","current_month_missing",10,"2024/2025","Observed",462699,462699,3497280,53526734,NA,3497280,"South America","Brazil",1.5836641306345,314251.333333332,78.2170604939626,"High","Above average - more cases than typical at this point",0.594465550878979,"Extremely High",97.226791116837,"Rare bad event - unusually high cases to date","Brazil"
"BRA",5,2,1.0532751378693,311282.133333333,1.31550991067908,625533.466666663,311282.133333333,625533.466666667,0.295991095065657,0.131380473896601,2025,"PAHO",2025-02-01,569042,569042,NA,75,NA,FALSE,"no_lookup_match","current_month_missing",10,"2024/2025","Observed",1031741,1031741,3497280,53526734,NA,3497280,"South America","Brazil",1.31550991067908,625533.466666663,81.8036707974065,"High","Above average - more cases than typical at this point",0.7448074790503,"Extremely High",97.226791116837,"Rare bad event - unusually high cases to date","Brazil"
"BRA",6,3,1.04761442398881,485649.133333332,1.23372807659633,1111182.6,485649.133333333,1111182.6,0.494908159320988,0.198917064255331,2025,"PAHO",2025-03-01,870968,870968,NA,70,NA,FALSE,"no_lookup_match","current_month_missing",10,"2024/2025","Observed",1902709,1902709,3497280,53526734,NA,3497280,"South America","Brazil",1.23372807659633,1111182.6,82.8003050294375,"High","Above average - more cases than typical at this point",0.791205787693582,"Extremely High",97.226791116837,"Rare bad event - unusually high cases to date","Brazil"
"BRA",7,4,1.33414317872589,458809.466666668,1.29842649107675,1569992.06666668,458809.466666667,1569992.06666667,0.705971235537466,0.211063076216479,2025,"PAHO",2025-04-01,614836,614836,NA,66,NA,FALSE,"no_lookup_match","current_month_missing",10,"2024/2025","Observed",2517545,2517545,3497280,53526734,NA,3497280,"South America","Brazil",1.29842649107675,1569992.06666668,80.7426981458397,"High","Above average - more cases than typical at this point",0.687724548260353,"Extremely High",97.226791116837,"Rare bad event - unusually high cases to date","Brazil"
"BRA",8,5,1.34474737800822,311102.733333333,1.34532790116373,1881094.8,311102.733333333,1881094.8,0.854730700411361,0.148759464873895,2025,"PAHO",2025-05-01,466447,466447,NA,62,NA,FALSE,"no_lookup_match","current_month_missing",10,"2024/2025","Observed",2983992,2983992,3497280,53526734,NA,3497280,"South America","Brazil",1.34532790116373,1881094.8,80.4929537284322,"High","Above average - more cases than typical at this point",0.680045968891838,"Extremely High",97.226791116837,"Rare bad event - unusually high cases to date","Brazil"
"BRA",9,6,1.43994155793777,127712.666666667,1.36959616351284,2008807.46666668,127712.666666667,2008807.46666667,0.919106940067597,0.0643762396562351,2025,"PAHO",2025-06-01,209348,209348,NA,57,NA,FALSE,"no_lookup_match","current_month_missing",10,"2024/2025","Observed",3193340,3193340,3497280,53526734,NA,3497280,"South America","Brazil",1.36959616351284,2008807.46666668,80.6449238306187,"High","Above average - more cases than typical at this point",0.690088510177102,"Extremely High",97.226791116837,"Rare bad event - unusually high cases to date","Brazil"
"BRA",10,7,2.0168522645309,60120.7999999998,1.39511891501173,2068928.26666666,60120.8,2068928.26666667,0.953936642577014,0.0348297025094173,2025,"PAHO",2025-07-01,89048,89048,NA,53,NA,FALSE,"no_lookup_match","current_month_missing",10,"2024/2025","Observed",3282388,3282388,3497280,53526734,NA,3497280,"South America","Brazil",1.39511891501173,2068928.26666666,80.6492137544295,"High","Above average - more cases than typical at this point",0.692764147150493,"Extremely High",97.226791116837,"Rare bad event - unusually high cases to date","Brazil"
"BRA",11,8,2.18972879339348,40513.4666666666,1.41409418253673,2109441.73333334,40513.4666666667,2109441.73333333,0.978167015938478,0.0242303733614643,2025,"PAHO",2025-08-01,84989,84833,NA,49,1.00004618418542,TRUE,"applied_mean","previous_month_missing",10,"2024/2025","Observed",3367377,3367377,3497280,53526734,NA,3497280,"South America","Brazil",1.41409418253673,2109441.73333334,80.9381928778143,"High","Above average - more cases than typical at this point",0.709136404849093,"Extremely High",97.226791116837,"Rare bad event - unusually high cases to date","Brazil"
"BRA",12,9,1.62426556449061,39177.2666666665,1.42646336803913,2148619.00000001,39177.2666666667,2148619,1,0.0218329840615219,2025,"PAHO",2025-09-01,129903,129908,129903,44,1.00004330901529,TRUE,"applied_mean","not_missing",10,"2024/2025","Observed",3497280,3497280,3497280,53526734,NA,3497280,"South America","Brazil",1.42646336803913,2148619.00000001,81.6990590371886,"High","Above average - more cases than typical at this point",0.749675908477999,"Extremely High",97.226791116837,"Rare bad event - unusually high cases to date","Brazil"
"BRA",1,10,1.85166489418117,34391,1.85166489418117,34391,34391,34391,0.0211847878429021,0.0211847878429021,2025,"PAHO",2025-10-01,108123,108107,108123,40,1.00004618604691,TRUE,"applied_mean","not_missing",10,"2025/2026","Observed",108123,3605403,1602662,53526734,NA,1602662,"South America","Brazil",1.85166489418117,34391,98.3949754400349,"Extremely High","Rare bad event - unusually high cases to date",2.91729747054377,"Extremely High",97.226791116837,"Rare bad event - unusually high cases to date","Brazil"
"BRA",2,11,1.88178706077312,42456.6666666665,1.93376187250559,76847.6666666664,42456.6666666667,76847.6666666667,0.0461699469895666,0.0249851591466645,2025,"PAHO",2025-11-01,111477,111429,111477,36,1.00005781881657,TRUE,"applied_mean","not_missing",10,"2025/2026","Observed",219600,3716880,1602662,53526734,NA,1602662,"South America","Brazil",1.93376187250559,76847.6666666664,97.6445927500483,"Extremely High","Rare bad event - unusually high cases to date",2.5831436760454,"Extremely High",97.226791116837,"Rare bad event - unusually high cases to date","Brazil"
"BRA",3,12,1.85586747754403,43745.7999999998,2.00276596526429,120593.466666666,43745.8,120593.466666667,0.0714722661441229,0.0253023191545563,2025,"PAHO",2025-12-01,108797,125800,108797,31,0.995630869599178,TRUE,"applied_mean","not_missing",10,"2025/2026","Observed",328397,3825677,1602662,53526734,NA,1602662,"South America","Brazil",2.00276596526429,120593.466666666,97.226791116837,"Extremely High","Rare bad event - unusually high cases to date",2.43860041166091,"Extremely High",97.226791116837,"Rare bad event - unusually high cases to date","Brazil"
"BRA",4,1,1.30286230881852,193657.866666667,1.5836641306345,314251.333333332,193657.866666667,314251.333333333,0.164610621169056,0.0931383550249327,2026,"PAHO",2026-01-01,165590,166784,165590,27,0.992839816100729,TRUE,"applied_mean","not_missing",10,"2025/2026","Observed",493987,165590,1602662,1258407,NA,1602662,"South America","Brazil",1.5836641306345,314251.333333332,80.8706880000789,"High","Above average - more cases than typical at this point",0.719759794793678,"Extremely Low",2.67533353693961e-08,"Rare good event - unusually low cases to date","Brazil"
"BRA",5,2,1.0532751378693,311282.133333333,1.31550991067908,625533.466666663,311282.133333333,625533.466666667,0.295991095065657,0.131380473896601,2026,"PAHO",2026-02-01,182345,183226,182345,23,0.994071011590689,TRUE,"applied_mean","not_missing",10,"2025/2026","Observed",676332,347935,1602662,1258407,NA,1602662,"South America","Brazil",1.31550991067908,625533.466666663,64.9123558885026,"Normal","Average - typical case load at this point",0.0931423581462919,"Extremely Low",2.67533353693961e-08,"Rare good event - unusually low cases to date","Brazil"
"BRA",6,3,1.04761442398881,485649.133333332,1.23372807659633,1111182.6,485649.133333333,1111182.6,0.494908159320988,0.198917064255331,2026,"PAHO",2026-03-01,287641,281083,287641,18,1.00710358585233,TRUE,"applied_mean","not_missing",10,"2025/2026","Observed",963973,635576,1602662,1258407,NA,1602662,"South America","Brazil",1.23372807659633,1111182.6,56.0589912095866,"Normal","Average - typical case load at this point",-0.147149971907518,"Extremely Low",2.67533353693961e-08,"Rare good event - unusually low cases to date","Brazil"
"BRA",7,4,1.33414317872589,458809.466666668,1.29842649107675,1569992.06666668,458809.466666667,1569992.06666667,0.705971235537466,0.211063076216479,2026,"PAHO",2026-04-01,222934,208752,222934,14,1.02222393027409,TRUE,"applied_mean","not_missing",10,"2025/2026","Observed",1186907,858510,1602662,1258407,NA,1602662,"South America","Brazil",1.29842649107675,1569992.06666668,49.8818870297909,"Normal","Average - typical case load at this point",-0.278039352895918,"Extremely Low",2.67533353693961e-08,"Rare good event - unusually low cases to date","Brazil"
"BRA",8,5,1.34474737800822,311102.733333333,1.34532790116373,1881094.8,311102.733333333,1881094.8,0.854730700411361,0.148759464873895,2026,"PAHO",2026-05-01,175314,157364,175314,10,1.0367177443129,TRUE,"applied_mean","not_missing",10,"2025/2026","Observed",1362221,1033824,1602662,1258407,NA,1602662,"South America","Brazil",1.34532790116373,1881094.8,47.6800449033521,"Normal","Average - typical case load at this point",-0.319937375898308,"Extremely Low",2.67533353693961e-08,"Rare good event - unusually low cases to date","Brazil"
"BRA",9,6,1.43994155793777,127712.666666667,1.36959616351284,2008807.46666668,127712.666666667,2008807.46666667,0.919106940067597,0.0643762396562351,2026,"PAHO",2026-06-01,141394,119576,141394,5,1.05232276774425,TRUE,"applied_mean","not_missing",10,"2025/2026","Observed",1503615,1175218,1602662,1258407,NA,1602662,"South America","Brazil",1.36959616351284,2008807.46666668,48.8193504756517,"Normal","Average - typical case load at this point",-0.294316539954923,"Extremely Low",2.67533353693961e-08,"Rare good event - unusually low cases to date","Brazil"
"BRA",10,7,2.0168522645309,60120.7999999998,1.39511891501173,2068928.26666666,60120.8,2068928.26666667,0.953936642577014,0.0348297025094173,2026,"PAHO",2026-07-01,25223,17668,25223,3,1.05816718283121,TRUE,"applied_mean","not_missing",10,"2025/2026","Observed",1528838,1200441,1602662,1258407,NA,1602662,"South America","Brazil",1.39511891501173,2068928.26666666,48.0513760498286,"Normal","Average - typical case load at this point",-0.308337526737552,"Extremely Low",2.67533353693961e-08,"Rare good event - unusually low cases to date","Brazil"
"BRA",11,8,2.18972879339348,40513.4666666666,1.41409418253673,2109441.73333334,40513.4666666667,2109441.73333333,0.978167015938478,0.0242303733614643,2026,NA,2026-08-01,NA,NA,NA,NA,NA,NA,NA,NA,10,"2025/2026","Unobserved",1528838,1200441,1602662,1258407,NA,1602662,"South America","Brazil",1.41409418253673,2109441.73333334,47.0653283980659,"Normal","Average - typical case load at this point",-0.327303999663653,"Extremely Low",2.67533353693961e-08,"Rare good event - unusually low cases to date","Brazil"
"BRA",12,9,1.62426556449061,39177.2666666665,1.42646336803913,2148619.00000001,39177.2666666667,2148619,1,0.0218329840615219,2026,NA,2026-09-01,NA,NA,NA,NA,NA,NA,NA,NA,10,"2025/2026","Unobserved",1528838,1200441,1602662,1258407,NA,1602662,"South America","Brazil",1.42646336803913,2148619.00000001,46.1803413189945,"Normal","Average - typical case load at this point",-0.344515696852225,"Extremely Low",2.67533353693961e-08,"Rare good event - unusually low cases to date","Brazil"
"BRA",1,10,1.85166489418117,34391,1.85166489418117,34391,34391,34391,0.0211847878429021,0.0211847878429021,2026,NA,2026-10-01,NA,NA,NA,NA,NA,NA,NA,NA,10,"2026/2027","Unobserved",0,1200441,NA,1258407,NA,NA,"South America","Brazil",1.85166489418117,34391,1.24571015579651e-06,"Extremely Low","Rare good event - unusually low cases to date",-1.36072230930221,"Extremely Low",2.67533353693961e-08,"Rare good event - unusually low cases to date","Brazil"
"BRA",2,11,1.88178706077312,42456.6666666665,1.93376187250559,76847.6666666664,42456.6666666667,76847.6666666667,0.0461699469895666,0.0249851591466645,2026,NA,2026-11-01,NA,NA,NA,NA,NA,NA,NA,NA,10,"2026/2027","Unobserved",0,1200441,NA,1258407,NA,NA,"South America","Brazil",1.93376187250559,76847.6666666664,1.2769318301927e-07,"Extremely Low","Rare good event - unusually low cases to date",-1.39058017150106,"Extremely Low",2.67533353693961e-08,"Rare good event - unusually low cases to date","Brazil"
"BRA",3,12,1.85586747754403,43745.7999999998,2.00276596526429,120593.466666666,43745.8,120593.466666667,0.0714722661441229,0.0253023191545563,2026,NA,2026-12-01,NA,NA,NA,NA,NA,NA,NA,NA,10,"2026/2027","Unobserved",0,1200441,NA,1258407,NA,NA,"South America","Brazil",2.00276596526429,120593.466666666,2.67533353693961e-08,"Extremely Low","Rare good event - unusually low cases to date",-1.41517938958825,"Extremely Low",2.67533353693961e-08,"Rare good event - unusually low cases to date","Brazil"
"BRB",10,1,0.733426621033197,127.0625,1.03365207218015,884.9375,127.0625,884.9375,0.84452639487736,0.135792991529302,2025,"PAHO",2025-01-01,28,28,NA,79,NA,FALSE,"no_lookup_match","current_month_missing",4,"2024/2025","Observed",28,28,56,247,NA,56,"Caribbean","Barbados",1.03365207218015,884.9375,2.92812890839729,"Extremely Low","Rare good event - unusually low cases to date",-0.983943696599379,"Low",15.817507279333,"Below average - fewer cases than typical at this point","Barbados"
"BRB",11,2,0.661478908122933,86.3124999999999,1.0686674806291,971.250000000001,86.3125,971.25,0.938853659270325,0.0943272643929653,2025,"PAHO",2025-02-01,16,16,NA,75,NA,FALSE,"no_lookup_match","current_month_missing",4,"2024/2025","Observed",44,44,56,247,NA,56,"Caribbean","Barbados",1.0686674806291,971.250000000001,3.80946972880831,"Extremely Low","Rare good event - unusually low cases to date",-0.98638920616478,"Low",15.817507279333,"Below average - fewer cases than typical at this point","Barbados"
"BRB",12,3,0.801421199640976,58.75,1.07823911382076,1030,58.75,1030,1,0.0611463407296745,2025,"PAHO",2025-03-01,12,12,NA,70,NA,FALSE,"no_lookup_match","current_month_missing",4,"2024/2025","Observed",56,56,56,247,NA,56,"Caribbean","Barbados",1.07823911382076,1030,4.48177837186517,"Extremely Low","Rare good event - unusually low cases to date",-0.981413606855825,"Low",15.817507279333,"Below average - fewer cases than typical at this point","Barbados"
"BRB",1,4,1.06036597849468,39.9375,1.06036597849468,39.9375,39.9375,39.9375,0.0608212478574701,0.0608212478574701,2025,"PAHO",2025-04-01,18,18,NA,66,NA,FALSE,"no_lookup_match","current_month_missing",4,"2025/2026","Observed",18,74,140,247,NA,140,"Caribbean","Barbados",1.06036597849468,39.9375,36.3856714639649,"Normal","Average - typical case load at this point",-0.558269578745486,"Low",15.817507279333,"Below average - fewer cases than typical at this point","Barbados"
"BRB",2,5,1.01928308938098,41.25,1.06629294168815,81.1875,41.25,81.1875,0.111566227456562,0.050744979599092,2025,"PAHO",2025-05-01,10,10,NA,62,NA,FALSE,"no_lookup_match","current_month_missing",4,"2025/2026","Observed",28,84,140,247,NA,140,"Caribbean","Barbados",1.06629294168815,81.1875,28.5335332666301,"Normal","Average - typical case load at this point",-0.67208668833484,"Low",15.817507279333,"Below average - fewer cases than typical at this point","Barbados"
"BRB",3,6,0.870753275426241,44.1875,1.03664429827413,125.375,44.1875,125.375,0.170852335710054,0.0592861082534917,2025,"PAHO",2025-06-01,11,11,NA,57,NA,FALSE,"no_lookup_match","current_month_missing",4,"2025/2026","Observed",39,95,140,247,NA,140,"Caribbean","Barbados",1.03664429827413,125.375,26.4486659838896,"Normal","Average - typical case load at this point",-0.698560345478082,"Low",15.817507279333,"Below average - fewer cases than typical at this point","Barbados"
"BRB",4,7,0.802085379238947,45.8749999999999,0.99112573501566,171.25,45.875,171.25,0.233422573011095,0.0625702373010414,2025,"PAHO",2025-07-01,13,13,NA,53,NA,FALSE,"no_lookup_match","current_month_missing",4,"2025/2026","Observed",52,108,140,247,NA,140,"Caribbean","Barbados",0.99112573501566,171.25,26.7454225446537,"Normal","Average - typical case load at this point",-0.691256210911662,"Low",15.817507279333,"Below average - fewer cases than typical at this point","Barbados"
"BRB",5,8,0.804667517856509,70.1875000000001,1.01579253609429,241.4375,70.1875,241.4375,0.304978329461514,0.0715557564504186,2025,"PAHO",2025-08-01,11,11,NA,49,1,TRUE,"applied_mean","previous_month_missing",4,"2025/2026","Observed",63,119,140,247,NA,140,"Caribbean","Barbados",1.01579253609429,241.4375,22.9014185312162,"Low","Below average - fewer cases than typical at this point",-0.743313863267437,"Low",15.817507279333,"Below average - fewer cases than typical at this point","Barbados"
"BRB",6,9,0.637107865157304,155.9375,0.900422922175635,397.375,155.9375,397.375,0.426606907084658,0.121628577623144,2025,"PAHO",2025-09-01,17,17,17,44,1,TRUE,"applied_mean","not_missing",4,"2025/2026","Observed",80,136,140,247,NA,140,"Caribbean","Barbados",0.900422922175635,397.375,20.7087321332336,"Low","Below average - fewer cases than typical at this point",-0.757014086410055,"Low",15.817507279333,"Below average - fewer cases than typical at this point","Barbados"
"BRB",7,10,0.749784510806585,140.625,0.931159003309323,538,140.625,538,0.54033043747843,0.113723530393772,2025,"PAHO",2025-10-01,12,12,12,40,1,TRUE,"applied_mean","not_missing",4,"2025/2026","Observed",92,148,140,247,NA,140,"Caribbean","Barbados",0.931159003309323,538,17.3625860541974,"Low","Below average - fewer cases than typical at this point",-0.799261690885538,"Low",15.817507279333,"Below average - fewer cases than typical at this point","Barbados"
"BRB",8,11,0.543802870536973,117.625,0.956191498438886,655.625,117.625,655.625,0.63330360481259,0.0929731673341602,2025,"PAHO",2025-11-01,24,24,24,36,1,TRUE,"applied_mean","not_missing",4,"2025/2026","Observed",116,172,140,247,NA,140,"Caribbean","Barbados",0.956191498438886,655.625,17.2763323836351,"Low","Below average - fewer cases than typical at this point",-0.804252702746928,"Low",15.817507279333,"Below average - fewer cases than typical at this point","Barbados"
"BRB",9,12,0.46801490281154,102.25,0.944074137248543,757.875,102.25,757.875,0.708733403348059,0.0754297985354686,2025,"PAHO",2025-12-01,3,6,3,31,0.981808780631818,TRUE,"applied_mean","not_missing",4,"2025/2026","Observed",119,175,140,247,NA,140,"Caribbean","Barbados",0.944074137248543,757.875,15.817507279333,"Low","Below average - fewer cases than typical at this point",-0.818560971698687,"Low",15.817507279333,"Below average - fewer cases than typical at this point","Barbados"
"BRB",10,1,0.733426621033197,127.0625,1.03365207218015,884.9375,127.0625,884.9375,0.84452639487736,0.135792991529302,2026,"PAHO",2026-01-01,11,12,11,27,0.88559711778146,TRUE,"applied_mean","not_missing",4,"2025/2026","Observed",130,11,140,123,NA,140,"Caribbean","Barbados",1.03365207218015,884.9375,13.1043100639582,"Low","Below average - fewer cases than typical at this point",-0.86682633733673,"Extremely Low",1.61342915193501,"Rare good event - unusually low cases to date","Barbados"
"BRB",11,2,0.661478908122933,86.3124999999999,1.0686674806291,971.250000000001,86.3125,971.25,0.938853659270325,0.0943272643929653,2026,"PAHO",2026-02-01,6,11,6,23,0.749543571449078,TRUE,"applied_mean","not_missing",4,"2025/2026","Observed",136,17,140,123,NA,140,"Caribbean","Barbados",1.0686674806291,971.250000000001,11.8849433990284,"Low","Below average - fewer cases than typical at this point",-0.888521525423708,"Extremely Low",1.61342915193501,"Rare good event - unusually low cases to date","Barbados"
"BRB",12,3,0.801421199640976,58.75,1.07823911382076,1030,58.75,1030,1,0.0611463407296745,2026,"PAHO",2026-03-01,4,3,4,18,0.810395880356228,TRUE,"applied_mean","not_missing",4,"2025/2026","Observed",140,21,140,123,NA,140,"Caribbean","Barbados",1.07823911382076,1030,11.3735721982081,"Low","Below average - fewer cases than typical at this point",-0.896774240350805,"Extremely Low",1.61342915193501,"Rare good event - unusually low cases to date","Barbados"
"BRB",1,4,1.06036597849468,39.9375,1.06036597849468,39.9375,39.9375,39.9375,0.0608212478574701,0.0608212478574701,2026,"WHO",2026-04-01,0,0,0,3,0.905798423185728,TRUE,"applied_mean",NA,4,"2026/2027","Observed",0,21,0,123,NA,39,"Caribbean","Barbados",1.06036597849468,39.9375,2.07431776145815,"Extremely Low","Rare good event - unusually low cases to date",-1.01633692540845,"Extremely Low",1.61342915193501,"Rare good event - unusually low cases to date","Barbados"
"BRB",2,5,1.01928308938098,41.25,1.06629294168815,81.1875,41.25,81.1875,0.111566227456562,0.050744979599092,2026,"WHO",2026-05-01,0,0,0,2,1.52355198721344,TRUE,"applied_mean",NA,4,"2026/2027","Observed",0,21,0,123,NA,39,"Caribbean","Barbados",1.06629294168815,81.1875,0.971868033644751,"Extremely Low","Rare good event - unusually low cases to date",-1.02589965704695,"Extremely Low",1.61342915193501,"Rare good event - unusually low cases to date","Barbados"
"BRB",3,6,0.870753275426241,44.1875,1.03664429827413,125.375,44.1875,125.375,0.170852335710054,0.0592861082534917,2026,"WHO",2026-06-01,0,0,NA,1,NA,FALSE,"insufficient_n_rf",NA,4,"2026/2027","Observed",0,21,0,123,NA,39,"Caribbean","Barbados",1.03664429827413,125.375,0.687696655004451,"Extremely Low","Rare good event - unusually low cases to date",-1.01397398916717,"Extremely Low",1.61342915193501,"Rare good event - unusually low cases to date","Barbados"
"BRB",4,7,0.802085379238947,45.8749999999999,0.99112573501566,171.25,45.875,171.25,0.233422573011095,0.0625702373010414,2026,"Estimates",2026-07-01,9,NA,NA,NA,NA,NA,NA,NA,4,"2026/2027","Unobserved",9,30,0,123,8.7598332221458,39,"Caribbean","Barbados",0.99112573501566,171.25,5.77109715515575,"Low","Below average - fewer cases than typical at this point",-0.94051421568484,"Extremely Low",1.61342915193501,"Rare good event - unusually low cases to date","Barbados"
"BRB",5,8,0.804667517856509,70.1875000000001,1.01579253609429,241.4375,70.1875,241.4375,0.304978329461514,0.0715557564504186,2026,NA,2026-08-01,NA,NA,NA,NA,NA,NA,NA,NA,4,"2026/2027","Unobserved",9,30,0,123,NA,39,"Caribbean","Barbados",1.01579253609429,241.4375,3.88675805591558,"Extremely Low","Rare good event - unusually low cases to date",-0.968260685636287,"Extremely Low",1.61342915193501,"Rare good event - unusually low cases to date","Barbados"
"BRB",6,9,0.637107865157304,155.9375,0.900422922175635,397.375,155.9375,397.375,0.426606907084658,0.121628577623144,2026,NA,2026-09-01,NA,NA,NA,NA,NA,NA,NA,NA,4,"2026/2027","Unobserved",9,30,0,123,NA,39,"Caribbean","Barbados",0.900422922175635,397.375,3.37989331180979,"Extremely Low","Rare good event - unusually low cases to date",-0.926365800108721,"Extremely Low",1.61342915193501,"Rare good event - unusually low cases to date","Barbados"
"BRB",7,10,0.749784510806585,140.625,0.931159003309323,538,140.625,538,0.54033043747843,0.113723530393772,2026,NA,2026-10-01,NA,NA,NA,NA,NA,NA,NA,NA,4,"2026/2027","Unobserved",9,30,0,123,NA,39,"Caribbean","Barbados",0.931159003309323,538,2.32361743920248,"Extremely Low","Rare good event - unusually low cases to date",-0.948003216319393,"Extremely Low",1.61342915193501,"Rare good event - unusually low cases to date","Barbados"
"BRB",8,11,0.543802870536973,117.625,0.956191498438886,655.625,117.625,655.625,0.63330360481259,0.0929731673341602,2026,NA,2026-11-01,NA,NA,NA,NA,NA,NA,NA,NA,4,"2026/2027","Unobserved",9,30,0,123,NA,39,"Caribbean","Barbados",0.956191498438886,655.625,1.76936593620974,"Extremely Low","Rare good event - unusually low cases to date",-0.96372463083388,"Extremely Low",1.61342915193501,"Rare good event - unusually low cases to date","Barbados"
"BRB",9,12,0.46801490281154,102.25,0.944074137248543,757.875,102.25,757.875,0.708733403348059,0.0754297985354686,2026,NA,2026-12-01,NA,NA,NA,NA,NA,NA,NA,NA,4,"2026/2027","Unobserved",9,30,0,123,NA,39,"Caribbean","Barbados",0.944074137248543,757.875,1.61342915193501,"Extremely Low","Rare good event - unusually low cases to date",-0.959498881128318,"Extremely Low",1.61342915193501,"Rare good event - unusually low cases to date","Barbados"
"BTN",11,1,0.490289572847277,53.9166666666667,0.839484225821795,829.75,53.9166666666667,829.75,0.931876231864121,0.139751990810161,2025,"SEARO",2025-01-01,2,2,NA,19,NA,FALSE,"no_lookup_match",NA,3,"2024/2025","Observed",2,2,4,106,NA,4,"South Asia","Bhutan",0.839484225821795,829.75,0.797876560737725,"Extremely Low","Rare good event - unusually low cases to date",-0.913563237085142,"Low",21.684940053128,"Below average - fewer cases than typical at this point","Bhutan"
"BTN",12,2,0.359263013898183,25.0833333333333,0.895917758624633,854.833333333335,25.0833333333333,854.833333333333,1,0.0681237681358792,2025,"WHO",2025-02-01,2,2,NA,17,NA,FALSE,"no_lookup_match",NA,3,"2024/2025","Observed",4,4,4,106,NA,4,"South Asia","Bhutan",0.895917758624633,854.833333333335,0.931285616277495,"Extremely Low","Rare good event - unusually low cases to date",-0.94160695022321,"Low",21.684940053128,"Below average - fewer cases than typical at this point","Bhutan"
"BTN",1,3,0.484507625888462,44.1666666666666,0.484507625888462,44.1666666666666,44.1666666666667,44.1666666666667,0.0392408591092375,0.0392408591092375,2025,"SEARO",2025-03-01,1,1,NA,17,NA,FALSE,"no_lookup_match",NA,3,"2025/2026","Observed",1,5,89,106,NA,89,"South Asia","Bhutan",0.484507625888462,44.1666666666666,16.5276378691344,"Low","Below average - fewer cases than typical at this point",-0.676604789826214,"Low",21.684940053128,"Below average - fewer cases than typical at this point","Bhutan"
"BTN",2,4,0.529442804738165,46.1666666666667,0.486866105509857,90.3333333333334,46.1666666666667,90.3333333333333,0.0848861527894889,0.0456452936802514,2025,"WHO",2025-04-01,11,11,NA,15,NA,FALSE,"no_lookup_match",NA,3,"2025/2026","Observed",12,16,89,106,NA,89,"South Asia","Bhutan",0.486866105509857,90.3333333333334,29.9330073155022,"Normal","Average - typical case load at this point",-0.603442834036706,"Low",21.684940053128,"Below average - fewer cases than typical at this point","Bhutan"
"BTN",3,5,0.529157014391836,36,0.483753732082067,126.333333333333,36,126.333333333333,0.121647141565723,0.0367609887762338,2025,"SEARO",2025-05-01,1,1,NA,15,NA,FALSE,"no_lookup_match",NA,3,"2025/2026","Observed",13,17,89,106,NA,89,"South Asia","Bhutan",0.483753732082067,126.333333333333,26.684652108005,"Normal","Average - typical case load at this point",-0.622761795750007,"Low",21.684940053128,"Below average - fewer cases than typical at this point","Bhutan"
"BTN",4,6,0.547399974207734,48.75,0.483500592933381,175.083333333333,48.75,175.083333333333,0.169844257329162,0.0481971157634392,2025,"WHO",2025-06-01,12,12,NA,13,NA,FALSE,"no_lookup_match",NA,3,"2025/2026","Observed",25,29,89,106,NA,89,"South Asia","Bhutan",0.483500592933381,175.083333333333,30.7092802488737,"Normal","Average - typical case load at this point",-0.595233451890286,"Low",21.684940053128,"Below average - fewer cases than typical at this point","Bhutan"
"BTN",5,7,0.57171565622069,65.7499999999999,0.487620355663511,240.833333333333,65.75,240.833333333333,0.243426164597135,0.0735819072679735,2025,"SEARO",2025-07-01,3,3,NA,13,NA,FALSE,"no_lookup_match",NA,3,"2025/2026","Observed",28,32,89,106,NA,89,"South Asia","Bhutan",0.487620355663511,240.833333333333,27.6660411253004,"Normal","Average - typical case load at this point",-0.616488167601396,"Low",21.684940053128,"Below average - fewer cases than typical at this point","Bhutan"
"BTN",6,8,0.618046337122336,122.833333333334,0.552392485655321,363.666666666667,122.833333333333,363.666666666667,0.377653561082698,0.134227396485562,2025,"SEARO",2025-08-01,22,22,NA,12,NA,FALSE,"no_lookup_match",NA,3,"2025/2026","Observed",50,54,89,106,NA,89,"South Asia","Bhutan",0.552392485655321,363.666666666667,26.5706526354776,"Normal","Average - typical case load at this point",-0.640559044605597,"Low",21.684940053128,"Below average - fewer cases than typical at this point","Bhutan"
"BTN",7,9,0.58938246066074,116,0.564776328374267,479.666666666667,116,479.666666666667,0.495600042061512,0.117946480978815,2025,"SEARO",2025-09-01,5,5,NA,11,NA,FALSE,"no_lookup_match",NA,3,"2025/2026","Observed",55,59,89,106,NA,89,"South Asia","Bhutan",0.564776328374267,479.666666666667,23.5700135128407,"Low","Below average - fewer cases than typical at this point",-0.664953613731907,"Low",21.684940053128,"Below average - fewer cases than typical at this point","Bhutan"
"BTN",8,10,0.604485132024352,111.75,0.57323300438178,591.416666666666,111.75,591.416666666667,0.61216298718843,0.116562945126918,2025,"SEARO",2025-10-01,1,1,NA,10,NA,FALSE,"no_lookup_match",NA,3,"2025/2026","Observed",56,60,89,106,NA,89,"South Asia","Bhutan",0.57323300438178,591.416666666666,20.8728621375114,"Low","Below average - fewer cases than typical at this point",-0.685099343768846,"Low",21.684940053128,"Below average - fewer cases than typical at this point","Bhutan"
"BTN",9,11,0.568476406316693,103.416666666666,0.573850628853509,694.833333333334,103.416666666667,694.833333333333,0.712978417369517,0.100815430181087,2025,"WHO",2025-11-01,18,18,NA,8,NA,FALSE,"no_lookup_match",NA,3,"2025/2026","Observed",74,78,89,106,NA,89,"South Asia","Bhutan",0.573850628853509,694.833333333334,22.2057169699554,"Low","Below average - fewer cases than typical at this point",-0.676572823070706,"Low",21.684940053128,"Below average - fewer cases than typical at this point","Bhutan"
"BTN",10,12,0.565910185933475,81.0000000000001,0.576623494347269,775.833333333334,81,775.833333333333,0.79212424105396,0.0791458236844424,2025,"WHO",2025-12-01,6,6,NA,7,NA,FALSE,"no_lookup_match",NA,3,"2025/2026","Observed",80,84,89,106,NA,89,"South Asia","Bhutan",0.576623494347269,775.833333333334,21.684940053128,"Low","Below average - fewer cases than typical at this point",-0.680803266233071,"Low",21.684940053128,"Below average - fewer cases than typical at this point","Bhutan"
"BTN",11,1,0.490289572847277,53.9166666666667,0.839484225821795,829.75,53.9166666666667,829.75,0.931876231864121,0.139751990810161,2026,"WHO",2026-01-01,5,5,NA,6,NA,FALSE,"no_lookup_match",NA,3,"2025/2026","Observed",85,5,89,188,NA,89,"South Asia","Bhutan",0.839484225821795,829.75,13.1194698289493,"Low","Below average - fewer cases than typical at this point",-0.821958587519371,"Low",12.6014694438326,"Below average - fewer cases than typical at this point","Bhutan"
"BTN",12,2,0.359263013898183,25.0833333333333,0.895917758624633,854.833333333335,25.0833333333333,854.833333333333,1,0.0681237681358792,2026,"WHO",2026-02-01,4,4,NA,5,NA,FALSE,"no_lookup_match",NA,3,"2025/2026","Observed",89,9,89,188,NA,89,"South Asia","Bhutan",0.895917758624633,854.833333333335,12.0036212439266,"Low","Below average - fewer cases than typical at this point",-0.847538479192096,"Low",12.6014694438326,"Below average - fewer cases than typical at this point","Bhutan"
"BTN",1,3,0.484507625888462,44.1666666666666,0.484507625888462,44.1666666666666,44.1666666666667,44.1666666666667,0.0392408591092375,0.0392408591092375,2026,"WHO",2026-03-01,1,1,NA,4,NA,FALSE,"no_lookup_match",NA,3,"2026/2027","Observed",1,10,135,188,NA,123,"South Asia","Bhutan",0.484507625888462,44.1666666666666,16.5276378691344,"Low","Below average - fewer cases than typical at this point",-0.676604789826214,"Low",12.6014694438326,"Below average - fewer cases than typical at this point","Bhutan"
"BTN",2,4,0.529442804738165,46.1666666666667,0.486866105509857,90.3333333333334,46.1666666666667,90.3333333333333,0.0848861527894889,0.0456452936802514,2026,"WHO",2026-04-01,4,4,NA,3,NA,FALSE,"no_lookup_match",NA,3,"2026/2027","Observed",5,14,135,188,NA,123,"South Asia","Bhutan",0.486866105509857,90.3333333333334,20.5626661727336,"Low","Below average - fewer cases than typical at this point",-0.657367512822965,"Low",12.6014694438326,"Below average - fewer cases than typical at this point","Bhutan"
"BTN",3,5,0.529157014391836,36,0.483753732082067,126.333333333333,36,126.333333333333,0.121647141565723,0.0367609887762338,2026,"WHO",2026-05-01,11,11,NA,2,NA,FALSE,"no_lookup_match",NA,3,"2026/2027","Observed",16,25,135,188,NA,123,"South Asia","Bhutan",0.483753732082067,126.333333333333,29.2508043975622,"Normal","Average - typical case load at this point",-0.606276924686036,"Low",12.6014694438326,"Below average - fewer cases than typical at this point","Bhutan"
"BTN",4,6,0.547399974207734,48.75,0.483500592933381,175.083333333333,48.75,175.083333333333,0.169844257329162,0.0481971157634392,2026,"WHO",2026-06-01,7,7,NA,1,NA,FALSE,"no_lookup_match",NA,3,"2026/2027","Observed",23,32,135,188,NA,123,"South Asia","Bhutan",0.483500592933381,175.083333333333,29.5838450066594,"Normal","Average - typical case load at this point",-0.60316549122697,"Low",12.6014694438326,"Below average - fewer cases than typical at this point","Bhutan"
"BTN",5,7,0.57171565622069,65.7499999999999,0.487620355663511,240.833333333333,65.75,240.833333333333,0.243426164597135,0.0735819072679735,2026,"Estimates",2026-07-01,7,0,NA,1,NA,FALSE,"no_lookup_match",NA,3,"2026/2027","Unobserved",30,39,135,188,6.54878974684964,123,"South Asia","Bhutan",0.487620355663511,240.833333333333,28.5512054179262,"Normal","Average - typical case load at this point",-0.610695013324797,"Low",12.6014694438326,"Below average - fewer cases than typical at this point","Bhutan"
"BTN",6,8,0.618046337122336,122.833333333334,0.552392485655321,363.666666666667,122.833333333333,363.666666666667,0.377653561082698,0.134227396485562,2026,"SEARO",2026-08-01,NA,0,NA,0,NA,FALSE,"no_lookup_match",NA,3,"2026/2027","Unobserved",30,39,135,188,NA,123,"South Asia","Bhutan",0.552392485655321,363.666666666667,20.366198155836,"Low","Below average - fewer cases than typical at this point",-0.681402341817431,"Low",12.6014694438326,"Below average - fewer cases than typical at this point","Bhutan"
"BTN",7,9,0.58938246066074,116,0.564776328374267,479.666666666667,116,479.666666666667,0.495600042061512,0.117946480978815,2026,"SEARO",2026-09-01,NA,0,NA,-1,NA,FALSE,"no_lookup_match",NA,3,"2026/2027","Unobserved",30,39,135,188,NA,123,"South Asia","Bhutan",0.564776328374267,479.666666666667,17.0253371352255,"Low","Below average - fewer cases than typical at this point",-0.704099234634491,"Low",12.6014694438326,"Below average - fewer cases than typical at this point","Bhutan"
"BTN",8,10,0.604485132024352,111.75,0.57323300438178,591.416666666666,111.75,591.416666666667,0.61216298718843,0.116562945126918,2026,"SEARO",2026-10-01,NA,0,NA,-2,NA,FALSE,"no_lookup_match",NA,3,"2026/2027","Unobserved",30,39,135,188,NA,123,"South Asia","Bhutan",0.57323300438178,591.416666666666,14.8292071863445,"Low","Below average - fewer cases than typical at this point",-0.718367981162757,"Low",12.6014694438326,"Below average - fewer cases than typical at this point","Bhutan"
"BTN",9,11,0.568476406316693,103.416666666666,0.573850628853509,694.833333333334,103.416666666667,694.833333333333,0.712978417369517,0.100815430181087,2026,"SEARO",2026-11-01,NA,0,NA,-3,NA,FALSE,"no_lookup_match",NA,3,"2026/2027","Unobserved",30,39,135,188,NA,123,"South Asia","Bhutan",0.573850628853509,694.833333333334,13.5196374573012,"Low","Below average - fewer cases than typical at this point",-0.724523219121892,"Low",12.6014694438326,"Below average - fewer cases than typical at this point","Bhutan"
"BTN",10,12,0.565910185933475,81.0000000000001,0.576623494347269,775.833333333334,81,775.833333333333,0.79212424105396,0.0791458236844424,2026,"SEARO",2026-12-01,NA,0,NA,-4,NA,FALSE,"no_lookup_match",NA,3,"2026/2027","Unobserved",30,39,135,188,NA,123,"South Asia","Bhutan",0.576623494347269,775.833333333334,12.6014694438326,"Low","Below average - fewer cases than typical at this point",-0.729723261411495,"Low",12.6014694438326,"Below average - fewer cases than typical at this point","Bhutan"
"CHL",10,1,NA,NA,NA,NA,1.33333333333333,27.6666666666667,0.732807807807808,0.0358608608608609,2025,"WHO",2025-01-01,0,0,NA,18,NA,FALSE,"no_lookup_match",NA,4,"2024/2025","Observed",0,0,0,0,NA,0,"South America","Chile",NA,NA,NA,"Unknown","Cannot determine",NA,"Unknown",NA,"Cannot determine","Chile"
"CHL",11,2,NA,NA,NA,NA,2.33333333333333,30,0.79527027027027,0.0624624624624625,2025,"WHO",2025-02-01,0,0,NA,17,NA,FALSE,"no_lookup_match",NA,4,"2024/2025","Observed",0,0,0,0,NA,0,"South America","Chile",NA,NA,NA,"Unknown","Cannot determine",NA,"Unknown",NA,"Cannot determine","Chile"
"CHL",12,3,NA,NA,NA,NA,7.66666666666667,37.6666666666667,1,0.20472972972973,2025,"WHO",2025-03-01,0,0,NA,16,NA,FALSE,"no_lookup_match",NA,4,"2024/2025","Observed",0,0,0,0,NA,0,"South America","Chile",NA,NA,NA,"Unknown","Cannot determine",NA,"Unknown",NA,"Cannot determine","Chile"
"CHL",1,4,NA,NA,NA,NA,13,13,0.343968968968969,0.343968968968969,2025,"WHO",2025-04-01,0,0,NA,15,NA,FALSE,"no_lookup_match",NA,4,"2025/2026","Observed",0,0,17,0,NA,17,"South America","Chile",NA,NA,NA,"Unknown","Cannot determine",NA,"Unknown",NA,"Cannot determine","Chile"
"CHL",2,5,NA,NA,NA,NA,5.66666666666667,18.6666666666667,0.493393393393393,0.149424424424424,2025,"WHO",2025-05-01,0,0,NA,14,NA,FALSE,"no_lookup_match",NA,4,"2025/2026","Observed",0,0,17,0,NA,17,"South America","Chile",NA,NA,NA,"Unknown","Cannot determine",NA,"Unknown",NA,"Cannot determine","Chile"
"CHL",3,6,NA,NA,NA,NA,1.66666666666667,20.3333333333333,0.537337337337337,0.0439439439439439,2025,"WHO",2025-06-01,0,0,NA,13,NA,FALSE,"no_lookup_match",NA,4,"2025/2026","Observed",0,0,17,0,NA,17,"South America","Chile",NA,NA,NA,"Unknown","Cannot determine",NA,"Unknown",NA,"Cannot determine","Chile"
"CHL",4,7,NA,NA,NA,NA,1,21.3333333333333,0.563938938938939,0.0266016016016016,2025,"WHO",2025-07-01,0,0,0,12,1,TRUE,"applied_mean",NA,4,"2025/2026","Observed",0,0,17,0,NA,17,"South America","Chile",NA,NA,NA,"Unknown","Cannot determine",NA,"Unknown",NA,"Cannot determine","Chile"
"CHL",5,8,NA,NA,NA,NA,1,22.3333333333333,0.590540540540541,0.0266016016016016,2025,"WHO",2025-08-01,0,0,0,11,1,TRUE,"applied_mean",NA,4,"2025/2026","Observed",0,0,17,0,NA,17,"South America","Chile",NA,NA,NA,"Unknown","Cannot determine",NA,"Unknown",NA,"Cannot determine","Chile"
"CHL",6,9,NA,NA,NA,NA,1,23.3333333333333,0.617142142142142,0.0266016016016016,2025,"WHO",2025-09-01,0,0,0,10,1,TRUE,"applied_mean",NA,4,"2025/2026","Observed",0,0,17,0,NA,17,"South America","Chile",NA,NA,NA,"Unknown","Cannot determine",NA,"Unknown",NA,"Cannot determine","Chile"
"CHL",7,10,NA,NA,NA,NA,1,24.3333333333333,0.643743743743744,0.0266016016016016,2025,"WHO",2025-10-01,0,0,0,9,1,TRUE,"applied_mean",NA,4,"2025/2026","Observed",0,0,17,0,NA,17,"South America","Chile",NA,NA,NA,"Unknown","Cannot determine",NA,"Unknown",NA,"Cannot determine","Chile"
"CHL",8,11,NA,NA,NA,NA,1,25.3333333333333,0.670345345345345,0.0266016016016016,2025,"WHO",2025-11-01,0,0,0,8,1,TRUE,"applied_mean",NA,4,"2025/2026","Observed",0,0,17,0,NA,17,"South America","Chile",NA,NA,NA,"Unknown","Cannot determine",NA,"Unknown",NA,"Cannot determine","Chile"
"CHL",9,12,NA,NA,NA,NA,1,26.3333333333333,0.696946946946947,0.0266016016016016,2025,"WHO",2025-12-01,0,0,0,7,1,TRUE,"applied_mean",NA,4,"2025/2026","Observed",0,0,17,0,NA,17,"South America","Chile",NA,NA,NA,"Unknown","Cannot determine",NA,"Unknown",NA,"Cannot determine","Chile"
"CHL",10,1,NA,NA,NA,NA,1.33333333333333,27.6666666666667,0.732807807807808,0.0358608608608609,2026,"WHO",2026-01-01,0,0,0,6,1,TRUE,"applied_mean",NA,4,"2025/2026","Observed",0,0,17,50,NA,17,"South America","Chile",NA,NA,NA,"Unknown","Cannot determine",NA,"Unknown",NA,"Cannot determine","Chile"
"CHL",11,2,NA,NA,NA,NA,2.33333333333333,30,0.79527027027027,0.0624624624624625,2026,"PAHO",2026-02-01,6,6,NA,23,NA,FALSE,"insufficient_n_rf","current_month_missing",4,"2025/2026","Observed",6,6,17,50,NA,17,"South America","Chile",NA,NA,NA,"Unknown","Cannot determine",NA,"Unknown",NA,"Cannot determine","Chile"
"CHL",12,3,NA,NA,NA,NA,7.66666666666667,37.6666666666667,1,0.20472972972973,2026,"PAHO",2026-03-01,11,11,NA,18,1.01785714285714,TRUE,"applied_mean","previous_month_missing",4,"2025/2026","Observed",17,17,17,50,NA,17,"South America","Chile",NA,NA,NA,"Unknown","Cannot determine",NA,"Unknown",NA,"Cannot determine","Chile"
"CHL",1,4,NA,NA,NA,NA,13,13,0.343968968968969,0.343968968968969,2026,"PAHO",2026-04-01,8,5,8,14,1.14911152764761,TRUE,"applied_mean","not_missing",4,"2026/2027","Observed",8,25,19,50,NA,18,"South America","Chile",NA,NA,NA,"Unknown","Cannot determine",NA,"Unknown",NA,"Cannot determine","Chile"
"CHL",2,5,NA,NA,NA,NA,5.66666666666667,18.6666666666667,0.493393393393393,0.149424424424424,2026,"PAHO",2026-05-01,2,5,2,10,1.01361216424291,TRUE,"applied_mean","not_missing",4,"2026/2027","Observed",10,27,19,50,NA,18,"South America","Chile",NA,NA,NA,"Unknown","Cannot determine",NA,"Unknown",NA,"Cannot determine","Chile"
"CHL",3,6,NA,NA,NA,NA,1.66666666666667,20.3333333333333,0.537337337337337,0.0439439439439439,2026,"WHO",2026-06-01,0,0,NA,1,NA,FALSE,"no_lookup_match",NA,4,"2026/2027","Observed",10,27,19,50,NA,18,"South America","Chile",NA,NA,NA,"Unknown","Cannot determine",NA,"Unknown",NA,"Cannot determine","Chile"
"CHL",4,7,NA,NA,NA,NA,1,21.3333333333333,0.563938938938939,0.0266016016016016,2026,"Estimates",2026-07-01,0,NA,NA,NA,NA,NA,NA,NA,4,"2026/2027","Unobserved",10,27,19,50,0.452227227227227,18,"South America","Chile",NA,NA,NA,"Unknown","Cannot determine",NA,"Unknown",NA,"Cannot determine","Chile"
"CHL",5,8,NA,NA,NA,NA,1,22.3333333333333,0.590540540540541,0.0266016016016016,2026,NA,2026-08-01,NA,NA,NA,NA,NA,NA,NA,NA,4,"2026/2027","Unobserved",10,27,19,50,NA,18,"South America","Chile",NA,NA,NA,"Unknown","Cannot determine",NA,"Unknown",NA,"Cannot determine","Chile"
"CHL",6,9,NA,NA,NA,NA,1,23.3333333333333,0.617142142142142,0.0266016016016016,2026,NA,2026-09-01,NA,NA,NA,NA,NA,NA,NA,NA,4,"2026/2027","Unobserved",10,27,19,50,NA,18,"South America","Chile",NA,NA,NA,"Unknown","Cannot determine",NA,"Unknown",NA,"Cannot determine","Chile"
"CHL",7,10,NA,NA,NA,NA,1,24.3333333333333,0.643743743743744,0.0266016016016016,2026,NA,2026-10-01,NA,NA,NA,NA,NA,NA,NA,NA,4,"2026/2027","Unobserved",10,27,19,50,NA,18,"South America","Chile",NA,NA,NA,"Unknown","Cannot determine",NA,"Unknown",NA,"Cannot determine","Chile"
"CHL",8,11,NA,NA,NA,NA,1,25.3333333333333,0.670345345345345,0.0266016016016016,2026,NA,2026-11-01,NA,NA,NA,NA,NA,NA,NA,NA,4,"2026/2027","Unobserved",10,27,19,50,NA,18,"South America","Chile",NA,NA,NA,"Unknown","Cannot determine",NA,"Unknown",NA,"Cannot determine","Chile"
"CHL",9,12,NA,NA,NA,NA,1,26.3333333333333,0.696946946946947,0.0266016016016016,2026,NA,2026-12-01,NA,NA,NA,NA,NA,NA,NA,NA,4,"2026/2027","Unobserved",10,27,19,50,NA,18,"South America","Chile",NA,NA,NA,"Unknown","Cannot determine",NA,"Unknown",NA,"Cannot determine","Chile"
"CHN",11,1,0.105410778722125,26.6428571428571,0.560331523266158,10532.8571428572,26.6428571428571,10532.8571428571,0.994747589399826,0.00909702217851037,2025,"WHO",2025-01-01,49,49,NA,18,NA,FALSE,"no_lookup_match",NA,3,"2024/2025","Observed",49,49,100,10153,NA,100,"East & Southeast Asia","China",0.560331523266158,10532.8571428572,4.03977310898922,"Extremely Low","Rare good event - unusually low cases to date",-0.74505078541205,"Normal",65.8780278621417,"Average - typical case load at this point","China"
"CHN",12,2,NA,NA,0.561820187032821,10553,20.1428571428571,10553,1,0.00525241060017391,2025,"WHO",2025-02-01,51,51,NA,17,NA,FALSE,"no_lookup_match",NA,3,"2024/2025","Observed",100,100,100,10153,NA,100,"East & Southeast Asia","China",0.561820187032821,10553,5.94720960142235,"Low","Below average - fewer cases than typical at this point",-0.742424204126107,"Normal",65.8780278621417,"Average - typical case load at this point","China"
"CHN",1,3,NA,NA,NA,NA,11.8571428571429,11.8571428571429,0.000816984016948811,0.000816984016948811,2025,"WHO",2025-03-01,38,38,NA,16,NA,FALSE,"no_lookup_match",NA,3,"2025/2026","Observed",38,138,10094,10153,NA,10094,"East & Southeast Asia","China",NA,NA,NA,"Unknown","Cannot determine",NA,"Normal",65.8780278621417,"Average - typical case load at this point","China"
"CHN",2,4,NA,NA,NA,NA,20.7142857142857,32.5714285714286,0.00216854145357609,0.00135155743662728,2025,"WHO",2025-04-01,74,74,NA,15,NA,FALSE,"no_lookup_match",NA,3,"2025/2026","Observed",112,212,10094,10153,NA,10094,"East & Southeast Asia","China",NA,NA,NA,"Unknown","Cannot determine",NA,"Normal",65.8780278621417,"Average - typical case load at this point","China"
"CHN",3,5,NA,NA,NA,NA,42,74.5714285714286,0.00495877720722345,0.00279023575364735,2025,"WHO",2025-05-01,126,126,NA,14,NA,FALSE,"no_lookup_match",NA,3,"2025/2026","Observed",238,338,10094,10153,NA,10094,"East & Southeast Asia","China",NA,NA,NA,"Unknown","Cannot determine",NA,"Normal",65.8780278621417,"Average - typical case load at this point","China"
"CHN",4,6,0.138224275890739,99.5000000000001,0.125926422320827,174.071428571428,99.5,174.071428571429,0.0132560079660453,0.00829723075882187,2025,"WHO",2025-06-01,225,225,NA,13,NA,FALSE,"no_lookup_match",NA,3,"2025/2026","Observed",463,563,10094,10153,NA,10094,"East & Southeast Asia","China",0.125926422320827,174.071428571428,89.3815644585226,"High","Above average - more cases than typical at this point",0.588795385556813,"Normal",65.8780278621417,"Average - typical case load at this point","China"
"CHN",5,7,NA,NA,NA,NA,339.857142857143,513.928571428571,0.0451333339091701,0.0318773259431248,2025,"WHO",2025-07-01,694,694,694,12,1,TRUE,"applied_mean",NA,3,"2025/2026","Observed",1157,1257,10094,10153,NA,10094,"East & Southeast Asia","China",NA,NA,NA,"Unknown","Cannot determine",NA,"Normal",65.8780278621417,"Average - typical case load at this point","China"
"CHN",6,8,0.318490622825604,1089.35714285714,0.297704282056973,1603.28571428572,1089.35714285714,1603.28571428571,0.173866901081231,0.128733567172061,2025,"WHO",2025-08-01,1702,1702,1702,11,1,TRUE,"applied_mean",NA,3,"2025/2026","Observed",2859,2959,10094,10153,NA,10094,"East & Southeast Asia","China",0.297704282056973,1603.28571428572,82.5079619536055,"High","Above average - more cases than typical at this point",0.427299255238398,"Normal",65.8780278621417,"Average - typical case load at this point","China"
"CHN",7,9,0.399789293774069,3144.21428571429,0.402566305374287,4747.5,3144.21428571429,4747.5,0.467127790801999,0.293260889720768,2025,"WHO",2025-09-01,2321,2321,2321,10,1,TRUE,"applied_mean",NA,3,"2025/2026","Observed",5180,5280,10094,10153,NA,10094,"East & Southeast Asia","China",0.402566305374287,4747.5,71.9239418108432,"Normal","Average - typical case load at this point",0.0577991480429996,"Normal",65.8780278621417,"Average - typical case load at this point","China"
"CHN",8,10,0.487451607398329,4488.35714285713,0.539324214950402,9235.85714285716,4488.35714285714,9235.85714285714,0.834125828543446,0.366998037741447,2025,"WHO",2025-10-01,3727,3727,3727,9,1,TRUE,"applied_mean",NA,3,"2025/2026","Observed",8907,9007,10094,10153,NA,10094,"East & Southeast Asia","China",0.539324214950402,9235.85714285716,66.7388754098804,"Normal","Average - typical case load at this point",-0.0261482333878656,"Normal",65.8780278621417,"Average - typical case load at this point","China"
"CHN",9,11,0.615320904668652,1137.64285714286,0.554736447302942,10373.5,1137.64285714286,10373.5,0.967678306541275,0.13355247799783,2025,"WHO",2025-11-01,849,849,849,8,1,TRUE,"applied_mean",NA,3,"2025/2026","Observed",9756,9856,10094,10153,NA,10094,"East & Southeast Asia","China",0.554736447302942,10373.5,65.8499010240732,"Normal","Average - typical case load at this point",-0.0443346607059142,"Normal",65.8780278621417,"Average - typical case load at this point","China"
"CHN",10,12,0.518159280663563,132.714285714286,0.557256022362152,10506.2142857143,132.714285714286,10506.2142857143,0.985650567221316,0.0179722606800403,2025,"WHO",2025-12-01,151,151,151,7,1,TRUE,"applied_mean",NA,3,"2025/2026","Observed",9907,10007,10094,10153,NA,10094,"East & Southeast Asia","China",0.557256022362152,10506.2142857143,65.8780278621417,"Normal","Average - typical case load at this point",-0.0425747172393256,"Normal",65.8780278621417,"Average - typical case load at this point","China"
"CHN",11,1,0.105410778722125,26.6428571428571,0.560331523266158,10532.8571428572,26.6428571428571,10532.8571428571,0.994747589399826,0.00909702217851037,2026,"WHO",2026-01-01,93,93,93,6,1,TRUE,"applied_mean",NA,3,"2025/2026","Observed",10000,93,10094,67366,NA,10094,"East & Southeast Asia","China",0.560331523266158,10532.8571428572,66.0062007856114,"Normal","Average - typical case load at this point",-0.0378682795261714,"Low",21.8077872912656,"Below average - fewer cases than typical at this point","China"
"CHN",12,2,NA,NA,0.561820187032821,10553,20.1428571428571,10553,1,0.00525241060017391,2026,"WHO",2026-02-01,94,94,94,5,1,TRUE,"applied_mean",NA,3,"2025/2026","Observed",10094,187,10094,67366,NA,10094,"East & Southeast Asia","China",0.561820187032821,10553,66.1767660182189,"Normal","Average - typical case load at this point",-0.0326004696923237,"Low",21.8077872912656,"Below average - fewer cases than typical at this point","China"
"CHN",1,3,NA,NA,NA,NA,11.8571428571429,11.8571428571429,0.000816984016948811,0.000816984016948811,2026,"WHO",2026-03-01,92,92,92,4,1,TRUE,"applied_mean",NA,3,"2026/2027","Observed",92,279,53259,67366,NA,22777,"East & Southeast Asia","China",NA,NA,NA,"Unknown","Cannot determine",NA,"Low",21.8077872912656,"Below average - fewer cases than typical at this point","China"
"CHN",2,4,NA,NA,NA,NA,20.7142857142857,32.5714285714286,0.00216854145357609,0.00135155743662728,2026,"WHO",2026-04-01,137,137,137,3,1,TRUE,"applied_mean",NA,3,"2026/2027","Observed",229,416,53259,67366,NA,22777,"East & Southeast Asia","China",NA,NA,NA,"Unknown","Cannot determine",NA,"Low",21.8077872912656,"Below average - fewer cases than typical at this point","China"
"CHN",3,5,NA,NA,NA,NA,42,74.5714285714286,0.00495877720722345,0.00279023575364735,2026,"WHO",2026-05-01,222,222,NA,2,NA,FALSE,"insufficient_n_rf",NA,3,"2026/2027","Observed",451,638,53259,67366,NA,22777,"East & Southeast Asia","China",NA,NA,NA,"Unknown","Cannot determine",NA,"Low",21.8077872912656,"Below average - fewer cases than typical at this point","China"
"CHN",4,6,0.138224275890739,99.5000000000001,0.125926422320827,174.071428571428,99.5,174.071428571429,0.0132560079660453,0.00829723075882187,2026,"WHO",2026-06-01,255,255,NA,1,NA,FALSE,"no_lookup_match",NA,3,"2026/2027","Observed",706,893,53259,67366,NA,22777,"East & Southeast Asia","China",0.125926422320827,174.071428571428,92.7085961294044,"High","Above average - more cases than typical at this point",1.0839948668088,"Low",21.8077872912656,"Below average - fewer cases than typical at this point","China"
"CHN",5,7,NA,NA,NA,NA,339.857142857143,513.928571428571,0.0451333339091701,0.0318773259431248,2026,"Estimates",2026-07-01,322,NA,NA,NA,NA,NA,NA,NA,3,"2026/2027","Unobserved",1028,1215,53259,67366,321.769728069901,22777,"East & Southeast Asia","China",NA,NA,NA,"Unknown","Cannot determine",NA,"Low",21.8077872912656,"Below average - fewer cases than typical at this point","China"
"CHN",6,8,0.318490622825604,1089.35714285714,0.297704282056973,1603.28571428572,1089.35714285714,1603.28571428571,0.173866901081231,0.128733567172061,2026,NA,2026-08-01,NA,NA,NA,NA,NA,NA,NA,NA,3,"2026/2027","Unobserved",1028,1215,53259,67366,NA,22777,"East & Southeast Asia","China",0.297704282056973,1603.28571428572,65.2122653128429,"Normal","Average - typical case load at this point",-0.195760421029014,"Low",21.8077872912656,"Below average - fewer cases than typical at this point","China"
"CHN",7,9,0.399789293774069,3144.21428571429,0.402566305374287,4747.5,3144.21428571429,4747.5,0.467127790801999,0.293260889720768,2026,NA,2026-09-01,NA,NA,NA,NA,NA,NA,NA,NA,3,"2026/2027","Unobserved",1028,1215,53259,67366,NA,22777,"East & Southeast Asia","China",0.402566305374287,4747.5,41.1926530753008,"Normal","Average - typical case load at this point",-0.49707267316979,"Low",21.8077872912656,"Below average - fewer cases than typical at this point","China"
"CHN",8,10,0.487451607398329,4488.35714285713,0.539324214950402,9235.85714285716,4488.35714285714,9235.85714285714,0.834125828543446,0.366998037741447,2026,NA,2026-10-01,NA,NA,NA,NA,NA,NA,NA,NA,3,"2026/2027","Unobserved",1028,1215,53259,67366,NA,22777,"East & Southeast Asia","China",0.539324214950402,9235.85714285716,24.1970473780887,"Low","Below average - fewer cases than typical at this point",-0.652626737315271,"Low",21.8077872912656,"Below average - fewer cases than typical at this point","China"
"CHN",9,11,0.615320904668652,1137.64285714286,0.554736447302942,10373.5,1137.64285714286,10373.5,0.967678306541275,0.13355247799783,2026,NA,2026-11-01,NA,NA,NA,NA,NA,NA,NA,NA,3,"2026/2027","Unobserved",1028,1215,53259,67366,NA,22777,"East & Southeast Asia","China",0.554736447302942,10373.5,22.0707236012751,"Low","Below average - fewer cases than typical at this point",-0.670979063363782,"Low",21.8077872912656,"Below average - fewer cases than typical at this point","China"
"CHN",10,12,0.518159280663563,132.714285714286,0.557256022362152,10506.2142857143,132.714285714286,10506.2142857143,0.985650567221316,0.0179722606800403,2026,NA,2026-12-01,NA,NA,NA,NA,NA,NA,NA,NA,3,"2026/2027","Unobserved",1028,1215,53259,67366,NA,22777,"East & Southeast Asia","China",0.557256022362152,10506.2142857143,21.8077872912656,"Low","Below average - fewer cases than typical at this point",-0.673435701999335,"Low",21.8077872912656,"Below average - fewer cases than typical at this point","China"
"CIV",12,1,3.02048303722008,78.75,0.675275575967817,2630.25,78.75,2630.25,1,0.27289999526653,2025,"WHO",2025-01-01,23,23,NA,18,NA,FALSE,"no_lookup_match",NA,2,"2024/2025","Observed",23,23,23,545,NA,23,"Sub-Saharan Africa","Cote D'ivoire",0.675275575967817,2630.25,3.53256496907113,"Extremely Low","Rare good event - unusually low cases to date",-0.814461248785252,"Normal",34.3404631369831,"Average - typical case load at this point","Cote D'ivoire"
"CIV",1,2,NA,NA,NA,NA,43.25,43.25,0.0118846019433057,0.0118846019433057,2025,"WHO",2025-02-01,5,5,NA,17,NA,FALSE,"no_lookup_match",NA,2,"2025/2026","Observed",5,28,433,545,NA,433,"Sub-Saharan Africa","Cote D'ivoire",NA,NA,NA,"Unknown","Cannot determine",NA,"Normal",34.3404631369831,"Average - typical case load at this point","Cote D'ivoire"
"CIV",2,3,NA,NA,NA,NA,30.75,74,0.0265132503715897,0.0146286484282839,2025,"WHO",2025-03-01,15,15,NA,16,NA,FALSE,"no_lookup_match",NA,2,"2025/2026","Observed",20,43,433,545,NA,433,"Sub-Saharan Africa","Cote D'ivoire",NA,NA,NA,"Unknown","Cannot determine",NA,"Normal",34.3404631369831,"Average - typical case load at this point","Cote D'ivoire"
"CIV",3,4,NA,NA,NA,NA,20,94,0.0388023177148786,0.0122890673432889,2025,"WHO",2025-04-01,15,15,NA,15,NA,FALSE,"no_lookup_match",NA,2,"2025/2026","Observed",35,58,433,545,NA,433,"Sub-Saharan Africa","Cote D'ivoire",NA,NA,NA,"Unknown","Cannot determine",NA,"Normal",34.3404631369831,"Average - typical case load at this point","Cote D'ivoire"
"CIV",4,5,0.715917861102301,49.75,NA,NA,49.75,143.75,0.065226052677137,0.0264237349622584,2025,"WHO",2025-05-01,28,28,NA,14,NA,FALSE,"no_lookup_match",NA,2,"2025/2026","Observed",63,86,433,545,NA,433,"Sub-Saharan Africa","Cote D'ivoire",NA,NA,NA,"Unknown","Cannot determine",NA,"Normal",34.3404631369831,"Average - typical case load at this point","Cote D'ivoire"
"CIV",5,6,0.334029646723253,460.999999999999,0.401840194736288,604.75,461,604.75,0.188060705551662,0.122834652874525,2025,"WHO",2025-06-01,78,78,NA,13,NA,FALSE,"no_lookup_match",NA,2,"2025/2026","Observed",141,164,433,545,NA,433,"Sub-Saharan Africa","Cote D'ivoire",0.401840194736288,604.75,42.465314202425,"Normal","Average - typical case load at this point",-0.485948776238338,"Normal",34.3404631369831,"Average - typical case load at this point","Cote D'ivoire"
"CIV",6,7,0.388569111910422,748,0.39972843810702,1352.75,748,1352.75,0.391491705297309,0.203430999745647,2025,"WHO",2025-07-01,106,106,106,12,1,TRUE,"applied_mean",NA,2,"2025/2026","Observed",247,270,433,545,NA,433,"Sub-Saharan Africa","Cote D'ivoire",0.39972843810702,1352.75,38.8180704210565,"Normal","Average - typical case load at this point",-0.516722975861323,"Normal",34.3404631369831,"Average - typical case load at this point","Cote D'ivoire"
"CIV",7,8,NA,NA,0.391854860532015,2212,859.25,2212,0.599771765861741,0.208280060564432,2025,"WHO",2025-08-01,39,39,39,11,0.999384236453202,TRUE,"applied_mean",NA,2,"2025/2026","Observed",286,309,433,545,NA,433,"Sub-Saharan Africa","Cote D'ivoire",0.391854860532015,2212,34.5449519285415,"Normal","Average - typical case load at this point",-0.544998510158957,"Normal",34.3404631369831,"Average - typical case load at this point","Cote D'ivoire"
"CIV",8,9,0.415852490612493,221.75,0.396335623393084,2433.75,221.75,2433.75,0.665758200017591,0.0659864341558508,2025,"WHO",2025-09-01,28,28,28,10,0.999384236453202,TRUE,"applied_mean",NA,2,"2025/2026","Observed",314,337,433,545,NA,433,"Sub-Saharan Africa","Cote D'ivoire",0.396335623393084,2433.75,34.2109091990306,"Normal","Average - typical case load at this point",-0.548283118862084,"Normal",34.3404631369831,"Average - typical case load at this point","Cote D'ivoire"
"CIV",9,10,NA,NA,0.400973895185058,2495.75,62,2495.75,0.680553977272594,0.0147957772550026,2025,"WHO",2025-10-01,0,0,0,9,1.00112639673195,TRUE,"applied_mean",NA,2,"2025/2026","Observed",314,337,433,545,NA,433,"Sub-Saharan Africa","Cote D'ivoire",0.400973895185058,2495.75,33.5725656824525,"Normal","Average - typical case load at this point",-0.553512037221901,"Normal",34.3404631369831,"Average - typical case load at this point","Cote D'ivoire"
"CIV",10,11,NA,NA,0.408957168068285,2531.50000000001,35.75,2531.5,0.699959147147088,0.0194051698744943,2025,"WHO",2025-11-01,19,19,19,8,1.00361622324726,TRUE,"applied_mean",NA,2,"2025/2026","Observed",333,356,433,545,NA,433,"Sub-Saharan Africa","Cote D'ivoire",0.408957168068285,2531.50000000001,33.6292097209742,"Normal","Average - typical case load at this point",-0.555331583473281,"Normal",34.3404631369831,"Average - typical case load at this point","Cote D'ivoire"
"CIV",11,12,1.14715093755554,20,0.420145531036968,2551.5,20,2551.5,0.72710000473347,0.0271408575863822,2025,"WHO",2025-12-01,40,40,40,7,1.00886161642369,TRUE,"applied_mean",NA,2,"2025/2026","Observed",373,396,433,545,NA,433,"Sub-Saharan Africa","Cote D'ivoire",0.420145531036968,2551.5,34.3404631369831,"Normal","Average - typical case load at this point",-0.553383380423643,"Normal",34.3404631369831,"Average - typical case load at this point","Cote D'ivoire"
"CIV",12,1,3.02048303722008,78.75,0.675275575967817,2630.25,78.75,2630.25,1,0.27289999526653,2026,"WHO",2026-01-01,60,59,60,6,1.01152497702382,TRUE,"applied_mean",NA,2,"2025/2026","Observed",433,60,433,1457,NA,433,"Sub-Saharan Africa","Cote D'ivoire",0.675275575967817,2630.25,24.0317363606021,"Low","Below average - fewer cases than typical at this point",-0.686384113105147,"Normal",31.5382344602751,"Average - typical case load at this point","Cote D'ivoire"
"CIV",1,2,NA,NA,NA,NA,43.25,43.25,0.0118846019433057,0.0118846019433057,2026,"WHO",2026-02-01,37,36,37,5,1.0159892385597,TRUE,"applied_mean",NA,2,"2026/2027","Observed",37,97,1138,1457,NA,771,"Sub-Saharan Africa","Cote D'ivoire",NA,NA,NA,"Unknown","Cannot determine",NA,"Normal",31.5382344602751,"Average - typical case load at this point","Cote D'ivoire"
"CIV",2,3,NA,NA,NA,NA,30.75,74,0.0265132503715897,0.0146286484282839,2026,"WHO",2026-03-01,52,50,52,4,1.03278876155935,TRUE,"applied_mean",NA,2,"2026/2027","Observed",89,149,1138,1457,NA,771,"Sub-Saharan Africa","Cote D'ivoire",NA,NA,NA,"Unknown","Cannot determine",NA,"Normal",31.5382344602751,"Average - typical case load at this point","Cote D'ivoire"
"CIV",3,4,NA,NA,NA,NA,20,94,0.0388023177148786,0.0122890673432889,2026,"WHO",2026-04-01,25,24,25,3,1.0306142357001,TRUE,"applied_mean",NA,2,"2026/2027","Observed",114,174,1138,1457,NA,771,"Sub-Saharan Africa","Cote D'ivoire",NA,NA,NA,"Unknown","Cannot determine",NA,"Normal",31.5382344602751,"Average - typical case load at this point","Cote D'ivoire"
"CIV",4,5,0.715917861102301,49.75,NA,NA,49.75,143.75,0.065226052677137,0.0264237349622584,2026,"WHO",2026-05-01,25,21,25,2,1.20891364827028,TRUE,"applied_mean",NA,2,"2026/2027","Observed",139,199,1138,1457,NA,771,"Sub-Saharan Africa","Cote D'ivoire",NA,NA,NA,"Unknown","Cannot determine",NA,"Normal",31.5382344602751,"Average - typical case load at this point","Cote D'ivoire"
"CIV",5,6,0.334029646723253,460.999999999999,0.401840194736288,604.75,461,604.75,0.188060705551662,0.122834652874525,2026,"WHO",2026-06-01,75,75,NA,1,NA,FALSE,"insufficient_n_rf",NA,2,"2026/2027","Observed",214,274,1138,1457,NA,771,"Sub-Saharan Africa","Cote D'ivoire",0.401840194736288,604.75,49.5134419214792,"Normal","Average - typical case load at this point",-0.409454413617532,"Normal",31.5382344602751,"Average - typical case load at this point","Cote D'ivoire"
"CIV",6,7,0.388569111910422,748,0.39972843810702,1352.75,748,1352.75,0.391491705297309,0.203430999745647,2026,"Estimates",2026-07-01,88,NA,NA,NA,NA,NA,NA,NA,2,"2026/2027","Unobserved",302,362,1138,1457,88.0856228898652,771,"Sub-Saharan Africa","Cote D'ivoire",0.39972843810702,1352.75,41.8675713490581,"Normal","Average - typical case load at this point",-0.491021177378508,"Normal",31.5382344602751,"Average - typical case load at this point","Cote D'ivoire"
"CIV",7,8,NA,NA,0.391854860532015,2212,859.25,2212,0.599771765861741,0.208280060564432,2026,NA,2026-08-01,NA,NA,NA,NA,NA,NA,NA,NA,2,"2026/2027","Unobserved",302,362,1138,1457,NA,771,"Sub-Saharan Africa","Cote D'ivoire",0.391854860532015,2212,35.2602488517477,"Normal","Average - typical case load at this point",-0.540471004363244,"Normal",31.5382344602751,"Average - typical case load at this point","Cote D'ivoire"
"CIV",8,9,0.415852490612493,221.75,0.396335623393084,2433.75,221.75,2433.75,0.665758200017591,0.0659864341558508,2026,NA,2026-09-01,NA,NA,NA,NA,NA,NA,NA,NA,2,"2026/2027","Unobserved",302,362,1138,1457,NA,771,"Sub-Saharan Africa","Cote D'ivoire",0.396335623393084,2433.75,33.7062162083373,"Normal","Average - typical case load at this point",-0.551386974234814,"Normal",31.5382344602751,"Average - typical case load at this point","Cote D'ivoire"
"CIV",9,10,NA,NA,0.400973895185058,2495.75,62,2495.75,0.680553977272594,0.0147957772550026,2026,NA,2026-10-01,NA,NA,NA,NA,NA,NA,NA,NA,2,"2026/2027","Unobserved",302,362,1138,1457,NA,771,"Sub-Saharan Africa","Cote D'ivoire",0.400973895185058,2495.75,33.0712407955228,"Normal","Average - typical case load at this point",-0.556556448564476,"Normal",31.5382344602751,"Average - typical case load at this point","Cote D'ivoire"
"CIV",10,11,NA,NA,0.408957168068285,2531.50000000001,35.75,2531.5,0.699959147147088,0.0194051698744943,2026,NA,2026-11-01,NA,NA,NA,NA,NA,NA,NA,NA,2,"2026/2027","Unobserved",302,362,1138,1457,NA,771,"Sub-Saharan Africa","Cote D'ivoire",0.408957168068285,2531.50000000001,32.360994440517,"Normal","Average - typical case load at this point",-0.563162049285276,"Normal",31.5382344602751,"Average - typical case load at this point","Cote D'ivoire"
"CIV",11,12,1.14715093755554,20,0.420145531036968,2551.5,20,2551.5,0.72710000473347,0.0271408575863822,2026,NA,2026-12-01,NA,NA,NA,NA,NA,NA,NA,NA,2,"2026/2027","Unobserved",302,362,1138,1457,NA,771,"Sub-Saharan Africa","Cote D'ivoire",0.420145531036968,2551.5,31.5382344602751,"Normal","Average - typical case load at this point",-0.571418826836349,"Normal",31.5382344602751,"Average - typical case load at this point","Cote D'ivoire"
"COK",1,1,0.704323258917619,10.5,0.704323258917619,10.5,10.5,10.5,0.0219526272984199,0.0219526272984199,2025,"WHO",2025-01-01,0,0,NA,18,NA,FALSE,"no_lookup_match",NA,1,"2025/2026","Observed",0,0,234,234,NA,234,"Pacific Islands","Cook Islands",0.704323258917619,10.5,14.2454309954177,"Low","Below average - fewer cases than typical at this point",-0.812433549977877,"Normal",30.4441325833671,"Average - typical case load at this point","Cook Islands"
"COK",2,2,0.792906446776772,55.6666666666667,0.764328103569812,66.1666666666667,55.6666666666667,66.1666666666667,0.143220116340383,0.121267489041963,2025,"WHO",2025-02-01,1,1,NA,17,NA,FALSE,"no_lookup_match",NA,1,"2025/2026","Observed",1,1,234,234,NA,234,"Pacific Islands","Cook Islands",0.764328103569812,66.1666666666667,5.75221044191036,"Low","Below average - fewer cases than typical at this point",-0.856115092150757,"Normal",30.4441325833671,"Average - typical case load at this point","Cook Islands"
"COK",3,3,NA,NA,0.664255400922457,171.666666666667,105.5,171.666666666667,0.375046553192302,0.23182643685192,2025,"WHO",2025-03-01,0,0,NA,16,NA,FALSE,"no_lookup_match",NA,1,"2025/2026","Observed",1,1,234,234,NA,234,"Pacific Islands","Cook Islands",0.664255400922457,171.666666666667,4.1401883560496,"Extremely Low","Rare good event - unusually low cases to date",-0.808707852967633,"Normal",30.4441325833671,"Average - typical case load at this point","Cook Islands"
"COK",4,4,0.706908420344493,69.6666666666668,0.680107479705771,241.333333333333,69.6666666666667,241.333333333333,0.514764350175039,0.139717796982736,2025,"WHO",2025-04-01,1,1,NA,15,NA,FALSE,"no_lookup_match",NA,1,"2025/2026","Observed",2,2,234,234,NA,234,"Pacific Islands","Cook Islands",0.680107479705771,241.333333333333,4.13369681784349,"Extremely Low","Rare good event - unusually low cases to date",-0.816701900546114,"Normal",30.4441325833671,"Average - typical case load at this point","Cook Islands"
"COK",5,5,1.29039185938199,55.8333333333334,0.93063912119937,297.166666666666,55.8333333333333,297.166666666667,0.630928390062219,0.116164039887181,2025,"WHO",2025-05-01,12,12,NA,14,NA,FALSE,"no_lookup_match",NA,1,"2025/2026","Observed",14,14,234,234,NA,234,"Pacific Islands","Cook Islands",0.93063912119937,297.166666666666,5.81743148870115,"Low","Below average - fewer cases than typical at this point",-0.917811952508569,"Normal",30.4441325833671,"Average - typical case load at this point","Cook Islands"
"COK",6,6,1.62746979603894,36,1.14208838452417,333.166666666667,36,333.166666666667,0.709756482926589,0.0788280928643696,2025,"WHO",2025-06-01,23,23,NA,13,NA,FALSE,"no_lookup_match",NA,1,"2025/2026","Observed",37,37,234,234,NA,234,"Pacific Islands","Cook Islands",1.14208838452417,333.166666666667,8.51942433300306,"Low","Below average - fewer cases than typical at this point",-0.948377818424934,"Normal",30.4441325833671,"Average - typical case load at this point","Cook Islands"
"COK",7,7,1.54848594587346,31,1.32713998243829,364.166666666667,31,364.166666666667,0.781356864288073,0.0716003813614838,2025,"WHO",2025-07-01,34,34,NA,12,NA,FALSE,"no_lookup_match",NA,1,"2025/2026","Observed",71,71,234,234,NA,234,"Pacific Islands","Cook Islands",1.32713998243829,364.166666666667,12.3335709541585,"Low","Below average - fewer cases than typical at this point",-0.925726826269538,"Normal",30.4441325833671,"Average - typical case load at this point","Cook Islands"
"COK",8,8,1.29353320540324,20.5,1.37874588770198,384.666666666667,20.5,384.666666666667,0.824607992163296,0.0432511278752228,2025,"WHO",2025-08-01,18,18,NA,11,NA,FALSE,"no_lookup_match",NA,1,"2025/2026","Observed",89,89,234,234,NA,234,"Pacific Islands","Cook Islands",1.37874588770198,384.666666666667,14.2868855212385,"Low","Below average - fewer cases than typical at this point",-0.900913313975407,"Normal",30.4441325833671,"Average - typical case load at this point","Cook Islands"
"COK",9,9,1.51545593686133,17,1.56650648896916,401.666666666667,17,401.666666666667,0.882356590834578,0.0577485986712823,2025,"WHO",2025-09-01,40,40,NA,10,NA,FALSE,"no_lookup_match",NA,1,"2025/2026","Observed",129,129,234,234,NA,234,"Pacific Islands","Cook Islands",1.56650648896916,401.666666666667,18.322780220211,"Low","Below average - fewer cases than typical at this point",-0.847982959893665,"Normal",30.4441325833671,"Average - typical case load at this point","Cook Islands"
"COK",10,10,0.792494020543718,10.6666666666667,1.68671551447276,412.333333333333,10.6666666666667,412.333333333333,0.919646293281641,0.0372897024470629,2025,"WHO",2025-10-01,34,34,NA,9,NA,FALSE,"no_lookup_match",NA,1,"2025/2026","Observed",163,163,234,234,NA,234,"Pacific Islands","Cook Islands",1.68671551447276,412.333333333333,22.2214437150863,"Low","Below average - fewer cases than typical at this point",-0.783729789111048,"Normal",30.4441325833671,"Average - typical case load at this point","Cook Islands"
"COK",11,11,0.5624931478381,15,1.84311449467866,427.333333333333,15,427.333333333333,0.974793390398684,0.0551470971170431,2025,"WHO",2025-11-01,59,59,NA,8,NA,FALSE,"no_lookup_match",NA,1,"2025/2026","Observed",222,222,234,234,NA,234,"Pacific Islands","Cook Islands",1.84311449467866,427.333333333333,29.5070437932597,"Normal","Average - typical case load at this point",-0.650930001940995,"Normal",30.4441325833671,"Average - typical case load at this point","Cook Islands"
"COK",12,12,1.66581428413964,9.16666666666667,1.86936872478838,436.5,9.16666666666667,436.5,1,0.0252066096013162,2025,"WHO",2025-12-01,12,12,NA,7,NA,FALSE,"no_lookup_match",NA,1,"2025/2026","Observed",234,234,234,234,NA,234,"Pacific Islands","Cook Islands",1.86936872478838,436.5,30.4441325833671,"Normal","Average - typical case load at this point",-0.632936716599795,"Normal",30.4441325833671,"Average - typical case load at this point","Cook Islands"
"COK",1,1,0.704323258917619,10.5,0.704323258917619,10.5,10.5,10.5,0.0219526272984199,0.0219526272984199,2026,"WHO",2026-01-01,259,259,NA,6,NA,FALSE,"no_lookup_match",NA,1,"2026/2027","Observed",259,259,1649,1649,NA,1650,"Pacific Islands","Cook Islands",0.704323258917619,10.5,99.9999984436922,"Extremely High","Rare bad event - unusually high cases to date",19.2275940161431,"Extremely High",97.8443229265935,"Rare bad event - unusually high cases to date","Cook Islands"
"COK",2,2,0.792906446776772,55.6666666666667,0.764328103569812,66.1666666666667,55.6666666666667,66.1666666666667,0.143220116340383,0.121267489041963,2026,"WHO",2026-02-01,423,423,NA,5,NA,FALSE,"no_lookup_match",NA,1,"2026/2027","Observed",682,682,1649,1649,NA,1650,"Pacific Islands","Cook Islands",0.764328103569812,66.1666666666667,99.9805127568111,"Extremely High","Rare bad event - unusually high cases to date",8.09039709845791,"Extremely High",97.8443229265935,"Rare bad event - unusually high cases to date","Cook Islands"
"COK",3,3,NA,NA,0.664255400922457,171.666666666667,105.5,171.666666666667,0.375046553192302,0.23182643685192,2026,"WHO",2026-03-01,159,159,NA,4,NA,FALSE,"no_lookup_match",NA,1,"2026/2027","Observed",841,841,1649,1649,NA,1650,"Pacific Islands","Cook Islands",0.664255400922457,171.666666666667,98.2286035628786,"Extremely High","Rare bad event - unusually high cases to date",3.17165111085743,"Extremely High",97.8443229265935,"Rare bad event - unusually high cases to date","Cook Islands"
"COK",4,4,0.706908420344493,69.6666666666668,0.680107479705771,241.333333333333,69.6666666666667,241.333333333333,0.514764350175039,0.139717796982736,2026,"WHO",2026-04-01,8,8,NA,3,NA,FALSE,"insufficient_n_rf",NA,1,"2026/2027","Observed",849,849,1649,1649,NA,1650,"Pacific Islands","Cook Islands",0.680107479705771,241.333333333333,95.2812254060471,"Extremely High","Rare bad event - unusually high cases to date",2.07360385055093,"Extremely High",97.8443229265935,"Rare bad event - unusually high cases to date","Cook Islands"
"COK",5,5,1.29039185938199,55.8333333333334,0.93063912119937,297.166666666666,55.8333333333333,297.166666666667,0.630928390062219,0.116164039887181,2026,"Estimates",2026-05-01,192,NA,NA,NA,NA,NA,NA,NA,1,"2026/2027","Unobserved",1041,1041,1649,1649,191.554501773961,1650,"Pacific Islands","Cook Islands",0.93063912119937,297.166666666666,96.665934625794,"Extremely High","Rare bad event - unusually high cases to date",2.41094452268732,"Extremely High",97.8443229265935,"Rare bad event - unusually high cases to date","Cook Islands"
"COK",6,6,1.62746979603894,36,1.14208838452417,333.166666666667,36,333.166666666667,0.709756482926589,0.0788280928643696,2026,"Estimates",2026-06-01,130,NA,NA,NA,NA,NA,NA,NA,1,"2026/2027","Unobserved",1171,1171,1649,1649,129.987525133345,1650,"Pacific Islands","Cook Islands",1.14208838452417,333.166666666667,97.5707090805855,"Extremely High","Rare bad event - unusually high cases to date",2.68288986675415,"Extremely High",97.8443229265935,"Rare bad event - unusually high cases to date","Cook Islands"
"COK",7,7,1.54848594587346,31,1.32713998243829,364.166666666667,31,364.166666666667,0.781356864288073,0.0716003813614838,2026,"Estimates",2026-07-01,118,NA,NA,NA,NA,NA,NA,NA,1,"2026/2027","Unobserved",1289,1289,1649,1649,118.069028865087,1650,"Pacific Islands","Cook Islands",1.32713998243829,364.166666666667,98.1954204315313,"Extremely High","Rare bad event - unusually high cases to date",2.92032868616808,"Extremely High",97.8443229265935,"Rare bad event - unusually high cases to date","Cook Islands"
"COK",8,8,1.29353320540324,20.5,1.37874588770198,384.666666666667,20.5,384.666666666667,0.824607992163296,0.0432511278752228,2026,NA,2026-08-01,NA,NA,NA,NA,NA,NA,NA,NA,1,"2026/2027","Unobserved",1289,1289,1649,1649,NA,1650,"Pacific Islands","Cook Islands",1.37874588770198,384.666666666667,97.8671549235117,"Extremely High","Rare bad event - unusually high cases to date",2.75555560407585,"Extremely High",97.8443229265935,"Rare bad event - unusually high cases to date","Cook Islands"
"COK",9,9,1.51545593686133,17,1.56650648896916,401.666666666667,17,401.666666666667,0.882356590834578,0.0577485986712823,2026,NA,2026-09-01,NA,NA,NA,NA,NA,NA,NA,NA,1,"2026/2027","Unobserved",1289,1289,1649,1649,NA,1650,"Pacific Islands","Cook Islands",1.56650648896916,401.666666666667,97.959300528768,"Extremely High","Rare bad event - unusually high cases to date",2.75957290860261,"Extremely High",97.8443229265935,"Rare bad event - unusually high cases to date","Cook Islands"
"COK",10,10,0.792494020543718,10.6666666666667,1.68671551447276,412.333333333333,10.6666666666667,412.333333333333,0.919646293281641,0.0372897024470629,2026,NA,2026-10-01,NA,NA,NA,NA,NA,NA,NA,NA,1,"2026/2027","Unobserved",1289,1289,1649,1649,NA,1650,"Pacific Islands","Cook Islands",1.68671551447276,412.333333333333,97.9982658365399,"Extremely High","Rare bad event - unusually high cases to date",2.75562746706158,"Extremely High",97.8443229265935,"Rare bad event - unusually high cases to date","Cook Islands"
"COK",11,11,0.5624931478381,15,1.84311449467866,427.333333333333,15,427.333333333333,0.974793390398684,0.0551470971170431,2026,NA,2026-11-01,NA,NA,NA,NA,NA,NA,NA,NA,1,"2026/2027","Unobserved",1289,1289,1649,1649,NA,1650,"Pacific Islands","Cook Islands",1.84311449467866,427.333333333333,97.9997645494877,"Extremely High","Rare bad event - unusually high cases to date",2.73158125814525,"Extremely High",97.8443229265935,"Rare bad event - unusually high cases to date","Cook Islands"
"COK",12,12,1.66581428413964,9.16666666666667,1.86936872478838,436.5,9.16666666666667,436.5,1,0.0252066096013162,2026,NA,2026-12-01,NA,NA,NA,NA,NA,NA,NA,NA,1,"2026/2027","Unobserved",1289,1289,1649,1649,NA,1650,"Pacific Islands","Cook Islands",1.86936872478838,436.5,97.8443229265935,"Extremely High","Rare bad event - unusually high cases to date",2.66458543654976,"Extremely High",97.8443229265935,"Rare bad event - unusually high cases to date","Cook Islands"
"COL",12,1,2.41479181014426,9960.5625,2.87120595534445,102813.8125,9960.5625,102813.8125,1,0.105176907998615,2025,"PAHO",2025-01-01,19794,19794,NA,79,NA,FALSE,"no_lookup_match","current_month_missing",2,"2024/2025","Observed",19794,19794,19794,139825,NA,19794,"South America","Colombia",2.87120595534445,102813.8125,2.38011504509795,"Extremely Low","Rare good event - unusually low cases to date",-1.36822144604493,"Normal",66.0498098123307,"Average - typical case load at this point","Colombia"
"COL",1,2,1.8611318726909,8925.0625,1.8611318726909,8925.0625,8925.0625,8925.0625,0.0867544896193062,0.0867544896193062,2025,"PAHO",2025-02-01,14705,14705,NA,75,NA,FALSE,"no_lookup_match","current_month_missing",2,"2025/2026","Observed",14705,34499,116862,139825,NA,116862,"South America","Colombia",1.8611318726909,8925.0625,83.6234353760863,"High","Above average - more cases than typical at this point",0.883395480128495,"Normal",66.0498098123307,"Average - typical case load at this point","Colombia"
"COL",2,3,1.50470941621698,9758.375,1.67816405850618,18683.4375,9758.375,18683.4375,0.173328112939929,0.0865736233206226,2025,"PAHO",2025-03-01,16984,16984,NA,70,NA,FALSE,"no_lookup_match","current_month_missing",2,"2025/2026","Observed",31689,51483,116862,139825,NA,116862,"South America","Colombia",1.67816405850618,18683.4375,84.1017580173548,"High","Above average - more cases than typical at this point",0.901716592453365,"Normal",66.0498098123307,"Average - typical case load at this point","Colombia"
"COL",3,4,1.72069327545389,9445.99999999997,1.7252783213059,28129.4375,9446,28129.4375,0.258575076729329,0.0852469637894003,2025,"PAHO",2025-04-01,13301,13301,NA,66,NA,FALSE,"no_lookup_match","current_month_missing",2,"2025/2026","Observed",44990,64784,116862,139825,NA,116862,"South America","Colombia",1.7252783213059,28129.4375,81.9992586097006,"High","Above average - more cases than typical at this point",0.787276478726477,"Normal",66.0498098123307,"Average - typical case load at this point","Colombia"
"COL",4,5,1.89239387123688,10349.1875,1.80323589274484,38478.625,10349.1875,38478.625,0.353439110687293,0.0948640339579639,2025,"PAHO",2025-05-01,11614,11614,NA,62,NA,FALSE,"no_lookup_match","current_month_missing",2,"2025/2026","Observed",56604,76398,116862,139825,NA,116862,"South America","Colombia",1.80323589274484,38478.625,78.7133487273702,"High","Above average - more cases than typical at this point",0.632533529530023,"Normal",66.0498098123307,"Average - typical case load at this point","Colombia"
"COL",5,6,1.59889817380443,9795.62499999997,1.80562217491271,48274.2500000001,9795.625,48274.25,0.438250827962426,0.084811717275133,2025,"PAHO",2025-06-01,11049,11049,NA,57,NA,FALSE,"no_lookup_match","current_month_missing",2,"2025/2026","Observed",67653,87447,116862,139825,NA,116862,"South America","Colombia",1.80562217491271,48274.2500000001,76.5476634778407,"High","Above average - more cases than typical at this point",0.539405714125319,"Normal",66.0498098123307,"Average - typical case load at this point","Colombia"
"COL",6,7,2.40558312617766,8740.12500000001,1.93599359323945,57014.3750000001,8740.125,57014.375,0.522148525870288,0.0838976979078624,2025,"PAHO",2025-07-01,7429,7429,NA,53,NA,FALSE,"no_lookup_match","current_month_missing",2,"2025/2026","Observed",75082,94876,116862,139825,NA,116862,"South America","Colombia",1.93599359323945,57014.3750000001,73.8192880145051,"Normal","Average - typical case load at this point",0.440921508598193,"Normal",66.0498098123307,"Average - typical case load at this point","Colombia"
"COL",7,8,2.76133915497604,7105.3125,2.05330306421239,64119.6875000001,7105.3125,64119.6875,0.591677519348872,0.0695289934785837,2025,"PAHO",2025-08-01,5159,5159,NA,49,1,TRUE,"applied_mean","previous_month_missing",2,"2025/2026","Observed",80241,100035,116862,139825,NA,116862,"South America","Colombia",2.05330306421239,64119.6875000001,71.3719498216731,"Normal","Average - typical case load at this point",0.360270393188881,"Normal",66.0498098123307,"Average - typical case load at this point","Colombia"
"COL",8,9,2.65447318207147,7134.62500000001,2.18504198400765,71254.3125,7134.625,71254.3125,0.662427889026725,0.0707503696778532,2025,"PAHO",2025-09-01,6506,6506,6506,44,1,TRUE,"applied_mean","not_missing",2,"2025/2026","Observed",86747,106541,116862,139825,NA,116862,"South America","Colombia",2.18504198400765,71254.3125,70.0026332704804,"Normal","Average - typical case load at this point",0.321394796414799,"Normal",66.0498098123307,"Average - typical case load at this point","Colombia"
"COL",9,10,3.76901135280955,7077.93749999999,2.38320855014998,78332.2499999998,7077.9375,78332.25,0.738474361152643,0.0760464721259176,2025,"PAHO",2025-10-01,4615,4615,4615,40,1,TRUE,"applied_mean","not_missing",2,"2025/2026","Observed",91362,111156,116862,139825,NA,116862,"South America","Colombia",2.38320855014998,78332.2499999998,67.6789166849539,"Normal","Average - typical case load at this point",0.256785146893649,"Normal",66.0498098123307,"Average - typical case load at this point","Colombia"
"COL",10,11,3.04125342505869,7498.1875,2.56940991517742,85830.4374999999,7498.1875,85830.4375,0.818984888778513,0.0805105276258704,2025,"PAHO",2025-11-01,6554,6554,6554,36,1,TRUE,"applied_mean","not_missing",2,"2025/2026","Observed",97916,117710,116862,139825,NA,116862,"South America","Colombia",2.56940991517742,85830.4374999999,66.3926573895995,"Normal","Average - typical case load at this point",0.225702172732375,"Normal",66.0498098123307,"Average - typical case load at this point","Colombia"
"COL",11,12,3.05262861454672,7022.81249999999,2.72364845963094,92853.2500000002,7022.8125,92853.25,0.894823092001385,0.075838203222872,2025,"PAHO",2025-12-01,7409,7409,7409,31,1,TRUE,"applied_mean","not_missing",2,"2025/2026","Observed",105325,125119,116862,139825,NA,116862,"South America","Colombia",2.72364845963094,92853.2500000002,66.0498098123307,"Normal","Average - typical case load at this point",0.221666183666765,"Normal",66.0498098123307,"Average - typical case load at this point","Colombia"
"COL",12,1,2.41479181014426,9960.5625,2.87120595534445,102813.8125,9960.5625,102813.8125,1,0.105176907998615,2026,"PAHO",2026-01-01,11537,11537,11537,27,1,TRUE,"applied_mean","not_missing",2,"2025/2026","Observed",116862,11537,116862,118026,NA,116862,"South America","Colombia",2.87120595534445,102813.8125,66.1944848332719,"Normal","Average - typical case load at this point",0.231523425996173,"Low",23.8335156487114,"Below average - fewer cases than typical at this point","Colombia"
"COL",1,2,1.8611318726909,8925.0625,1.8611318726909,8925.0625,8925.0625,8925.0625,0.0867544896193062,0.0867544896193062,2026,"PAHO",2026-02-01,9292,9292,9292,23,1,TRUE,"applied_mean","not_missing",2,"2026/2027","Observed",9292,20829,95931,118026,NA,95931,"South America","Colombia",1.8611318726909,8925.0625,61.8402250317684,"Normal","Average - typical case load at this point",0.0560820820276427,"Low",23.8335156487114,"Below average - fewer cases than typical at this point","Colombia"
"COL",2,3,1.50470941621698,9758.375,1.67816405850618,18683.4375,9758.375,18683.4375,0.173328112939929,0.0865736233206226,2026,"PAHO",2026-03-01,10803,10803,10803,18,1,TRUE,"applied_mean","not_missing",2,"2026/2027","Observed",20095,31632,95931,118026,NA,95931,"South America","Colombia",1.67816405850618,18683.4375,63.8325747351714,"Normal","Average - typical case load at this point",0.0978680720295597,"Low",23.8335156487114,"Below average - fewer cases than typical at this point","Colombia"
"COL",3,4,1.72069327545389,9445.99999999997,1.7252783213059,28129.4375,9446,28129.4375,0.258575076729329,0.0852469637894003,2026,"PAHO",2026-04-01,7763,7763,7763,14,1,TRUE,"applied_mean","not_missing",2,"2026/2027","Observed",27858,39395,95931,118026,NA,95931,"South America","Colombia",1.7252783213059,28129.4375,59.630303115036,"Normal","Average - typical case load at this point",-0.0126743315470258,"Low",23.8335156487114,"Below average - fewer cases than typical at this point","Colombia"
"COL",4,5,1.89239387123688,10349.1875,1.80323589274484,38478.625,10349.1875,38478.625,0.353439110687293,0.0948640339579639,2026,"PAHO",2026-05-01,8948,8948,8948,10,1,TRUE,"applied_mean","not_missing",2,"2026/2027","Observed",36806,48343,95931,118026,NA,95931,"South America","Colombia",1.80323589274484,38478.625,57.6226107770287,"Normal","Average - typical case load at this point",-0.058370731354807,"Low",23.8335156487114,"Below average - fewer cases than typical at this point","Colombia"
"COL",5,6,1.59889817380443,9795.62499999997,1.80562217491271,48274.2500000001,9795.625,48274.25,0.438250827962426,0.084811717275133,2026,"PAHO",2026-06-01,10919,10919,10919,5,1,TRUE,"applied_mean","not_missing",2,"2026/2027","Observed",47725,59262,95931,118026,NA,95931,"South America","Colombia",1.80562217491271,48274.2500000001,59.3029203252797,"Normal","Average - typical case load at this point",-0.0152883229559894,"Low",23.8335156487114,"Below average - fewer cases than typical at this point","Colombia"
"COL",6,7,2.40558312617766,8740.12500000001,1.93599359323945,57014.3750000001,8740.125,57014.375,0.522148525870288,0.0838976979078624,2026,"PAHO",2026-07-01,2365,2365,2365,4,1,TRUE,"applied_mean","not_missing",2,"2026/2027","Observed",50090,61627,95931,118026,NA,95931,"South America","Colombia",1.93599359323945,57014.3750000001,52.7019042205161,"Normal","Average - typical case load at this point",-0.168982136340535,"Low",23.8335156487114,"Below average - fewer cases than typical at this point","Colombia"
"COL",7,8,2.76133915497604,7105.3125,2.05330306421239,64119.6875000001,7105.3125,64119.6875,0.591677519348872,0.0695289934785837,2026,NA,2026-08-01,NA,NA,NA,NA,NA,NA,NA,NA,2,"2026/2027","Unobserved",50090,61627,95931,118026,NA,95931,"South America","Colombia",2.05330306421239,64119.6875000001,45.9812534137009,"Normal","Average - typical case load at this point",-0.313527886264978,"Low",23.8335156487114,"Below average - fewer cases than typical at this point","Colombia"
"COL",8,9,2.65447318207147,7134.62500000001,2.18504198400765,71254.3125,7134.625,71254.3125,0.662427889026725,0.0707503696778532,2026,NA,2026-09-01,NA,NA,NA,NA,NA,NA,NA,NA,2,"2026/2027","Unobserved",50090,61627,95931,118026,NA,95931,"South America","Colombia",2.18504198400765,71254.3125,39.7862545004005,"Normal","Average - typical case load at this point",-0.439052288842507,"Low",23.8335156487114,"Below average - fewer cases than typical at this point","Colombia"
"COL",9,10,3.76901135280955,7077.93749999999,2.38320855014998,78332.2499999998,7077.9375,78332.25,0.738474361152643,0.0760464721259176,2026,NA,2026-10-01,NA,NA,NA,NA,NA,NA,NA,NA,2,"2026/2027","Unobserved",50090,61627,95931,118026,NA,95931,"South America","Colombia",2.38320855014998,78332.2499999998,33.8013172951885,"Normal","Average - typical case load at this point",-0.556587065358661,"Low",23.8335156487114,"Below average - fewer cases than typical at this point","Colombia"
"COL",10,11,3.04125342505869,7498.1875,2.56940991517742,85830.4374999999,7498.1875,85830.4375,0.818984888778513,0.0805105276258704,2026,NA,2026-11-01,NA,NA,NA,NA,NA,NA,NA,NA,2,"2026/2027","Unobserved",50090,61627,95931,118026,NA,95931,"South America","Colombia",2.56940991517742,85830.4374999999,28.2695904366271,"Normal","Average - typical case load at this point",-0.667465366064302,"Low",23.8335156487114,"Below average - fewer cases than typical at this point","Colombia"
"COL",11,12,3.05262861454672,7022.81249999999,2.72364845963094,92853.2500000002,7022.8125,92853.25,0.894823092001385,0.075838203222872,2026,NA,2026-12-01,NA,NA,NA,NA,NA,NA,NA,NA,2,"2026/2027","Unobserved",50090,61627,95931,118026,NA,95931,"South America","Colombia",2.72364845963094,92853.2500000002,23.8335156487114,"Low","Below average - fewer cases than typical at this point",-0.760051029621988,"Low",23.8335156487114,"Below average - fewer cases than typical at this point","Colombia"
"CRI",11,1,0.941249341409632,1514.6875,1.70535892430034,19940.625,1514.6875,19940.625,0.960261221631464,0.0680930203559414,2025,"PAHO",2025-01-01,544,544,NA,79,NA,FALSE,"no_lookup_match","current_month_missing",3,"2024/2025","Observed",544,544,804,6820,NA,804,"North & Central America","Costa Rica",1.70535892430034,19940.625,0.335955270900118,"Extremely Low","Rare good event - unusually low cases to date",-1.27021352388337,"Low",14.0063166368238,"Below average - fewer cases than typical at this point","Costa Rica"
"CRI",12,2,1.1349911461181,794.625000000001,1.71481919762716,20735.25,794.625,20735.25,1,0.0397387783685365,2025,"PAHO",2025-02-01,260,260,NA,75,NA,FALSE,"no_lookup_match","current_month_missing",3,"2024/2025","Observed",804,804,804,6820,NA,804,"North & Central America","Costa Rica",1.71481919762716,20735.25,0.589225193329778,"Extremely Low","Rare good event - unusually low cases to date",-1.2586833044199,"Low",14.0063166368238,"Below average - fewer cases than typical at this point","Costa Rica"
"CRI",1,3,1.48121602848919,714.75,1.48121602848919,714.75,714.75,714.75,0.03717969192493,0.03717969192493,2025,"PAHO",2025-03-01,286,286,NA,70,NA,FALSE,"no_lookup_match","current_month_missing",3,"2025/2026","Observed",286,1090,5673,6820,NA,5673,"North & Central America","Costa Rica",1.48121602848919,714.75,25.0559172750713,"Normal","Average - typical case load at this point",-0.729305736981482,"Low",14.0063166368238,"Below average - fewer cases than typical at this point","Costa Rica"
"CRI",2,4,1.88506123914004,643.624999999999,1.70216847783084,1358.375,643.625,1358.375,0.073660156651974,0.036480464727044,2025,"PAHO",2025-04-01,165,165,NA,66,NA,FALSE,"no_lookup_match","current_month_missing",3,"2025/2026","Observed",451,1255,5673,6820,NA,5673,"North & Central America","Costa Rica",1.70216847783084,1358.375,17.3695607144759,"Low","Below average - fewer cases than typical at this point",-0.870956502840965,"Low",14.0063166368238,"Below average - fewer cases than typical at this point","Costa Rica"
"CRI",3,5,1.66198153341619,1105.375,1.73985897719786,2463.75,1105.375,2463.75,0.133471671766214,0.0598115151142397,2025,"PAHO",2025-05-01,185,185,NA,62,NA,FALSE,"no_lookup_match","current_month_missing",3,"2025/2026","Observed",636,1440,5673,6820,NA,5673,"North & Central America","Costa Rica",1.73985897719786,2463.75,11.8150358218102,"Low","Below average - fewer cases than typical at this point",-0.978191507061536,"Low",14.0063166368238,"Below average - fewer cases than typical at this point","Costa Rica"
"CRI",4,6,1.56437431103059,1819.625,1.70660848522439,4283.375,1819.625,4283.375,0.228774316996723,0.0953026452305091,2025,"PAHO",2025-06-01,326,326,NA,57,NA,FALSE,"no_lookup_match","current_month_missing",3,"2025/2026","Observed",962,1766,5673,6820,NA,5673,"North & Central America","Costa Rica",1.70660848522439,4283.375,9.90722230437771,"Low","Below average - fewer cases than typical at this point",-1.01277335087566,"Low",14.0063166368238,"Below average - fewer cases than typical at this point","Costa Rica"
"CRI",5,7,1.78133543240783,2547.6875,1.77229406361172,6831.06249999999,2547.6875,6831.0625,0.360915485913205,0.132141168916482,2025,"PAHO",2025-07-01,492,492,NA,53,NA,FALSE,"no_lookup_match","current_month_missing",3,"2025/2026","Observed",1454,2258,5673,6820,NA,5673,"North & Central America","Costa Rica",1.77229406361172,6831.06249999999,8.570453330362,"Low","Below average - fewer cases than typical at this point",-1.04777585488609,"Low",14.0063166368238,"Below average - fewer cases than typical at this point","Costa Rica"
"CRI",6,8,1.67632549742118,2702.0625,1.81228585691512,9533.12499999998,2702.0625,9533.125,0.492169553405053,0.131254067491848,2025,"PAHO",2025-08-01,664,664,NA,49,1,TRUE,"applied_mean","previous_month_missing",3,"2025/2026","Observed",2118,2922,5673,6820,NA,5673,"North & Central America","Costa Rica",1.81228585691512,9533.12499999998,8.80939673456695,"Low","Below average - fewer cases than typical at this point",-1.04702068781048,"Low",14.0063166368238,"Below average - fewer cases than typical at this point","Costa Rica"
"CRI",7,9,1.43014525159802,2491.8125,1.79561796691811,12024.9375,2491.8125,12024.9375,0.608009554929691,0.115840001524638,2025,"PAHO",2025-09-01,876,876,876,44,1,TRUE,"applied_mean","not_missing",3,"2025/2026","Observed",2994,3798,5673,6820,NA,5673,"North & Central America","Costa Rica",1.79561796691811,12024.9375,10.6570722881118,"Low","Below average - fewer cases than typical at this point",-1.00629324422943,"Low",14.0063166368238,"Below average - fewer cases than typical at this point","Costa Rica"
"CRI",8,10,1.34591271397665,2543.25,1.79480348724452,14568.1875,2543.25,14568.1875,0.725412821558729,0.117403266629038,2025,"PAHO",2025-10-01,740,740,740,40,1,TRUE,"applied_mean","not_missing",3,"2025/2026","Observed",3734,4538,5673,6820,NA,5673,"North & Central America","Costa Rica",1.79480348724452,14568.1875,11.1427753039983,"Low","Below average - fewer cases than typical at this point",-0.996259616166283,"Low",14.0063166368238,"Below average - fewer cases than typical at this point","Costa Rica"
"CRI",9,11,1.10539887858876,2402.4375,1.74307572221233,16970.6249999999,2402.4375,16970.625,0.828570295886362,0.103157474327633,2025,"PAHO",2025-11-01,780,780,780,36,1,TRUE,"applied_mean","not_missing",3,"2025/2026","Observed",4514,5318,5673,6820,NA,5673,"North & Central America","Costa Rica",1.74307572221233,16970.6249999999,12.2842340425064,"Low","Below average - fewer cases than typical at this point",-0.969032578604148,"Low",14.0063166368238,"Below average - fewer cases than typical at this point","Costa Rica"
"CRI",10,12,1.04673238953899,1455.3125,1.7127495749842,18425.9375,1455.3125,18425.9375,0.892168201275522,0.06359790538916,2025,"PAHO",2025-12-01,767,701,767,32,1.01091393609018,TRUE,"applied_mean","not_missing",3,"2025/2026","Observed",5281,6085,5673,6820,NA,5673,"North & Central America","Costa Rica",1.7127495749842,18425.9375,14.0063166368238,"Low","Below average - fewer cases than typical at this point",-0.933588906311625,"Low",14.0063166368238,"Below average - fewer cases than typical at this point","Costa Rica"
"CRI",11,1,0.941249341409632,1514.6875,1.70535892430034,19940.625,1514.6875,19940.625,0.960261221631464,0.0680930203559414,2026,"PAHO",2026-01-01,247,244,247,27,1.01210489048411,TRUE,"applied_mean","not_missing",3,"2025/2026","Observed",5528,247,5673,5655,NA,5673,"North & Central America","Costa Rica",1.70535892430034,19940.625,13.4355963667031,"Low","Below average - fewer cases than typical at this point",-0.943829722421277,"Extremely Low",2.34697768701012,"Rare good event - unusually low cases to date","Costa Rica"
"CRI",12,2,1.1349911461181,794.625000000001,1.71481919762716,20735.25,794.625,20735.25,1,0.0397387783685365,2026,"PAHO",2026-02-01,145,148,145,23,0.998767037955435,TRUE,"applied_mean","not_missing",3,"2025/2026","Observed",5673,392,5673,5655,NA,5673,"North & Central America","Costa Rica",1.71481919762716,20735.25,13.0873446706414,"Low","Below average - fewer cases than typical at this point",-0.951199879686352,"Extremely Low",2.34697768701012,"Rare good event - unusually low cases to date","Costa Rica"
"CRI",1,3,1.48121602848919,714.75,1.48121602848919,714.75,714.75,714.75,0.03717969192493,0.03717969192493,2026,"PAHO",2026-03-01,145,152,145,18,0.986620166309785,TRUE,"applied_mean","not_missing",3,"2026/2027","Observed",145,537,4569,5655,NA,4569,"North & Central America","Costa Rica",1.48121602848919,714.75,10.8724585329679,"Low","Below average - fewer cases than typical at this point",-0.969147390426121,"Extremely Low",2.34697768701012,"Rare good event - unusually low cases to date","Costa Rica"
"CRI",2,4,1.88506123914004,643.624999999999,1.70216847783084,1358.375,643.625,1358.375,0.073660156651974,0.036480464727044,2026,"PAHO",2026-04-01,153,162,153,14,0.976656998579012,TRUE,"applied_mean","not_missing",3,"2026/2027","Observed",298,690,4569,5655,NA,4569,"North & Central America","Costa Rica",1.70216847783084,1358.375,9.64917126765923,"Low","Below average - fewer cases than typical at this point",-1.01781567896403,"Extremely Low",2.34697768701012,"Rare good event - unusually low cases to date","Costa Rica"
"CRI",3,5,1.66198153341619,1105.375,1.73985897719786,2463.75,1105.375,2463.75,0.133471671766214,0.0598115151142397,2026,"PAHO",2026-05-01,270,294,270,10,0.960306730281872,TRUE,"applied_mean","not_missing",3,"2026/2027","Observed",568,960,4569,5655,NA,4569,"North & Central America","Costa Rica",1.73985897719786,2463.75,9.99684327349195,"Low","Below average - fewer cases than typical at this point",-1.01458435207873,"Extremely Low",2.34697768701012,"Rare good event - unusually low cases to date","Costa Rica"
"CRI",4,6,1.56437431103059,1819.625,1.70660848522439,4283.375,1819.625,4283.375,0.228774316996723,0.0953026452305091,2026,"PAHO",2026-06-01,859,964,859,5,0.926080187432602,TRUE,"applied_mean","not_missing",3,"2026/2027","Observed",1427,1819,4569,5655,NA,4569,"North & Central America","Costa Rica",1.70660848522439,4283.375,17.3624863214662,"Low","Below average - fewer cases than typical at this point",-0.870982794808617,"Extremely Low",2.34697768701012,"Rare good event - unusually low cases to date","Costa Rica"
"CRI",5,7,1.78133543240783,2547.6875,1.77229406361172,6831.06249999999,2547.6875,6831.0625,0.360915485913205,0.132141168916482,2026,"PAHO",2026-07-01,222,230,222,4,0.9304289202201,TRUE,"applied_mean","not_missing",3,"2026/2027","Observed",1649,2041,4569,5655,NA,4569,"North & Central America","Costa Rica",1.77229406361172,6831.06249999999,10.3822753367486,"Low","Below average - fewer cases than typical at this point",-1.00977810207909,"Extremely Low",2.34697768701012,"Rare good event - unusually low cases to date","Costa Rica"
"CRI",6,8,1.67632549742118,2702.0625,1.81228585691512,9533.12499999998,2702.0625,9533.125,0.492169553405053,0.131254067491848,2026,NA,2026-08-01,NA,NA,NA,NA,NA,NA,NA,NA,3,"2026/2027","Unobserved",1649,2041,4569,5655,NA,4569,"North & Central America","Costa Rica",1.81228585691512,9533.12499999998,5.91818896477514,"Low","Below average - fewer cases than typical at this point",-1.11324380644747,"Extremely Low",2.34697768701012,"Rare good event - unusually low cases to date","Costa Rica"
"CRI",7,9,1.43014525159802,2491.8125,1.79561796691811,12024.9375,2491.8125,12024.9375,0.608009554929691,0.115840001524638,2026,NA,2026-09-01,NA,NA,NA,NA,NA,NA,NA,NA,3,"2026/2027","Unobserved",1649,2041,4569,5655,NA,4569,"North & Central America","Costa Rica",1.79561796691811,12024.9375,4.13966839134215,"Extremely Low","Rare good event - unusually low cases to date",-1.15616300176995,"Extremely Low",2.34697768701012,"Rare good event - unusually low cases to date","Costa Rica"
"CRI",8,10,1.34591271397665,2543.25,1.79480348724452,14568.1875,2543.25,14568.1875,0.725412821558729,0.117403266629038,2026,NA,2026-10-01,NA,NA,NA,NA,NA,NA,NA,NA,3,"2026/2027","Unobserved",1649,2041,4569,5655,NA,4569,"North & Central America","Costa Rica",1.79480348724452,14568.1875,3.01746760003208,"Extremely Low","Rare good event - unusually low cases to date",-1.18798615770036,"Extremely Low",2.34697768701012,"Rare good event - unusually low cases to date","Costa Rica"
"CRI",9,11,1.10539887858876,2402.4375,1.74307572221233,16970.6249999999,2402.4375,16970.625,0.828570295886362,0.103157474327633,2026,NA,2026-11-01,NA,NA,NA,NA,NA,NA,NA,NA,3,"2026/2027","Unobserved",1649,2041,4569,5655,NA,4569,"North & Central America","Costa Rica",1.74307572221233,16970.6249999999,2.54732391119087,"Extremely Low","Rare good event - unusually low cases to date",-1.19190822411013,"Extremely Low",2.34697768701012,"Rare good event - unusually low cases to date","Costa Rica"
"CRI",10,12,1.04673238953899,1455.3125,1.7127495749842,18425.9375,1455.3125,18425.9375,0.892168201275522,0.06359790538916,2026,NA,2026-12-01,NA,NA,NA,NA,NA,NA,NA,NA,3,"2026/2027","Unobserved",1649,2041,4569,5655,NA,4569,"North & Central America","Costa Rica",1.7127495749842,18425.9375,2.34697768701012,"Extremely Low","Rare good event - unusually low cases to date",-1.19154333992714,"Extremely Low",2.34697768701012,"Rare good event - unusually low cases to date","Costa Rica"
"CUB",10,1,8.50144749667908,156.375,11.2804978133241,1755.25,156.375,1755.25,0.906197201831166,0.0887380012384306,2025,"Estimates",2025-01-01,3332,NA,NA,NA,NA,NA,NA,"current_month_missing",4,"2024/2025","Unobserved",3332,3332,NA,37546,3331.75699449811,6854,"Caribbean","Cuba",11.2804978133241,1755.25,99.374438650197,"Extremely High","Rare bad event - unusually high cases to date",3.00743958556735,"Extremely High",100,"Rare bad event - unusually high cases to date","Cuba"
"CUB",11,2,9.33692275869888,84.4999999999999,12.787193399588,1839.75,84.5,1839.75,0.95400436190835,0.047807160077184,2025,"Estimates",2025-02-01,1795,NA,NA,NA,NA,NA,NA,"current_month_missing",4,"2024/2025","Unobserved",5127,5127,NA,37546,1794.96763225795,6854,"Caribbean","Cuba",12.787193399588,1839.75,99.9996392298725,"Extremely High","Rare bad event - unusually high cases to date",6.36733173602299,"Extremely High",100,"Rare bad event - unusually high cases to date","Cuba"
"CUB",12,3,10.2445724033175,80.375,14.4440726014646,1920.125,80.375,1920.125,1,0.0459956380916502,2025,"Estimates",2025-03-01,1727,NA,NA,NA,NA,NA,NA,"current_month_missing",4,"2024/2025","Unobserved",6854,6854,NA,37546,1726.9522277891,6854,"Caribbean","Cuba",14.4440726014646,1920.125,99.9999999683513,"Extremely High","Rare bad event - unusually high cases to date",9.72917695412323,"Extremely High",100,"Rare bad event - unusually high cases to date","Cuba"
"CUB",1,4,8.6627247119521,65.6250000000001,8.6627247119521,65.6250000000001,65.625,65.625,0.0335140316808718,0.0335140316808718,2025,"Estimates",2025-04-01,1258,NA,NA,NA,NA,NA,NA,"current_month_missing",4,"2025/2026","Unobserved",1258,8112,37546,37546,1258.31783349001,52586,"Caribbean","Cuba",8.6627247119521,65.6250000000001,100,"Extremely High","Rare bad event - unusually high cases to date",50.2628293446363,"Extremely High",100,"Rare bad event - unusually high cases to date","Cuba"
"CUB",2,5,10.8912210315538,91.1250000000001,9.65560373747308,156.75,91.125,156.75,0.0805386824822676,0.0470246508013958,2025,"Estimates",2025-05-01,1766,NA,NA,NA,NA,NA,NA,"current_month_missing",4,"2025/2026","Unobserved",3024,9878,37546,37546,1765.58753898921,52586,"Caribbean","Cuba",9.65560373747308,156.75,100,"Extremely High","Rare bad event - unusually high cases to date",55.165496360888,"Extremely High",100,"Rare bad event - unusually high cases to date","Cuba"
"CUB",3,6,10.8607030158404,116.125,9.88474938582362,272.875,116.125,272.875,0.140521325379363,0.0599826428970958,2025,"Estimates",2025-06-01,2252,NA,NA,NA,NA,NA,NA,"current_month_missing",4,"2025/2026","Unobserved",5276,12130,37546,37546,2252.10831021436,52586,"Caribbean","Cuba",9.88474938582362,272.875,100,"Extremely High","Rare bad event - unusually high cases to date",56.6282990184769,"Extremely High",100,"Rare bad event - unusually high cases to date","Cuba"
"CUB",4,7,10.3555702551622,138.125,10.0608124081576,411,138.125,411,0.211507212383336,0.0709858870039726,2025,"WHO",2025-07-01,3945,3945,NA,12,NA,FALSE,"no_lookup_match",NA,4,"2025/2026","Observed",9221,16075,37546,37546,NA,52586,"Caribbean","Cuba",10.0608124081576,411,100,"Extremely High","Rare bad event - unusually high cases to date",67.1736753648516,"Extremely High",100,"Rare bad event - unusually high cases to date","Cuba"
"CUB",5,8,9.22502203448196,220.625,9.83578195430579,631.625,220.625,631.625,0.324833981105274,0.113326768721938,2025,"Estimates",2025-08-01,4255,NA,NA,NA,NA,NA,NA,"current_month_missing",4,"2025/2026","Unobserved",13476,20330,37546,37546,4254.96685843388,52586,"Caribbean","Cuba",9.83578195430579,631.625,100,"Extremely High","Rare bad event - unusually high cases to date",63.2852809605697,"Extremely High",100,"Rare bad event - unusually high cases to date","Cuba"
"CUB",6,9,7.95955148012344,279.125,9.16899812230577,910.750000000001,279.125,910.75,0.467023056778792,0.142189075673518,2025,"WHO",2025-09-01,2574,2574,2574,10,1,TRUE,"applied_mean",NA,4,"2025/2026","Observed",16050,22904,37546,37546,NA,52586,"Caribbean","Cuba",9.16899812230577,910.750000000001,100,"Extremely High","Rare bad event - unusually high cases to date",50.0830672533448,"Extremely High",100,"Rare bad event - unusually high cases to date","Cuba"
"CUB",7,10,8.16640917070223,288,8.88741856029652,1198.75,288,1198.75,0.61375633375631,0.146733276977519,2025,"Estimates",2025-10-01,5509,NA,NA,NA,NA,NA,NA,"current_month_missing",4,"2025/2026","Unobserved",21559,28413,37546,37546,5509.24761739791,52586,"Caribbean","Cuba",8.88741856029652,1198.75,100,"Extremely High","Rare bad event - unusually high cases to date",50.4473471006238,"Extremely High",100,"Rare bad event - unusually high cases to date","Cuba"
"CUB",8,11,7.99820402785534,235,8.72625326647459,1433.75,235,1433.75,0.733235214313839,0.119478880557529,2025,"WHO",2025-11-01,19476,19476,NA,8,NA,FALSE,"insufficient_n_rf",NA,4,"2025/2026","Observed",41035,47889,37546,37546,NA,52586,"Caribbean","Cuba",8.72625326647459,1433.75,100,"Extremely High","Rare bad event - unusually high cases to date",81.3451659857022,"Extremely High",100,"Rare bad event - unusually high cases to date","Cuba"
"CUB",9,12,7.66700590058534,165.125,8.59543690868722,1598.875,165.125,1598.875,0.817459200592735,0.0842239862788961,2025,"PAHO",2025-12-01,4697,4697,NA,31,NA,FALSE,"no_lookup_match","current_month_missing",4,"2025/2026","Observed",45732,52586,37546,37546,NA,52586,"Caribbean","Cuba",8.59543690868722,1598.875,100,"Extremely High","Rare bad event - unusually high cases to date",80.7086170115894,"Extremely High",100,"Rare bad event - unusually high cases to date","Cuba"
"CUB",10,1,8.50144749667908,156.375,11.2804978133241,1755.25,156.375,1755.25,0.906197201831166,0.0887380012384306,2026,"Estimates",2026-01-01,3332,NA,NA,6,NA,FALSE,"insufficient_n_rf",NA,4,"2025/2026","Unobserved",49064,3332,37546,NA,3331.75699449811,52586,"Caribbean","Cuba",11.2804978133241,1755.25,100,"Extremely High","Rare bad event - unusually high cases to date",90.2351086054921,"Extremely High",99.9999999947074,"Rare bad event - unusually high cases to date","Cuba"
"CUB",11,2,9.33692275869888,84.4999999999999,12.787193399588,1839.75,84.5,1839.75,0.95400436190835,0.047807160077184,2026,"Estimates",2026-02-01,1795,NA,NA,5,NA,FALSE,"insufficient_n_rf",NA,4,"2025/2026","Unobserved",50859,5127,37546,NA,1794.96763225795,52586,"Caribbean","Cuba",12.787193399588,1839.75,100,"Extremely High","Rare bad event - unusually high cases to date",94.9492208384044,"Extremely High",99.9999999947074,"Rare bad event - unusually high cases to date","Cuba"
"CUB",12,3,10.2445724033175,80.375,14.4440726014646,1920.125,80.375,1920.125,1,0.0459956380916502,2026,"Estimates",2026-03-01,1727,NA,NA,4,NA,FALSE,"insufficient_n_rf",NA,4,"2025/2026","Unobserved",52586,6854,37546,NA,1726.9522277891,52586,"Caribbean","Cuba",14.4440726014646,1920.125,100,"Extremely High","Rare bad event - unusually high cases to date",99.9087458459097,"Extremely High",99.9999999947074,"Rare bad event - unusually high cases to date","Cuba"
"CUB",1,4,8.6627247119521,65.6250000000001,8.6627247119521,65.6250000000001,65.625,65.625,0.0335140316808718,0.0335140316808718,2026,"Estimates",2026-04-01,1258,NA,NA,3,NA,FALSE,"insufficient_n_rf",NA,4,"2026/2027","Unobserved",1258,8112,NA,NA,1258.31783349001,37545,"Caribbean","Cuba",8.6627247119521,65.6250000000001,100,"Extremely High","Rare bad event - unusually high cases to date",50.2628293446363,"Extremely High",99.9999999947074,"Rare bad event - unusually high cases to date","Cuba"
"CUB",2,5,10.8912210315538,91.1250000000001,9.65560373747308,156.75,91.125,156.75,0.0805386824822676,0.0470246508013958,2026,"Estimates",2026-05-01,1766,NA,NA,2,NA,FALSE,"no_lookup_match",NA,4,"2026/2027","Unobserved",3024,9878,NA,NA,1765.58753898921,37545,"Caribbean","Cuba",9.65560373747308,156.75,100,"Extremely High","Rare bad event - unusually high cases to date",55.165496360888,"Extremely High",99.9999999947074,"Rare bad event - unusually high cases to date","Cuba"
"CUB",3,6,10.8607030158404,116.125,9.88474938582362,272.875,116.125,272.875,0.140521325379363,0.0599826428970958,2026,"Estimates",2026-06-01,2252,NA,NA,1,NA,FALSE,"no_lookup_match",NA,4,"2026/2027","Unobserved",5276,12130,NA,NA,2252.10831021436,37545,"Caribbean","Cuba",9.88474938582362,272.875,100,"Extremely High","Rare bad event - unusually high cases to date",56.6282990184769,"Extremely High",99.9999999947074,"Rare bad event - unusually high cases to date","Cuba"
"CUB",4,7,10.3555702551622,138.125,10.0608124081576,411,138.125,411,0.211507212383336,0.0709858870039726,2026,"Estimates",2026-07-01,2665,NA,NA,NA,NA,NA,NA,NA,4,"2026/2027","Unobserved",7941,14795,NA,NA,2665.23611345115,37545,"Caribbean","Cuba",10.0608124081576,411,100,"Extremely High","Rare bad event - unusually high cases to date",57.4140494321604,"Extremely High",99.9999999947074,"Rare bad event - unusually high cases to date","Cuba"
"CUB",5,8,9.22502203448196,220.625,9.83578195430579,631.625,220.625,631.625,0.324833981105274,0.113326768721938,2026,NA,2026-08-01,NA,NA,NA,NA,NA,NA,NA,NA,4,"2026/2027","Unobserved",7941,14795,NA,NA,NA,37545,"Caribbean","Cuba",9.83578195430579,631.625,100,"Extremely High","Rare bad event - unusually high cases to date",36.0138854962709,"Extremely High",99.9999999947074,"Rare bad event - unusually high cases to date","Cuba"
"CUB",6,9,7.95955148012344,279.125,9.16899812230577,910.750000000001,279.125,910.75,0.467023056778792,0.142189075673518,2026,NA,2026-09-01,NA,NA,NA,NA,NA,NA,NA,NA,4,"2026/2027","Unobserved",7941,14795,NA,NA,NA,37545,"Caribbean","Cuba",9.16899812230577,910.750000000001,100,"Extremely High","Rare bad event - unusually high cases to date",23.2571946138565,"Extremely High",99.9999999947074,"Rare bad event - unusually high cases to date","Cuba"
"CUB",7,10,8.16640917070223,288,8.88741856029652,1198.75,288,1198.75,0.61375633375631,0.146733276977519,2026,NA,2026-10-01,NA,NA,NA,NA,NA,NA,NA,NA,4,"2026/2027","Unobserved",7941,14795,NA,NA,NA,37545,"Caribbean","Cuba",8.88741856029652,1198.75,100,"Extremely High","Rare bad event - unusually high cases to date",16.7055230652463,"Extremely High",99.9999999947074,"Rare bad event - unusually high cases to date","Cuba"
"CUB",8,11,7.99820402785534,235,8.72625326647459,1433.75,235,1433.75,0.733235214313839,0.119478880557529,2026,NA,2026-11-01,NA,NA,NA,NA,NA,NA,NA,NA,4,"2026/2027","Unobserved",7941,14795,NA,NA,NA,37545,"Caribbean","Cuba",8.72625326647459,1433.75,99.9999999999389,"Extremely High","Rare bad event - unusually high cases to date",13.3665813922657,"Extremely High",99.9999999947074,"Rare bad event - unusually high cases to date","Cuba"
"CUB",9,12,7.66700590058534,165.125,8.59543690868722,1598.875,165.125,1598.875,0.817459200592735,0.0842239862788961,2026,NA,2026-12-01,NA,NA,NA,NA,NA,NA,NA,NA,4,"2026/2027","Unobserved",7941,14795,NA,NA,NA,37545,"Caribbean","Cuba",8.59543690868722,1598.875,99.9999999947074,"Extremely High","Rare bad event - unusually high cases to date",11.5981847572459,"Extremely High",99.9999999947074,"Rare bad event - unusually high cases to date","Cuba"
"CYM",10,1,6.1588210820071,14.8571428571429,6.36417623604554,77.7142857142858,14.8571428571429,77.7142857142857,0.883056388397694,0.215354651974454,2025,"WHO",2025-01-01,0,0,NA,18,NA,FALSE,"no_lookup_match",NA,4,"2024/2025","Observed",0,0,0,0,NA,0,"Caribbean","Cayman Islands",6.36417623604554,77.7142857142858,7.34723602667185e-06,"Extremely Low","Rare good event - unusually low cases to date",-2.42537641110728,"Extremely Low",0.010938500235421,"Rare good event - unusually low cases to date","Cayman Islands"
"CYM",11,2,1.24370560802386,8.71428571428572,6.21178256811383,86.4285714285714,8.71428571428571,86.4285714285714,0.97582891634331,0.0927725279456153,2025,"WHO",2025-02-01,0,0,NA,17,NA,FALSE,"no_lookup_match",NA,4,"2024/2025","Observed",0,0,0,0,NA,0,"Caribbean","Cayman Islands",6.21178256811383,86.4285714285714,5.12804247168766e-06,"Extremely Low","Rare good event - unusually low cases to date",-2.40733587106907,"Extremely Low",0.010938500235421,"Rare good event - unusually low cases to date","Cayman Islands"
"CYM",12,3,1.81147413988399,1.85714285714286,6.49162917604275,88.2857142857143,1.85714285714286,88.2857142857143,1,0.0241710836566903,2025,"WHO",2025-03-01,0,0,NA,16,NA,FALSE,"no_lookup_match",NA,4,"2024/2025","Observed",0,0,0,0,NA,0,"Caribbean","Cayman Islands",6.49162917604275,88.2857142857143,2.76354278796276e-06,"Extremely Low","Rare good event - unusually low cases to date",-2.45906383909457,"Extremely Low",0.010938500235421,"Rare good event - unusually low cases to date","Cayman Islands"
"CYM",1,4,7.23138959703475,1.42857142857143,7.23138959703475,1.42857142857143,1.42857142857143,1.42857142857143,0.0160328280300273,0.0160328280300273,2025,"WHO",2025-04-01,0,0,NA,15,NA,FALSE,"no_lookup_match",NA,4,"2025/2026","Observed",0,0,0,0,NA,0,"Caribbean","Cayman Islands",7.23138959703475,1.42857142857143,27.1534052034072,"Normal","Average - typical case load at this point",-1.09220432341285,"Extremely Low",0.010938500235421,"Rare good event - unusually low cases to date","Cayman Islands"
"CYM",2,5,NA,NA,1.60631263314262,2.85714285714286,1.42857142857143,2.85714285714286,0.0318501661373775,0.0158173381073502,2025,"WHO",2025-05-01,0,0,NA,14,NA,FALSE,"no_lookup_match",NA,4,"2025/2026","Observed",0,0,0,0,NA,0,"Caribbean","Cayman Islands",1.60631263314262,2.85714285714286,19.3665553032764,"Low","Below average - fewer cases than typical at this point",-1.01401740890785,"Extremely Low",0.010938500235421,"Rare good event - unusually low cases to date","Cayman Islands"
"CYM",3,6,NA,NA,1.80799421383996,4.71428571428571,1.85714285714286,4.71428571428571,0.0551920516366295,0.023341885499252,2025,"WHO",2025-06-01,0,0,NA,13,NA,FALSE,"no_lookup_match",NA,4,"2025/2026","Observed",0,0,0,0,NA,0,"Caribbean","Cayman Islands",1.80799421383996,4.71428571428571,9.83062859283629,"Low","Below average - fewer cases than typical at this point",-1.14315929237731,"Extremely Low",0.010938500235421,"Rare good event - unusually low cases to date","Cayman Islands"
"CYM",4,7,3.04406979681329,6.57142857142857,4.24722815040544,11.2857142857143,6.57142857142857,11.2857142857143,0.122924579433727,0.0677325277970978,2025,"WHO",2025-07-01,0,0,0,12,1,TRUE,"applied_mean",NA,4,"2025/2026","Observed",0,0,0,0,NA,0,"Caribbean","Cayman Islands",4.24722815040544,11.2857142857143,0.405677908585545,"Extremely Low","Rare good event - unusually low cases to date",-1.75667109242532,"Extremely Low",0.010938500235421,"Rare good event - unusually low cases to date","Cayman Islands"
"CYM",5,8,4.18666362989453,2.57142857142857,4.22128807308867,13.8571428571429,2.57142857142857,13.8571428571429,0.15367846131232,0.0307538818785928,2025,"WHO",2025-08-01,0,0,0,11,1,TRUE,"applied_mean",NA,4,"2025/2026","Observed",0,0,0,0,NA,0,"Caribbean","Cayman Islands",4.22128807308867,13.8571428571429,0.215449686167923,"Extremely Low","Rare good event - unusually low cases to date",-1.79878383184472,"Extremely Low",0.010938500235421,"Rare good event - unusually low cases to date","Cayman Islands"
"CYM",6,9,5.75641231846993,6.71428571428572,3.79543318963803,20.5714285714286,6.71428571428571,20.5714285714286,0.226482744280628,0.072804282968308,2025,"WHO",2025-09-01,0,0,0,10,1,TRUE,"applied_mean",NA,4,"2025/2026","Observed",0,0,0,0,NA,0,"Caribbean","Cayman Islands",3.79543318963803,20.5714285714286,0.0861078072509865,"Extremely Low","Rare good event - unusually low cases to date",-1.79004150874664,"Extremely Low",0.010938500235421,"Rare good event - unusually low cases to date","Cayman Islands"
"CYM",7,10,1.95214138106504,20.2857142857143,2.6732472875372,40.8571428571428,20.2857142857143,40.8571428571429,0.426987235735436,0.200504491454808,2025,"WHO",2025-10-01,0,0,0,9,1,TRUE,"applied_mean",NA,4,"2025/2026","Observed",0,0,0,0,NA,0,"Caribbean","Cayman Islands",2.6732472875372,40.8571428571428,0.0576346213336343,"Extremely Low","Rare good event - unusually low cases to date",-1.58400768461999,"Extremely Low",0.010938500235421,"Rare good event - unusually low cases to date","Cayman Islands"
"CYM",8,11,3.18623332975788,17,2.69289239620182,57.8571428571429,17,57.8571428571429,0.606582038568439,0.179594802833003,2025,"WHO",2025-11-01,0,0,0,8,1,TRUE,"applied_mean",NA,4,"2025/2026","Observed",0,0,0,0,NA,0,"Caribbean","Cayman Islands",2.69289239620182,57.8571428571429,0.0228818511461801,"Extremely Low","Rare good event - unusually low cases to date",-1.60409760887657,"Extremely Low",0.010938500235421,"Rare good event - unusually low cases to date","Cayman Islands"
"CYM",9,12,2.11385089495028,5,2.93193458798849,62.8571428571429,5,62.8571428571429,0.66770173642324,0.0611196978548015,2025,"WHO",2025-12-01,0,0,0,7,1,TRUE,"applied_mean",NA,4,"2025/2026","Observed",0,0,0,0,NA,0,"Caribbean","Cayman Islands",2.93193458798849,62.8571428571429,0.010938500235421,"Extremely Low","Rare good event - unusually low cases to date",-1.67369977789141,"Extremely Low",0.010938500235421,"Rare good event - unusually low cases to date","Cayman Islands"
"CYM",10,1,6.1588210820071,14.8571428571429,6.36417623604554,77.7142857142858,14.8571428571429,77.7142857142857,0.883056388397694,0.215354651974454,2026,"WHO",2026-01-01,0,0,0,6,1,TRUE,"applied_mean",NA,4,"2025/2026","Observed",0,0,0,0,NA,0,"Caribbean","Cayman Islands",6.36417623604554,77.7142857142858,7.34723602667185e-06,"Extremely Low","Rare good event - unusually low cases to date",-2.42537641110728,"Extremely Low",0.010938500235421,"Rare good event - unusually low cases to date","Cayman Islands"
"CYM",11,2,1.24370560802386,8.71428571428572,6.21178256811383,86.4285714285714,8.71428571428571,86.4285714285714,0.97582891634331,0.0927725279456153,2026,"WHO",2026-02-01,0,0,0,5,1,TRUE,"applied_mean",NA,4,"2025/2026","Observed",0,0,0,0,NA,0,"Caribbean","Cayman Islands",6.21178256811383,86.4285714285714,5.12804247168766e-06,"Extremely Low","Rare good event - unusually low cases to date",-2.40733587106907,"Extremely Low",0.010938500235421,"Rare good event - unusually low cases to date","Cayman Islands"
"CYM",12,3,1.81147413988399,1.85714285714286,6.49162917604275,88.2857142857143,1.85714285714286,88.2857142857143,1,0.0241710836566903,2026,"WHO",2026-03-01,0,0,0,4,1,TRUE,"applied_mean",NA,4,"2025/2026","Observed",0,0,0,0,NA,0,"Caribbean","Cayman Islands",6.49162917604275,88.2857142857143,2.76354278796276e-06,"Extremely Low","Rare good event - unusually low cases to date",-2.45906383909457,"Extremely Low",0.010938500235421,"Rare good event - unusually low cases to date","Cayman Islands"
"CYM",1,4,7.23138959703475,1.42857142857143,7.23138959703475,1.42857142857143,1.42857142857143,1.42857142857143,0.0160328280300273,0.0160328280300273,2026,"WHO",2026-04-01,0,0,NA,3,NA,FALSE,"insufficient_n_rf",NA,4,"2026/2027","Observed",0,0,0,0,NA,0,"Caribbean","Cayman Islands",7.23138959703475,1.42857142857143,27.1534052034072,"Normal","Average - typical case load at this point",-1.09220432341285,"Extremely Low",0.010938500235421,"Rare good event - unusually low cases to date","Cayman Islands"
"CYM",2,5,NA,NA,1.60631263314262,2.85714285714286,1.42857142857143,2.85714285714286,0.0318501661373775,0.0158173381073502,2026,"WHO",2026-05-01,0,0,NA,2,NA,FALSE,"no_lookup_match",NA,4,"2026/2027","Observed",0,0,0,0,NA,0,"Caribbean","Cayman Islands",1.60631263314262,2.85714285714286,19.3665553032764,"Low","Below average - fewer cases than typical at this point",-1.01401740890785,"Extremely Low",0.010938500235421,"Rare good event - unusually low cases to date","Cayman Islands"
"CYM",3,6,NA,NA,1.80799421383996,4.71428571428571,1.85714285714286,4.71428571428571,0.0551920516366295,0.023341885499252,2026,"Estimates",2026-06-01,0,NA,NA,1,NA,FALSE,"no_lookup_match",NA,4,"2026/2027","Unobserved",0,0,0,0,0,0,"Caribbean","Cayman Islands",1.80799421383996,4.71428571428571,9.83062859283629,"Low","Below average - fewer cases than typical at this point",-1.14315929237731,"Extremely Low",0.010938500235421,"Rare good event - unusually low cases to date","Cayman Islands"
"CYM",4,7,3.04406979681329,6.57142857142857,4.24722815040544,11.2857142857143,6.57142857142857,11.2857142857143,0.122924579433727,0.0677325277970978,2026,"Estimates",2026-07-01,0,NA,NA,NA,NA,NA,NA,NA,4,"2026/2027","Unobserved",0,0,0,0,0,0,"Caribbean","Cayman Islands",4.24722815040544,11.2857142857143,0.405677908585545,"Extremely Low","Rare good event - unusually low cases to date",-1.75667109242532,"Extremely Low",0.010938500235421,"Rare good event - unusually low cases to date","Cayman Islands"
"CYM",5,8,4.18666362989453,2.57142857142857,4.22128807308867,13.8571428571429,2.57142857142857,13.8571428571429,0.15367846131232,0.0307538818785928,2026,NA,2026-08-01,NA,NA,NA,NA,NA,NA,NA,NA,4,"2026/2027","Unobserved",0,0,0,0,NA,0,"Caribbean","Cayman Islands",4.22128807308867,13.8571428571429,0.215449686167923,"Extremely Low","Rare good event - unusually low cases to date",-1.79878383184472,"Extremely Low",0.010938500235421,"Rare good event - unusually low cases to date","Cayman Islands"
"CYM",6,9,5.75641231846993,6.71428571428572,3.79543318963803,20.5714285714286,6.71428571428571,20.5714285714286,0.226482744280628,0.072804282968308,2026,NA,2026-09-01,NA,NA,NA,NA,NA,NA,NA,NA,4,"2026/2027","Unobserved",0,0,0,0,NA,0,"Caribbean","Cayman Islands",3.79543318963803,20.5714285714286,0.0861078072509865,"Extremely Low","Rare good event - unusually low cases to date",-1.79004150874664,"Extremely Low",0.010938500235421,"Rare good event - unusually low cases to date","Cayman Islands"
"CYM",7,10,1.95214138106504,20.2857142857143,2.6732472875372,40.8571428571428,20.2857142857143,40.8571428571429,0.426987235735436,0.200504491454808,2026,NA,2026-10-01,NA,NA,NA,NA,NA,NA,NA,NA,4,"2026/2027","Unobserved",0,0,0,0,NA,0,"Caribbean","Cayman Islands",2.6732472875372,40.8571428571428,0.0576346213336343,"Extremely Low","Rare good event - unusually low cases to date",-1.58400768461999,"Extremely Low",0.010938500235421,"Rare good event - unusually low cases to date","Cayman Islands"
"CYM",8,11,3.18623332975788,17,2.69289239620182,57.8571428571429,17,57.8571428571429,0.606582038568439,0.179594802833003,2026,NA,2026-11-01,NA,NA,NA,NA,NA,NA,NA,NA,4,"2026/2027","Unobserved",0,0,0,0,NA,0,"Caribbean","Cayman Islands",2.69289239620182,57.8571428571429,0.0228818511461801,"Extremely Low","Rare good event - unusually low cases to date",-1.60409760887657,"Extremely Low",0.010938500235421,"Rare good event - unusually low cases to date","Cayman Islands"
"CYM",9,12,2.11385089495028,5,2.93193458798849,62.8571428571429,5,62.8571428571429,0.66770173642324,0.0611196978548015,2026,NA,2026-12-01,NA,NA,NA,NA,NA,NA,NA,NA,4,"2026/2027","Unobserved",0,0,0,0,NA,0,"Caribbean","Cayman Islands",2.93193458798849,62.8571428571429,0.010938500235421,"Extremely Low","Rare good event - unusually low cases to date",-1.67369977789141,"Extremely Low",0.010938500235421,"Rare good event - unusually low cases to date","Cayman Islands"
"DOM",11,1,0.867141934428965,777.249999999999,1.23311824582974,8907.31250000001,777.25,8907.3125,0.942601047644631,0.0761005250169011,2025,"PAHO",2025-01-01,201,201,NA,79,NA,FALSE,"no_lookup_match","current_month_missing",3,"2024/2025","Observed",201,201,367,2321,NA,367,"Caribbean","Dominican Republic",1.23311824582974,8907.31250000001,1.06657783096657,"Extremely Low","Rare good event - unusually low cases to date",-1.08532514431545,"Low",13.8904940785692,"Below average - fewer cases than typical at this point","Dominican Republic"
"DOM",12,2,1.31716228823389,432.5625,1.26479081546161,9339.87499999999,432.5625,9339.875,1,0.0573989523553694,2025,"PAHO",2025-02-01,166,166,NA,75,NA,FALSE,"no_lookup_match","current_month_missing",3,"2024/2025","Observed",367,367,367,2321,NA,367,"Caribbean","Dominican Republic",1.26479081546161,9339.87499999999,1.91786452185679,"Extremely Low","Rare good event - unusually low cases to date",-1.08036498886049,"Low",13.8904940785692,"Below average - fewer cases than typical at this point","Dominican Republic"
"DOM",1,3,1.57090929670601,460.375000000001,1.57090929670601,460.375000000001,460.375,460.375,0.0848153118399859,0.0848153118399859,2025,"PAHO",2025-03-01,239,239,NA,70,NA,FALSE,"no_lookup_match","current_month_missing",3,"2025/2026","Observed",239,606,1861,2321,NA,1861,"Caribbean","Dominican Republic",1.57090929670601,460.375000000001,32.3779638535284,"Normal","Average - typical case load at this point",-0.601662162608894,"Low",13.8904940785692,"Below average - fewer cases than typical at this point","Dominican Republic"
"DOM",2,4,1.90550549033842,372.375,1.84120310630431,832.749999999999,372.375,832.75,0.147324913437771,0.0625096015977854,2025,"PAHO",2025-04-01,126,126,NA,66,NA,FALSE,"no_lookup_match","current_month_missing",3,"2025/2026","Observed",365,732,1861,2321,NA,1861,"Caribbean","Dominican Republic",1.84120310630431,832.749999999999,23.5567056566019,"Low","Below average - fewer cases than typical at this point",-0.761325582695204,"Low",13.8904940785692,"Below average - fewer cases than typical at this point","Dominican Republic"
"DOM",3,5,2.10166464065858,410.499999999999,2.04467454130992,1243.25,410.5,1243.25,0.211730643203128,0.0644057297653564,2025,"PAHO",2025-05-01,166,166,NA,62,NA,FALSE,"no_lookup_match","current_month_missing",3,"2025/2026","Observed",531,898,1861,2321,NA,1861,"Caribbean","Dominican Republic",2.04467454130992,1243.25,20.7294040919141,"Low","Below average - fewer cases than typical at this point",-0.818519920304899,"Low",13.8904940785692,"Below average - fewer cases than typical at this point","Dominican Republic"
"DOM",4,6,1.44693069920596,518.062499999999,1.93754300516391,1761.3125,518.0625,1761.3125,0.283064171683959,0.0713335284808316,2025,"PAHO",2025-06-01,178,178,NA,57,NA,FALSE,"no_lookup_match","current_month_missing",3,"2025/2026","Observed",709,1076,1861,2321,NA,1861,"Caribbean","Dominican Republic",1.93754300516391,1761.3125,19.945464123818,"Low","Below average - fewer cases than typical at this point",-0.831180305872475,"Low",13.8904940785692,"Below average - fewer cases than typical at this point","Dominican Republic"
"DOM",5,7,1.11858823023686,693.562500000001,1.83813143351877,2454.875,693.5625,2454.875,0.35805229761995,0.0749881259359907,2025,"PAHO",2025-07-01,139,139,NA,53,NA,FALSE,"no_lookup_match","current_month_missing",3,"2025/2026","Observed",848,1215,1861,2321,NA,1861,"Caribbean","Dominican Republic",1.83813143351877,2454.875,16.8466654906762,"Low","Below average - fewer cases than typical at this point",-0.887112011769685,"Low",13.8904940785692,"Below average - fewer cases than typical at this point","Dominican Republic"
"DOM",6,8,0.930508703501028,909.062499999998,1.68495595092402,3363.9375,909.0625,3363.9375,0.442758892474785,0.0847065948548353,2025,"PAHO",2025-08-01,117,117,NA,49,1,TRUE,"applied_mean","previous_month_missing",3,"2025/2026","Observed",965,1332,1861,2321,NA,1861,"Caribbean","Dominican Republic",1.68495595092402,3363.9375,14.3408689150621,"Low","Below average - fewer cases than typical at this point",-0.925457654332959,"Low",13.8904940785692,"Below average - fewer cases than typical at this point","Dominican Republic"
"DOM",7,9,0.73340796507248,1325.4375,1.42811671452996,4689.375,1325.4375,4689.375,0.550640477791891,0.107881585317106,2025,"PAHO",2025-09-01,168,168,168,44,1,TRUE,"applied_mean","not_missing",3,"2025/2026","Observed",1133,1500,1861,2321,NA,1861,"Caribbean","Dominican Republic",1.42811671452996,4689.375,14.1903468042651,"Low","Below average - fewer cases than typical at this point",-0.906167152161758,"Low",13.8904940785692,"Below average - fewer cases than typical at this point","Dominican Republic"
"DOM",8,10,0.718224205060224,1602,1.25505319954734,6291.37499999999,1602,6291.375,0.681629699958025,0.130989222166134,2025,"PAHO",2025-10-01,172,172,172,40,1,TRUE,"applied_mean","not_missing",3,"2025/2026","Observed",1305,1672,1861,2321,NA,1861,"Caribbean","Dominican Republic",1.25505319954734,6291.37499999999,14.1101323807767,"Low","Below average - fewer cases than typical at this point",-0.887824484571177,"Low",13.8904940785692,"Below average - fewer cases than typical at this point","Dominican Republic"
"DOM",9,11,1.01819205329019,985.687500000001,1.27378305298554,7277.06250000002,985.6875,7277.0625,0.787554110033882,0.105924410075856,2025,"PAHO",2025-11-01,196,196,196,36,1,TRUE,"applied_mean","not_missing",3,"2025/2026","Observed",1501,1868,1861,2321,NA,1861,"Caribbean","Dominican Republic",1.27378305298554,7277.06250000002,13.737941322305,"Low","Below average - fewer cases than typical at this point",-0.895747296149406,"Low",13.8904940785692,"Below average - fewer cases than typical at this point","Dominican Republic"
"DOM",10,12,0.884070975331393,853,1.24337487720571,8130.0625,853,8130.0625,0.866500522627729,0.0789464125938477,2025,"PAHO",2025-12-01,143,143,143,32,1,TRUE,"applied_mean","not_missing",3,"2025/2026","Observed",1644,2011,1861,2321,NA,1861,"Caribbean","Dominican Republic",1.24337487720571,8130.0625,13.8904940785692,"Low","Below average - fewer cases than typical at this point",-0.889518699023603,"Low",13.8904940785692,"Below average - fewer cases than typical at this point","Dominican Republic"
"DOM",11,1,0.867141934428965,777.249999999999,1.23311824582974,8907.31250000001,777.25,8907.3125,0.942601047644631,0.0761005250169011,2026,"PAHO",2026-01-01,132,132,132,27,1,TRUE,"applied_mean","not_missing",3,"2025/2026","Observed",1776,132,1861,2519,NA,1861,"Caribbean","Dominican Republic",1.23311824582974,8907.31250000001,13.832692073208,"Low","Below average - fewer cases than typical at this point",-0.888986326670573,"Extremely Low",4.64181480935204,"Rare good event - unusually low cases to date","Dominican Republic"
"DOM",12,2,1.31716228823389,432.5625,1.26479081546161,9339.87499999999,432.5625,9339.875,1,0.0573989523553694,2026,"PAHO",2026-02-01,85,85,85,23,1,TRUE,"applied_mean","not_missing",3,"2025/2026","Observed",1861,217,1861,2519,NA,1861,"Caribbean","Dominican Republic",1.26479081546161,9339.87499999999,13.340744997094,"Low","Below average - fewer cases than typical at this point",-0.900482254134156,"Extremely Low",4.64181480935204,"Rare good event - unusually low cases to date","Dominican Republic"
"DOM",1,3,1.57090929670601,460.375000000001,1.57090929670601,460.375000000001,460.375,460.375,0.0848153118399859,0.0848153118399859,2026,"PAHO",2026-03-01,103,103,103,18,1,TRUE,"applied_mean","not_missing",3,"2026/2027","Observed",103,320,1752,2519,NA,1776,"Caribbean","Dominican Republic",1.57090929670601,460.375000000001,11.3674568177616,"Low","Below average - fewer cases than typical at this point",-0.971288606944566,"Extremely Low",4.64181480935204,"Rare good event - unusually low cases to date","Dominican Republic"
"DOM",2,4,1.90550549033842,372.375,1.84120310630431,832.749999999999,372.375,832.75,0.147324913437771,0.0625096015977854,2026,"PAHO",2026-04-01,93,93,93,14,1,TRUE,"applied_mean","not_missing",3,"2026/2027","Observed",196,413,1752,2519,NA,1776,"Caribbean","Dominican Republic",1.84120310630431,832.749999999999,9.47167702638076,"Low","Below average - fewer cases than typical at this point",-1.03639564891752,"Extremely Low",4.64181480935204,"Rare good event - unusually low cases to date","Dominican Republic"
"DOM",3,5,2.10166464065858,410.499999999999,2.04467454130992,1243.25,410.5,1243.25,0.211730643203128,0.0644057297653564,2026,"PAHO",2026-05-01,135,135,135,10,1,TRUE,"applied_mean","not_missing",3,"2026/2027","Observed",331,548,1752,2519,NA,1776,"Caribbean","Dominican Republic",2.04467454130992,1243.25,9.73828016187313,"Low","Below average - fewer cases than typical at this point",-1.04836054376714,"Extremely Low",4.64181480935204,"Rare good event - unusually low cases to date","Dominican Republic"
"DOM",4,6,1.44693069920596,518.062499999999,1.93754300516391,1761.3125,518.0625,1761.3125,0.283064171683959,0.0713335284808316,2026,"PAHO",2026-06-01,165,165,165,5,1,TRUE,"applied_mean","not_missing",3,"2026/2027","Observed",496,713,1752,2519,NA,1776,"Caribbean","Dominican Republic",1.93754300516391,1761.3125,11.5618948606074,"Low","Below average - fewer cases than typical at this point",-0.999420638616634,"Extremely Low",4.64181480935204,"Rare good event - unusually low cases to date","Dominican Republic"
"DOM",5,7,1.11858823023686,693.562500000001,1.83813143351877,2454.875,693.5625,2454.875,0.35805229761995,0.0749881259359907,2026,"Estimates",2026-07-01,140,NA,NA,NA,NA,NA,NA,NA,3,"2026/2027","Unobserved",636,853,1752,2519,139.552902366879,1776,"Caribbean","Dominican Republic",1.83813143351877,2454.875,10.9542976988651,"Low","Below average - fewer cases than typical at this point",-1.00415144949519,"Extremely Low",4.64181480935204,"Rare good event - unusually low cases to date","Dominican Republic"
"DOM",6,8,0.930508703501028,909.062499999998,1.68495595092402,3363.9375,909.0625,3363.9375,0.442758892474785,0.0847065948548353,2026,NA,2026-08-01,NA,NA,NA,NA,NA,NA,NA,NA,3,"2026/2027","Unobserved",636,853,1752,2519,NA,1776,"Caribbean","Dominican Republic",1.68495595092402,3363.9375,7.8532188831802,"Low","Below average - fewer cases than typical at this point",-1.05237866343617,"Extremely Low",4.64181480935204,"Rare good event - unusually low cases to date","Dominican Republic"
"DOM",7,9,0.73340796507248,1325.4375,1.42811671452996,4689.375,1325.4375,4689.375,0.550640477791891,0.107881585317106,2026,NA,2026-09-01,NA,NA,NA,NA,NA,NA,NA,NA,3,"2026/2027","Unobserved",636,853,1752,2519,NA,1776,"Caribbean","Dominican Republic",1.42811671452996,4689.375,6.78843518805649,"Low","Below average - fewer cases than typical at this point",-1.03280314376118,"Extremely Low",4.64181480935204,"Rare good event - unusually low cases to date","Dominican Republic"
"DOM",8,10,0.718224205060224,1602,1.25505319954734,6291.37499999999,1602,6291.375,0.681629699958025,0.130989222166134,2026,NA,2026-10-01,NA,NA,NA,NA,NA,NA,NA,NA,3,"2026/2027","Unobserved",636,853,1752,2519,NA,1776,"Caribbean","Dominican Republic",1.25505319954734,6291.37499999999,6.1610592933172,"Low","Below average - fewer cases than typical at this point",-1.00693999036008,"Extremely Low",4.64181480935204,"Rare good event - unusually low cases to date","Dominican Republic"
"DOM",9,11,1.01819205329019,985.687500000001,1.27378305298554,7277.06250000002,985.6875,7277.0625,0.787554110033882,0.105924410075856,2026,NA,2026-11-01,NA,NA,NA,NA,NA,NA,NA,NA,3,"2026/2027","Unobserved",636,853,1752,2519,NA,1776,"Caribbean","Dominican Republic",1.27378305298554,7277.06250000002,5.00460702238909,"Low","Below average - fewer cases than typical at this point",-1.02989082578906,"Extremely Low",4.64181480935204,"Rare good event - unusually low cases to date","Dominican Republic"
"DOM",10,12,0.884070975331393,853,1.24337487720571,8130.0625,853,8130.0625,0.866500522627729,0.0789464125938477,2026,NA,2026-12-01,NA,NA,NA,NA,NA,NA,NA,NA,3,"2026/2027","Unobserved",636,853,1752,2519,NA,1776,"Caribbean","Dominican Republic",1.24337487720571,8130.0625,4.64181480935204,"Extremely Low","Rare good event - unusually low cases to date",-1.02775894086768,"Extremely Low",4.64181480935204,"Rare good event - unusually low cases to date","Dominican Republic"
"ECU",3,1,2.40554923794322,1520.26666666667,2.19938562385211,3449.06666666667,1520.26666666667,3449.06666666667,0.181795941151241,0.0806565017865964,2025,"PAHO",2025-01-01,4513,4513,NA,79,NA,FALSE,"no_lookup_match","current_month_missing",11,"2024/2025","Observed",4513,4513,35858,375007,NA,35858,"South America","Ecuador",2.19938562385211,3449.06666666667,73.863270315321,"Normal","Average - typical case load at this point",0.457325157290353,"Normal",63.8274061648822,"Average - typical case load at this point","Ecuador"
"ECU",4,2,2.19842779847096,1799.46666666667,2.33912206395077,5248.53333333333,1799.46666666667,5248.53333333333,0.272082895458071,0.0902869543068297,2025,"PAHO",2025-02-01,4122,4122,NA,75,NA,FALSE,"no_lookup_match","current_month_missing",11,"2024/2025","Observed",8635,8635,35858,375007,NA,35858,"South America","Ecuador",2.33912206395077,5248.53333333333,85.0939078360342,"High","Above average - more cases than typical at this point",0.986594144032175,"Normal",63.8274061648822,"Average - typical case load at this point","Ecuador"
"ECU",5,3,1.88112125485409,2649.86666666667,2.39403142387154,7898.40000000001,2649.86666666667,7898.4,0.39514883283666,0.123065937378589,2025,"PAHO",2025-03-01,5770,5770,NA,70,NA,FALSE,"no_lookup_match","current_month_missing",11,"2024/2025","Observed",14405,14405,35858,375007,NA,35858,"South America","Ecuador",2.39403142387154,7898.40000000001,89.2253583907761,"High","Above average - more cases than typical at this point",1.27442446527307,"Normal",63.8274061648822,"Average - typical case load at this point","Ecuador"
"ECU",6,4,1.63039159944401,2776.33333333334,2.29908712647823,10674.7333333333,2776.33333333333,10674.7333333333,0.51828597620176,0.123137143365101,2025,"PAHO",2025-04-01,4985,4985,NA,66,NA,FALSE,"no_lookup_match","current_month_missing",11,"2024/2025","Observed",19390,19390,35858,375007,NA,35858,"South America","Ecuador",2.29908712647823,10674.7333333333,88.7769664207007,"High","Above average - more cases than typical at this point",1.23781173821331,"Normal",63.8274061648822,"Average - typical case load at this point","Ecuador"
"ECU",7,5,1.33297965656592,3288.53333333333,2.1007358132893,13963.2666666667,3288.53333333333,13963.2666666667,0.656307290725207,0.138021314523446,2025,"PAHO",2025-05-01,5324,5324,NA,62,NA,FALSE,"no_lookup_match","current_month_missing",11,"2024/2025","Observed",24714,24714,35858,375007,NA,35858,"South America","Ecuador",2.1007358132893,13963.2666666667,87.1772262265952,"High","Above average - more cases than typical at this point",1.11584561297011,"Normal",63.8274061648822,"Average - typical case load at this point","Ecuador"
"ECU",8,6,1.64266055464281,2530.46666666667,2.08270303911408,16493.7333333333,2530.46666666667,16493.7333333333,0.769621921937917,0.113314631212711,2025,"PAHO",2025-06-01,4741,4741,NA,57,NA,FALSE,"no_lookup_match","current_month_missing",11,"2024/2025","Observed",29455,29455,35858,375007,NA,35858,"South America","Ecuador",2.08270303911408,16493.7333333333,87.439715754354,"High","Above average - more cases than typical at this point",1.13400438690627,"Normal",63.8274061648822,"Average - typical case load at this point","Ecuador"
"ECU",9,7,2.1967992235977,1821.73333333333,2.14699137042469,18315.4666666667,1821.73333333333,18315.4666666667,0.858260279097651,0.0886383571597332,2025,"PAHO",2025-07-01,2452,2452,NA,53,NA,FALSE,"no_lookup_match","current_month_missing",11,"2024/2025","Observed",31907,31907,35858,375007,NA,35858,"South America","Ecuador",2.14699137042469,18315.4666666667,86.7459676409688,"High","Above average - more cases than typical at this point",1.08727690237545,"Normal",63.8274061648822,"Average - typical case load at this point","Ecuador"
"ECU",10,8,2.0776091230734,1097.93333333333,2.19082680003436,19413.3999999999,1097.93333333333,19413.4,0.912815840382549,0.0545555612848986,2025,"PAHO",2025-08-01,1485,1415,NA,49,1.00211267364667,TRUE,"applied_mean","previous_month_missing",11,"2024/2025","Observed",33392,33392,35858,375007,NA,35858,"South America","Ecuador",2.19082680003436,19413.3999999999,86.4072695008898,"High","Above average - more cases than typical at this point",1.06571626289303,"Normal",63.8274061648822,"Average - typical case load at this point","Ecuador"
"ECU",11,9,1.86273082292475,886.333333333336,2.22624977568018,20299.7333333333,886.333333333333,20299.7333333333,0.957420144484682,0.044604304102133,2025,"PAHO",2025-09-01,1440,1433,1440,44,1.00220815224781,TRUE,"applied_mean","not_missing",11,"2024/2025","Observed",34832,34832,35858,375007,NA,35858,"South America","Ecuador",2.22624977568018,20299.7333333333,86.4297471348018,"High","Above average - more cases than typical at this point",1.06808583889315,"Normal",63.8274061648822,"Average - typical case load at this point","Ecuador"
"ECU",12,10,1.61784546745764,856.066666666667,2.24884537398243,21155.8,856.066666666667,21155.8,1,0.0425798555153178,2025,"PAHO",2025-10-01,1026,1020,1026,40,1.00231055167006,TRUE,"applied_mean","not_missing",11,"2024/2025","Observed",35858,35858,35858,375007,NA,35858,"South America","Ecuador",2.24884537398243,21155.8,86.0220269739206,"High","Above average - more cases than typical at this point",1.04210046556467,"Normal",63.8274061648822,"Average - typical case load at this point","Ecuador"
"ECU",1,11,1.75016272776288,791.600000000003,1.75016272776288,791.600000000003,791.6,791.6,0.0411484295815449,0.0411484295815449,2025,"PAHO",2025-11-01,953,948,953,36,1.00238468448859,TRUE,"applied_mean","not_missing",11,"2025/2026","Observed",953,36811,31215,375007,NA,31215,"South America","Ecuador",1.75016272776288,791.600000000003,69.3037769705368,"Normal","Average - typical case load at this point",0.269437099953436,"Normal",63.8274061648822,"Average - typical case load at this point","Ecuador"
"ECU",2,12,1.41080360737768,1137.2,1.63059651838895,1928.8,1137.2,1928.8,0.101139439364645,0.0599910097830999,2025,"PAHO",2025-12-01,1117,1117,1117,31,1.00233839590393,TRUE,"applied_mean","not_missing",11,"2025/2026","Observed",2070,37928,31215,375007,NA,31215,"South America","Ecuador",1.63059651838895,1928.8,63.8274061648822,"Normal","Average - typical case load at this point",0.0934409525840659,"Normal",63.8274061648822,"Average - typical case load at this point","Ecuador"
"ECU",3,1,2.40554923794322,1520.26666666667,2.19938562385211,3449.06666666667,1520.26666666667,3449.06666666667,0.181795941151241,0.0806565017865964,2026,"PAHO",2026-01-01,1788,1784,1788,27,1.00196560839608,TRUE,"applied_mean","not_missing",11,"2025/2026","Observed",3858,1788,31215,28804,NA,31215,"South America","Ecuador",2.19938562385211,3449.06666666667,65.3253588912629,"Normal","Average - typical case load at this point",0.175777461922365,"Extremely Low",0.000974260722783562,"Rare good event - unusually low cases to date","Ecuador"
"ECU",4,2,2.19842779847096,1799.46666666667,2.33912206395077,5248.53333333333,1799.46666666667,5248.53333333333,0.272082895458071,0.0902869543068297,2026,"PAHO",2026-02-01,2112,2112,2112,23,1.00108627836613,TRUE,"applied_mean","not_missing",11,"2025/2026","Observed",5970,3900,31215,28804,NA,31215,"South America","Ecuador",2.33912206395077,5248.53333333333,66.2333231601537,"Normal","Average - typical case load at this point",0.210188039189642,"Extremely Low",0.000974260722783562,"Rare good event - unusually low cases to date","Ecuador"
"ECU",5,3,1.88112125485409,2649.86666666667,2.39403142387154,7898.40000000001,2649.86666666667,7898.4,0.39514883283666,0.123065937378589,2026,"PAHO",2026-03-01,4065,4063,4065,18,1.00080854062447,TRUE,"applied_mean","not_missing",11,"2025/2026","Observed",10035,7965,31215,28804,NA,31215,"South America","Ecuador",2.39403142387154,7898.40000000001,72.5326948184177,"Normal","Average - typical case load at this point",0.418488198521874,"Extremely Low",0.000974260722783562,"Rare good event - unusually low cases to date","Ecuador"
"ECU",6,4,1.63039159944401,2776.33333333334,2.29908712647823,10674.7333333333,2776.33333333333,10674.7333333333,0.51828597620176,0.123137143365101,2026,"PAHO",2026-04-01,4121,4119,4121,14,1.00069655840267,TRUE,"applied_mean","not_missing",11,"2025/2026","Observed",14156,12086,31215,28804,NA,31215,"South America","Ecuador",2.29908712647823,10674.7333333333,74.716032328879,"Normal","Average - typical case load at this point",0.494437279851915,"Extremely Low",0.000974260722783562,"Rare good event - unusually low cases to date","Ecuador"
"ECU",7,5,1.33297965656592,3288.53333333333,2.1007358132893,13963.2666666667,3288.53333333333,13963.2666666667,0.656307290725207,0.138021314523446,2026,"PAHO",2026-05-01,4452,4449,4452,10,1.00064505202091,TRUE,"applied_mean","not_missing",11,"2025/2026","Observed",18608,16538,31215,28804,NA,31215,"South America","Ecuador",2.1007358132893,13963.2666666667,74.6540817157811,"Normal","Average - typical case load at this point",0.482088537843874,"Extremely Low",0.000974260722783562,"Rare good event - unusually low cases to date","Ecuador"
"ECU",8,6,1.64266055464281,2530.46666666667,2.08270303911408,16493.7333333333,2530.46666666667,16493.7333333333,0.769621921937917,0.113314631212711,2026,"PAHO",2026-06-01,5670,5667,5670,5,1.00063048956278,TRUE,"applied_mean","not_missing",11,"2025/2026","Observed",24278,22208,31215,28804,NA,31215,"South America","Ecuador",2.08270303911408,16493.7333333333,79.4390060946396,"High","Above average - more cases than typical at this point",0.681059403827422,"Extremely Low",0.000974260722783562,"Rare good event - unusually low cases to date","Ecuador"
"ECU",9,7,2.1967992235977,1821.73333333333,2.14699137042469,18315.4666666667,1821.73333333333,18315.4666666667,0.858260279097651,0.0886383571597332,2026,"PAHO",2026-07-01,2513,2511,2513,3,1.00063039613601,TRUE,"applied_mean","not_missing",11,"2025/2026","Observed",26791,24721,31215,28804,NA,31215,"South America","Ecuador",2.14699137042469,18315.4666666667,79.3056582958106,"High","Above average - more cases than typical at this point",0.678014128549136,"Extremely Low",0.000974260722783562,"Rare good event - unusually low cases to date","Ecuador"
"ECU",10,8,2.0776091230734,1097.93333333333,2.19082680003436,19413.3999999999,1097.93333333333,19413.4,0.912815840382549,0.0545555612848986,2026,NA,2026-08-01,NA,NA,NA,NA,NA,NA,NA,NA,11,"2025/2026","Unobserved",26791,24721,31215,28804,NA,31215,"South America","Ecuador",2.19082680003436,19413.3999999999,76.5721319729988,"High","Above average - more cases than typical at this point",0.56246178452203,"Extremely Low",0.000974260722783562,"Rare good event - unusually low cases to date","Ecuador"
"ECU",11,9,1.86273082292475,886.333333333336,2.22624977568018,20299.7333333333,886.333333333333,20299.7333333333,0.957420144484682,0.044604304102133,2026,NA,2026-09-01,NA,NA,NA,NA,NA,NA,NA,NA,11,"2025/2026","Unobserved",26791,24721,31215,28804,NA,31215,"South America","Ecuador",2.22624977568018,20299.7333333333,74.350294256486,"Normal","Average - typical case load at this point",0.477092126244069,"Extremely Low",0.000974260722783562,"Rare good event - unusually low cases to date","Ecuador"
"ECU",12,10,1.61784546745764,856.066666666667,2.24884537398243,21155.8,856.066666666667,21155.8,1,0.0425798555153178,2026,NA,2026-10-01,NA,NA,NA,NA,NA,NA,NA,NA,11,"2025/2026","Unobserved",26791,24721,31215,28804,NA,31215,"South America","Ecuador",2.24884537398243,21155.8,72.1886414275003,"Normal","Average - typical case load at this point",0.399426245293222,"Extremely Low",0.000974260722783562,"Rare good event - unusually low cases to date","Ecuador"
"ECU",1,11,1.75016272776288,791.600000000003,1.75016272776288,791.600000000003,791.6,791.6,0.0411484295815449,0.0411484295815449,2026,NA,2026-11-01,NA,NA,NA,NA,NA,NA,NA,NA,11,"2026/2027","Unobserved",0,24721,NA,28804,NA,NA,"South America","Ecuador",1.75016272776288,791.600000000003,0.00224332080623353,"Extremely Low","Rare good event - unusually low cases to date",-1.32147712715702,"Extremely Low",0.000974260722783562,"Rare good event - unusually low cases to date","Ecuador"
"ECU",2,12,1.41080360737768,1137.2,1.63059651838895,1928.8,1137.2,1928.8,0.101139439364645,0.0599910097830999,2026,NA,2026-12-01,NA,NA,NA,NA,NA,NA,NA,NA,11,"2026/2027","Unobserved",0,24721,NA,28804,NA,NA,"South America","Ecuador",1.63059651838895,1928.8,0.000974260722783562,"Extremely Low","Rare good event - unusually low cases to date",-1.2764087064033,"Extremely Low",0.000974260722783562,"Rare good event - unusually low cases to date","Ecuador"
"ERI",7,1,33.9703483507425,1100.2,37.4151700761438,7702.40000000002,1100.2,7702.4,0.619008773695149,0.091823267716685,2025,"Estimates",2025-01-01,7,NA,NA,NA,NA,NA,NA,NA,7,"2024/2025","Unobserved",7,7,75,8206,6.88674507875138,89,"Sub-Saharan Africa","Eritrea",37.4151700761438,7702.40000000002,9.08067531358291e-78,"Extremely Low","Rare good event - unusually low cases to date",-6.09644600523764,"Extremely Low",2.54599663670027,"Rare good event - unusually low cases to date","Eritrea"
"ERI",8,2,7.28224711025048,1195.8,31.2333197097245,8898.2,1195.8,8898.2,0.712138728452886,0.0931299547577366,2025,"WHO",2025-02-01,18,18,NA,17,NA,FALSE,"no_lookup_match",NA,7,"2024/2025","Observed",25,25,75,8206,NA,89,"Sub-Saharan Africa","Eritrea",31.2333197097245,8898.2,1.12957695392127e-59,"Extremely Low","Rare good event - unusually low cases to date",-5.56322100584009,"Extremely Low",2.54599663670027,"Rare good event - unusually low cases to date","Eritrea"
"ERI",9,3,10.046492726815,1060.4,29.3847638487492,9958.59999999996,1060.4,9958.6,0.795184718770663,0.0830459903177777,2025,"Estimates",2025-03-01,6,NA,NA,NA,NA,NA,NA,NA,7,"2024/2025","Unobserved",31,31,75,8206,6.22844927383332,89,"Sub-Saharan Africa","Eritrea",29.3847638487492,9958.59999999996,5.70726123837857e-56,"Extremely Low","Rare good event - unusually low cases to date",-5.39594224813835,"Extremely Low",2.54599663670027,"Rare good event - unusually low cases to date","Eritrea"
"ERI",10,4,8.75138487992655,1053,29.3984907903773,11011.6,1053,11011.6,0.878441710600229,0.0832569918295657,2025,"WHO",2025-04-01,48,48,NA,15,NA,FALSE,"no_lookup_match",NA,7,"2024/2025","Observed",79,79,75,8206,NA,89,"Sub-Saharan Africa","Eritrea",29.3984907903773,11011.6,4.65801333077133e-48,"Extremely Low","Rare good event - unusually low cases to date",-5.3759669192947,"Extremely Low",2.54599663670027,"Rare good event - unusually low cases to date","Eritrea"
"ERI",11,5,14.2637128214286,759.599999999999,30.5199657927008,11771.2,759.6,11771.2,0.939285389138662,0.0608436785384335,2025,"Estimates",2025-05-01,5,NA,NA,NA,NA,NA,NA,NA,7,"2024/2025","Unobserved",84,84,75,8206,4.56327589038251,89,"Sub-Saharan Africa","Eritrea",30.5199657927008,11771.2,5.02434438939174e-50,"Extremely Low","Rare good event - unusually low cases to date",-5.4779678024152,"Extremely Low",2.54599663670027,"Rare good event - unusually low cases to date","Eritrea"
"ERI",12,6,12.2677696383633,750.999999999999,32.3450538963736,12522.2,751,12522.2,1,0.0607146108613376,2025,"Estimates",2025-06-01,5,NA,NA,NA,NA,NA,NA,NA,7,"2024/2025","Unobserved",89,89,75,8206,4.55359581460032,89,"Sub-Saharan Africa","Eritrea",32.3450538963736,12522.2,4.26098758277957e-53,"Extremely Low","Rare good event - unusually low cases to date",-5.63957077880193,"Extremely Low",2.54599663670027,"Rare good event - unusually low cases to date","Eritrea"
"ERI",1,7,18.9968432683147,677.200000000001,18.9968432683147,677.200000000001,677.2,677.2,0.0547915505294059,0.0547915505294059,2025,"WHO",2025-07-01,9,9,9,12,1,TRUE,"applied_mean",NA,7,"2025/2026","Observed",9,98,4299,8206,NA,5456,"Sub-Saharan Africa","Eritrea",18.9968432683147,677.200000000001,1.05708511242563e-21,"Extremely Low","Rare good event - unusually low cases to date",-4.2415314497982,"Extremely Low",2.54599663670027,"Rare good event - unusually low cases to date","Eritrea"
"ERI",2,8,8.09125185902833,731.600000000001,26.6377453433278,1408.8,731.6,1408.8,0.112791980293847,0.0580004297644415,2025,"Estimates",2025-08-01,4,NA,NA,NA,NA,NA,NA,NA,7,"2025/2026","Unobserved",13,102,4299,8206,4.35003223233312,5456,"Sub-Saharan Africa","Eritrea",26.6377453433278,1408.8,6.22819508510582e-35,"Extremely Low","Rare good event - unusually low cases to date",-5.06588203946384,"Extremely Low",2.54599663670027,"Rare good event - unusually low cases to date","Eritrea"
"ERI",3,9,4.66188424799327,1151.4,13.577182821813,2560.2,1151.4,2560.2,0.203443627949377,0.0906516476555292,2025,"WHO",2025-09-01,3493,3493,3493,10,1,TRUE,"applied_mean",NA,7,"2025/2026","Observed",3506,3595,4299,8206,NA,5456,"Sub-Saharan Africa","Eritrea",13.577182821813,2560.2,90.4606010494037,"High","Above average - more cases than typical at this point",1.35763092739897,"Extremely Low",2.54599663670027,"Rare good event - unusually low cases to date","Eritrea"
"ERI",4,10,10.8405220350353,1336.8,12.5075741625719,3896.99999999999,1336.8,3897,0.308948090159424,0.105504462210048,2025,"WHO",2025-10-01,39,39,39,9,1,TRUE,"applied_mean",NA,7,"2025/2026","Observed",3545,3634,4299,8206,NA,5456,"Sub-Saharan Africa","Eritrea",12.5075741625719,3896.99999999999,40.7713488505181,"Normal","Average - typical case load at this point",-0.318935582401647,"Extremely Low",2.54599663670027,"Rare good event - unusually low cases to date","Eritrea"
"ERI",5,11,20.2232810653399,1532.2,15.6244526673451,5429.2,1532.2,5429.2,0.430942495038626,0.121994404879201,2025,"WHO",2025-11-01,465,465,465,8,1,TRUE,"applied_mean",NA,7,"2025/2026","Observed",4010,4099,4299,8206,NA,5456,"Sub-Saharan Africa","Eritrea",15.6244526673451,5429.2,14.6528702509274,"Low","Below average - fewer cases than typical at this point",-1.03177772470999,"Extremely Low",2.54599663670027,"Rare good event - unusually low cases to date","Eritrea"
"ERI",6,12,137.73540255611,1173,24.7247499925156,6602.19999999999,1173,6602.2,0.527185505978464,0.0962430109398384,2025,"WHO",2025-12-01,254,246,254,7,1.03176425564485,TRUE,"applied_mean",NA,7,"2025/2026","Observed",4264,4353,4299,8206,NA,5456,"Sub-Saharan Africa","Eritrea",24.7247499925156,6602.19999999999,2.54599663670027,"Extremely Low","Rare good event - unusually low cases to date",-1.7577101189664,"Extremely Low",2.54599663670027,"Rare good event - unusually low cases to date","Eritrea"
"ERI",7,1,33.9703483507425,1100.2,37.4151700761438,7702.40000000002,1100.2,7702.4,0.619008773695149,0.091823267716685,2026,"Estimates",2026-01-01,395,NA,NA,NA,NA,NA,NA,NA,7,"2025/2026","Unobserved",4659,395,4299,39,394.748227914029,5456,"Sub-Saharan Africa","Eritrea",37.4151700761438,7702.40000000002,0.278315409693979,"Extremely Low","Rare good event - unusually low cases to date",-2.41104085198174,"Extremely Low",1.06376519042554e-24,"Rare good event - unusually low cases to date","Eritrea"
"ERI",8,2,7.28224711025048,1195.8,31.2333197097245,8898.2,1195.8,8898.2,0.712138728452886,0.0931299547577366,2026,"Estimates",2026-02-01,400,NA,NA,NA,NA,NA,NA,NA,7,"2025/2026","Unobserved",5059,795,4299,39,400.365675503509,5456,"Sub-Saharan Africa","Eritrea",31.2333197097245,8898.2,0.243176070404893,"Extremely Low","Rare good event - unusually low cases to date",-2.4070592441984,"Extremely Low",1.06376519042554e-24,"Rare good event - unusually low cases to date","Eritrea"
"ERI",9,3,10.046492726815,1060.4,29.3847638487492,9958.59999999996,1060.4,9958.6,0.795184718770663,0.0830459903177777,2026,"WHO",2026-03-01,24,24,24,4,1,TRUE,"applied_median",NA,7,"2025/2026","Observed",5083,819,4299,39,NA,5456,"Sub-Saharan Africa","Eritrea",29.3847638487492,9958.59999999996,0.0668678512303467,"Extremely Low","Rare good event - unusually low cases to date",-2.65003183297305,"Extremely Low",1.06376519042554e-24,"Rare good event - unusually low cases to date","Eritrea"
"ERI",10,4,8.75138487992655,1053,29.3984907903773,11011.6,1053,11011.6,0.878441710600229,0.0832569918295657,2026,"Estimates",2026-04-01,358,NA,NA,NA,NA,NA,NA,NA,7,"2025/2026","Unobserved",5441,1177,4299,39,357.921807875303,5456,"Sub-Saharan Africa","Eritrea",29.3984907903773,11011.6,0.0403284740776726,"Extremely Low","Rare good event - unusually low cases to date",-2.7392716573023,"Extremely Low",1.06376519042554e-24,"Rare good event - unusually low cases to date","Eritrea"
"ERI",11,5,14.2637128214286,759.599999999999,30.5199657927008,11771.2,759.6,11771.2,0.939285389138662,0.0608436785384335,2026,"WHO",2026-05-01,0,0,0,2,1,TRUE,"applied_median",NA,7,"2025/2026","Observed",5441,1177,4299,39,NA,5456,"Sub-Saharan Africa","Eritrea",30.5199657927008,11771.2,0.0104409135138667,"Extremely Low","Rare good event - unusually low cases to date",-2.96706069741672,"Extremely Low",1.06376519042554e-24,"Rare good event - unusually low cases to date","Eritrea"
"ERI",12,6,12.2677696383633,750.999999999999,32.3450538963736,12522.2,751,12522.2,1,0.0607146108613376,2026,"WHO",2026-06-01,15,15,NA,1,NA,FALSE,"insufficient_n_rf",NA,7,"2025/2026","Observed",5456,1192,4299,39,NA,5456,"Sub-Saharan Africa","Eritrea",32.3450538963736,12522.2,0.00222997896863544,"Extremely Low","Rare good event - unusually low cases to date",-3.20515515210648,"Extremely Low",1.06376519042554e-24,"Rare good event - unusually low cases to date","Eritrea"
"ERI",1,7,18.9968432683147,677.200000000001,18.9968432683147,677.200000000001,677.2,677.2,0.0547915505294059,0.0547915505294059,2026,"Estimates",2026-07-01,236,NA,NA,NA,NA,NA,NA,NA,7,"2026/2027","Unobserved",236,1428,NA,39,235.548875725916,4307,"Sub-Saharan Africa","Eritrea",18.9968432683147,677.200000000001,0.00910335637865891,"Extremely Low","Rare good event - unusually low cases to date",-2.80060412399127,"Extremely Low",1.06376519042554e-24,"Rare good event - unusually low cases to date","Eritrea"
"ERI",2,8,8.09125185902833,731.600000000001,26.6377453433278,1408.8,731.6,1408.8,0.112791980293847,0.0580004297644415,2026,NA,2026-08-01,NA,NA,NA,NA,NA,NA,NA,NA,7,"2026/2027","Unobserved",236,1428,NA,39,NA,4307,"Sub-Saharan Africa","Eritrea",26.6377453433278,1408.8,2.38966569222138e-10,"Extremely Low","Rare good event - unusually low cases to date",-4.25653134824702,"Extremely Low",1.06376519042554e-24,"Rare good event - unusually low cases to date","Eritrea"
"ERI",3,9,4.66188424799327,1151.4,13.577182821813,2560.2,1151.4,2560.2,0.203443627949377,0.0906516476555292,2026,NA,2026-09-01,NA,NA,NA,NA,NA,NA,NA,NA,7,"2026/2027","Unobserved",236,1428,NA,39,NA,4307,"Sub-Saharan Africa","Eritrea",13.577182821813,2560.2,3.27390940101328e-08,"Extremely Low","Rare good event - unusually low cases to date",-3.33622943694298,"Extremely Low",1.06376519042554e-24,"Rare good event - unusually low cases to date","Eritrea"
"ERI",4,10,10.8405220350353,1336.8,12.5075741625719,3896.99999999999,1336.8,3897,0.308948090159424,0.105504462210048,2026,NA,2026-10-01,NA,NA,NA,NA,NA,NA,NA,NA,7,"2026/2027","Unobserved",236,1428,NA,39,NA,4307,"Sub-Saharan Africa","Eritrea",12.5075741625719,3896.99999999999,1.20568712423791e-09,"Extremely Low","Rare good event - unusually low cases to date",-3.31711127037626,"Extremely Low",1.06376519042554e-24,"Rare good event - unusually low cases to date","Eritrea"
"ERI",5,11,20.2232810653399,1532.2,15.6244526673451,5429.2,1532.2,5429.2,0.430942495038626,0.121994404879201,2026,NA,2026-11-01,NA,NA,NA,NA,NA,NA,NA,NA,7,"2026/2027","Unobserved",236,1428,NA,39,NA,4307,"Sub-Saharan Africa","Eritrea",15.6244526673451,5429.2,2.80102300424924e-14,"Extremely Low","Rare good event - unusually low cases to date",-3.77552711384155,"Extremely Low",1.06376519042554e-24,"Rare good event - unusually low cases to date","Eritrea"
"ERI",6,12,137.73540255611,1173,24.7247499925156,6602.19999999999,1173,6602.2,0.527185505978464,0.0962430109398384,2026,NA,2026-12-01,NA,NA,NA,NA,NA,NA,NA,NA,7,"2026/2027","Unobserved",236,1428,NA,39,NA,4307,"Sub-Saharan Africa","Eritrea",24.7247499925156,6602.19999999999,1.06376519042554e-24,"Extremely Low","Rare good event - unusually low cases to date",-4.78570445614743,"Extremely Low",1.06376519042554e-24,"Rare good event - unusually low cases to date","Eritrea"
"ETH",9,1,NA,NA,1.28991905658818,12866.3333333333,181.333333333333,12866.3333333333,0.896414032065017,0.00771828162335729,2025,"Estimates",2025-01-01,15,NA,NA,NA,NA,NA,NA,NA,5,"2024/2025","Unobserved",15,15,1879,4359,14.5026511702883,1894,"Sub-Saharan Africa","Ethiopia",1.28991905658818,12866.3333333333,0.0216366707540037,"Extremely Low","Rare good event - unusually low cases to date",-1.13436508301682,"Low",9.62800328814959,"Below average - fewer cases than typical at this point","Ethiopia"
"ETH",10,2,1.68992533819481,79.3333333333333,1.3018083111342,12945.6666666667,79.3333333333333,12945.6666666667,0.90477643104411,0.00836239897909264,2025,"WHO",2025-02-01,114,114,NA,17,NA,FALSE,"no_lookup_match",NA,5,"2024/2025","Observed",129,129,1879,4359,NA,1894,"Sub-Saharan Africa","Ethiopia",1.3018083111342,12945.6666666667,0.300503211627597,"Extremely Low","Rare good event - unusually low cases to date",-1.12954192173754,"Low",9.62800328814959,"Below average - fewer cases than typical at this point","Ethiopia"
"ETH",11,3,2.02818462551704,75.6666666666667,1.31678445234279,13021.3333333333,75.6666666666667,13021.3333333333,0.913737268419925,0.00896083737581514,2025,"WHO",2025-03-01,140,140,NA,16,NA,FALSE,"no_lookup_match",NA,5,"2024/2025","Observed",269,269,1879,4359,NA,1894,"Sub-Saharan Africa","Ethiopia",1.31678445234279,13021.3333333333,0.729536597947035,"Extremely Low","Rare good event - unusually low cases to date",-1.12374969471819,"Low",9.62800328814959,"Below average - fewer cases than typical at this point","Ethiopia"
"ETH",12,4,0.734757736639571,285,1.58231446223275,13306.3333333333,285,13306.3333333333,1,0.0862627315800751,2025,"WHO",2025-04-01,1625,1625,NA,15,NA,FALSE,"no_lookup_match",NA,5,"2024/2025","Observed",1894,1894,1879,4359,NA,1894,"Sub-Saharan Africa","Ethiopia",1.58231446223275,13306.3333333333,5.85245011685915,"Low","Below average - fewer cases than typical at this point",-1.078789294037,"Low",9.62800328814959,"Below average - fewer cases than typical at this point","Ethiopia"
"ETH",1,5,NA,NA,NA,NA,1021.66666666667,1021.66666666667,0.0765203027654343,0.0765203027654343,2025,"WHO",2025-05-01,344,344,NA,14,NA,FALSE,"no_lookup_match",NA,5,"2025/2026","Observed",344,2238,3036,4359,NA,3036,"Sub-Saharan Africa","Ethiopia",NA,NA,NA,"Unknown","Cannot determine",NA,"Low",9.62800328814959,"Below average - fewer cases than typical at this point","Ethiopia"
"ETH",2,6,NA,NA,NA,NA,1411.66666666667,2433.33333333333,0.140337821007442,0.0638175182420077,2025,"WHO",2025-06-01,80,80,NA,13,NA,FALSE,"no_lookup_match",NA,5,"2025/2026","Observed",424,2318,3036,4359,NA,3036,"Sub-Saharan Africa","Ethiopia",NA,NA,NA,"Unknown","Cannot determine",NA,"Low",9.62800328814959,"Below average - fewer cases than typical at this point","Ethiopia"
"ETH",3,7,NA,NA,NA,NA,424.666666666667,2858,0.16737457641268,0.027036755405238,2025,"WHO",2025-07-01,98,98,98,12,1,TRUE,"applied_mean",NA,5,"2025/2026","Observed",522,2416,3036,4359,NA,3036,"Sub-Saharan Africa","Ethiopia",NA,NA,NA,"Unknown","Cannot determine",NA,"Low",9.62800328814959,"Below average - fewer cases than typical at this point","Ethiopia"
"ETH",4,8,NA,NA,NA,NA,273.666666666667,3131.66666666667,0.181494739603019,0.0141201631903392,2025,"WHO",2025-08-01,32,32,32,11,1,TRUE,"applied_mean",NA,5,"2025/2026","Observed",554,2448,3036,4359,NA,3036,"Sub-Saharan Africa","Ethiopia",NA,NA,NA,"Unknown","Cannot determine",NA,"Low",9.62800328814959,"Below average - fewer cases than typical at this point","Ethiopia"
"ETH",5,9,1.47707433267256,349.666666666666,0.609200478047963,3481.33333333333,349.666666666667,3481.33333333333,0.207204268779467,0.0257095291764473,2025,"WHO",2025-09-01,62,62,62,10,1,TRUE,"applied_mean",NA,5,"2025/2026","Observed",616,2510,3036,4359,NA,3036,"Sub-Saharan Africa","Ethiopia",0.609200478047963,3481.33333333333,27.6592290461043,"Normal","Average - typical case load at this point",-0.642349907628567,"Low",9.62800328814959,"Below average - fewer cases than typical at this point","Ethiopia"
"ETH",6,10,1.07222642671486,4536.66666666666,1.11060143948672,8018.00000000002,4536.66666666667,8018,0.523917559261916,0.316713290482449,2025,"WHO",2025-10-01,438,438,438,9,1,TRUE,"applied_mean",NA,5,"2025/2026","Observed",1054,2948,3036,4359,NA,3036,"Sub-Saharan Africa","Ethiopia",1.11060143948672,8018.00000000002,10.4076102403271,"Low","Below average - fewer cases than typical at this point",-0.915254242816524,"Low",9.62800328814959,"Below average - fewer cases than typical at this point","Ethiopia"
"ETH",7,11,1.62883037095117,3606,1.26059895873984,11624,3606,11624,0.802936185862009,0.279018626600093,2025,"WHO",2025-11-01,686,686,686,8,1,TRUE,"applied_mean",NA,5,"2025/2026","Observed",1740,3634,3036,4359,NA,3036,"Sub-Saharan Africa","Ethiopia",1.26059895873984,11624,9.66816349682128,"Low","Below average - fewer cases than typical at this point",-0.954645345799563,"Low",9.62800328814959,"Below average - fewer cases than typical at this point","Ethiopia"
"ETH",8,12,1.92467298669724,1061,1.30708532212596,12685,1061,12685,0.88869575044166,0.085759564579651,2025,"WHO",2025-12-01,255,255,255,7,1,TRUE,"applied_mean",NA,5,"2025/2026","Observed",1995,3889,3036,4359,NA,3036,"Sub-Saharan Africa","Ethiopia",1.30708532212596,12685,9.62800328814959,"Low","Below average - fewer cases than typical at this point",-0.963422597027973,"Low",9.62800328814959,"Below average - fewer cases than typical at this point","Ethiopia"
"ETH",9,1,NA,NA,1.28991905658818,12866.3333333333,181.333333333333,12866.3333333333,0.896414032065017,0.00771828162335729,2026,"WHO",2026-01-01,0,0,0,6,1,TRUE,"applied_mean",NA,5,"2025/2026","Observed",1995,0,3036,19189,NA,3036,"Sub-Saharan Africa","Ethiopia",1.28991905658818,12866.3333333333,9.68396638957198,"Low","Below average - fewer cases than typical at this point",-0.959593889544808,"Low",8.13657260977515,"Below average - fewer cases than typical at this point","Ethiopia"
"ETH",10,2,1.68992533819481,79.3333333333333,1.3018083111342,12945.6666666667,79.3333333333333,12945.6666666667,0.90477643104411,0.00836239897909264,2026,"WHO",2026-02-01,46,46,46,5,1,TRUE,"applied_mean",NA,5,"2025/2026","Observed",2041,46,3036,19189,NA,3036,"Sub-Saharan Africa","Ethiopia",1.3018083111342,12945.6666666667,9.72307327188163,"Low","Below average - fewer cases than typical at this point",-0.961036005922543,"Low",8.13657260977515,"Below average - fewer cases than typical at this point","Ethiopia"
"ETH",11,3,2.02818462551704,75.6666666666667,1.31678445234279,13021.3333333333,75.6666666666667,13021.3333333333,0.913737268419925,0.00896083737581514,2026,"WHO",2026-03-01,67,53,67,4,1.26849894291755,TRUE,"applied_mean",NA,5,"2025/2026","Observed",2108,113,3036,19189,NA,3036,"Sub-Saharan Africa","Ethiopia",1.31678445234279,13021.3333333333,9.84203317179654,"Low","Below average - fewer cases than typical at this point",-0.961694984057132,"Low",8.13657260977515,"Below average - fewer cases than typical at this point","Ethiopia"
"ETH",12,4,0.734757736639571,285,1.58231446223275,13306.3333333333,285,13306.3333333333,1,0.0862627315800751,2026,"WHO",2026-04-01,928,705,928,3,1.31695736434109,TRUE,"applied_mean",NA,5,"2025/2026","Observed",3036,1041,3036,19189,NA,3036,"Sub-Saharan Africa","Ethiopia",1.58231446223275,13306.3333333333,11.3877374695581,"Low","Below average - fewer cases than typical at this point",-0.970837892881206,"Low",8.13657260977515,"Below average - fewer cases than typical at this point","Ethiopia"
"ETH",1,5,NA,NA,NA,NA,1021.66666666667,1021.66666666667,0.0765203027654343,0.0765203027654343,2026,"WHO",2026-05-01,1262,801,1262,2,1.5760327313413,TRUE,"applied_mean",NA,5,"2026/2027","Observed",1262,2303,11772,19189,NA,10360,"Sub-Saharan Africa","Ethiopia",NA,NA,NA,"Unknown","Cannot determine",NA,"Low",8.13657260977515,"Below average - fewer cases than typical at this point","Ethiopia"
"ETH",2,6,NA,NA,NA,NA,1411.66666666667,2433.33333333333,0.140337821007442,0.0638175182420077,2026,"WHO",2026-06-01,390,390,NA,1,NA,FALSE,"insufficient_n_rf",NA,5,"2026/2027","Observed",1652,2693,11772,19189,NA,10360,"Sub-Saharan Africa","Ethiopia",NA,NA,NA,"Unknown","Cannot determine",NA,"Low",8.13657260977515,"Below average - fewer cases than typical at this point","Ethiopia"
"ETH",3,7,NA,NA,NA,NA,424.666666666667,2858,0.16737457641268,0.027036755405238,2026,"Estimates",2026-07-01,82,NA,NA,NA,NA,NA,NA,NA,5,"2026/2027","Unobserved",1734,2775,11772,19189,82.0835894103027,10360,"Sub-Saharan Africa","Ethiopia",NA,NA,NA,"Unknown","Cannot determine",NA,"Low",8.13657260977515,"Below average - fewer cases than typical at this point","Ethiopia"
"ETH",4,8,NA,NA,NA,NA,273.666666666667,3131.66666666667,0.181494739603019,0.0141201631903392,2026,NA,2026-08-01,NA,NA,NA,NA,NA,NA,NA,NA,5,"2026/2027","Unobserved",1734,2775,11772,19189,NA,10360,"Sub-Saharan Africa","Ethiopia",NA,NA,NA,"Unknown","Cannot determine",NA,"Low",8.13657260977515,"Below average - fewer cases than typical at this point","Ethiopia"
"ETH",5,9,1.47707433267256,349.666666666666,0.609200478047963,3481.33333333333,349.666666666667,3481.33333333333,0.207204268779467,0.0257095291764473,2026,NA,2026-09-01,NA,NA,NA,NA,NA,NA,NA,NA,5,"2026/2027","Unobserved",1734,2775,11772,19189,NA,10360,"Sub-Saharan Africa","Ethiopia",0.609200478047963,3481.33333333333,48.3974326088071,"Normal","Average - typical case load at this point",-0.391716870147621,"Low",8.13657260977515,"Below average - fewer cases than typical at this point","Ethiopia"
"ETH",6,10,1.07222642671486,4536.66666666666,1.11060143948672,8018.00000000002,4536.66666666667,8018,0.523917559261916,0.316713290482449,2026,NA,2026-10-01,NA,NA,NA,NA,NA,NA,NA,NA,5,"2026/2027","Unobserved",1734,2775,11772,19189,NA,10360,"Sub-Saharan Africa","Ethiopia",1.11060143948672,8018.00000000002,17.2343404152027,"Low","Below average - fewer cases than typical at this point",-0.825884213362872,"Low",8.13657260977515,"Below average - fewer cases than typical at this point","Ethiopia"
"ETH",7,11,1.62883037095117,3606,1.26059895873984,11624,3606,11624,0.802936185862009,0.279018626600093,2026,NA,2026-11-01,NA,NA,NA,NA,NA,NA,NA,NA,5,"2026/2027","Unobserved",1734,2775,11772,19189,NA,10360,"Sub-Saharan Africa","Ethiopia",1.26059895873984,11624,9.62958672056937,"Low","Below average - fewer cases than typical at this point",-0.95522485531745,"Low",8.13657260977515,"Below average - fewer cases than typical at this point","Ethiopia"
"ETH",8,12,1.92467298669724,1061,1.30708532212596,12685,1061,12685,0.88869575044166,0.085759564579651,2026,NA,2026-12-01,NA,NA,NA,NA,NA,NA,NA,NA,5,"2026/2027","Unobserved",1734,2775,11772,19189,NA,10360,"Sub-Saharan Africa","Ethiopia",1.30708532212596,12685,8.13657260977515,"Low","Below average - fewer cases than typical at this point",-0.986944888685999,"Low",8.13657260977515,"Below average - fewer cases than typical at this point","Ethiopia"
"FJI",3,1,0.736944811519677,948.400000000001,0.907927441851649,1647.2,948.4,1647.2,0.242880956482891,0.108763363816202,2025,"WHO",2025-01-01,1629,1629,NA,18,NA,FALSE,"no_lookup_match",NA,11,"2024/2025","Observed",1629,1629,24176,190229,NA,24176,"Pacific Islands","Fiji",0.907927441851649,1647.2,63.4655583258831,"Normal","Average - typical case load at this point",-0.0105252148151941,"High",83.4440863427499,"Above average - more cases than typical at this point","Fiji"
"FJI",4,2,0.735632638590614,1324.06666666667,0.91299998862261,2971.26666666667,1324.06666666667,2971.26666666667,0.392245379034751,0.14936442255186,2025,"WHO",2025-02-01,3394,3394,NA,17,NA,FALSE,"no_lookup_match",NA,11,"2024/2025","Observed",5023,5023,24176,190229,NA,24176,"Pacific Islands","Fiji",0.91299998862261,2971.26666666667,81.2836035676695,"High","Above average - more cases than typical at this point",0.659702235140951,"High",83.4440863427499,"Above average - more cases than typical at this point","Fiji"
"FJI",5,3,0.721140155726716,1423.8,0.888449195253699,4395.06666666667,1423.8,4395.06666666667,0.541080880854135,0.148835501819384,2025,"WHO",2025-03-01,4509,4509,NA,16,NA,FALSE,"no_lookup_match",NA,11,"2024/2025","Observed",9532,9532,24176,190229,NA,24176,"Pacific Islands","Fiji",0.888449195253699,4395.06666666667,87.9512091047567,"High","Above average - more cases than typical at this point",1.10156688146193,"High",83.4440863427499,"Above average - more cases than typical at this point","Fiji"
"FJI",6,4,0.731840971724535,1225.06666666667,0.88425758753033,5620.13333333333,1225.06666666667,5620.13333333333,0.667567872316446,0.126486991462311,2025,"WHO",2025-04-01,4703,4703,NA,15,NA,FALSE,"no_lookup_match",NA,11,"2024/2025","Observed",14235,14235,24176,190229,NA,24176,"Pacific Islands","Fiji",0.88425758753033,5620.13333333333,91.3650211941899,"High","Above average - more cases than typical at this point",1.44130925723356,"High",83.4440863427499,"Above average - more cases than typical at this point","Fiji"
"FJI",7,5,0.725905643219619,880.333333333335,0.915492148664588,6500.46666666667,880.333333333333,6500.46666666667,0.762306092467149,0.0947382201507034,2025,"WHO",2025-05-01,3696,3696,NA,14,NA,FALSE,"no_lookup_match",NA,11,"2024/2025","Observed",17931,17931,24176,190229,NA,24176,"Pacific Islands","Fiji",0.915492148664588,6500.46666666667,93.1689737176576,"High","Above average - more cases than typical at this point",1.6823590593516,"High",83.4440863427499,"Above average - more cases than typical at this point","Fiji"
"FJI",8,6,0.820401821620188,676.399999999999,0.92958374051653,7176.86666666667,676.4,7176.86666666667,0.840999693954708,0.0786936014875589,2025,"WHO",2025-06-01,1894,1894,NA,13,NA,FALSE,"no_lookup_match",NA,11,"2024/2025","Observed",19825,19825,24176,190229,NA,24176,"Pacific Islands","Fiji",0.92958374051653,7176.86666666667,93.2784267704872,"High","Above average - more cases than typical at this point",1.69905599716275,"High",83.4440863427499,"Above average - more cases than typical at this point","Fiji"
"FJI",9,7,0.84993172939279,470.066666666667,0.937217029683564,7646.93333333335,470.066666666667,7646.93333333333,0.897703790487581,0.0567040965328724,2025,"WHO",2025-07-01,1502,1502,1502,12,1,TRUE,"applied_mean",NA,11,"2024/2025","Observed",21327,21327,24176,190229,NA,24176,"Pacific Islands","Fiji",0.937217029683564,7646.93333333335,93.4911575621851,"High","Above average - more cases than typical at this point",1.7317866336032,"High",83.4440863427499,"Above average - more cases than typical at this point","Fiji"
"FJI",10,8,0.803789977738723,338.8,0.942657580266681,7985.73333333333,338.8,7985.73333333333,0.939638187620009,0.0419343971324277,2025,"WHO",2025-08-01,822,822,822,11,1,TRUE,"applied_mean",NA,11,"2024/2025","Observed",22149,22149,24176,190229,NA,24176,"Pacific Islands","Fiji",0.942657580266681,7985.73333333333,93.4268830977164,"High","Above average - more cases than typical at this point",1.72186849314043,"High",83.4440863427499,"Above average - more cases than typical at this point","Fiji"
"FJI",11,9,0.782256346120421,264.333333333333,0.944406455706117,8250.06666666669,264.333333333333,8250.06666666667,0.971305010926734,0.0316668233067255,2025,"WHO",2025-09-01,741,741,741,10,1,TRUE,"applied_mean",NA,11,"2024/2025","Observed",22890,22890,24176,190229,NA,24176,"Pacific Islands","Fiji",0.944406455706117,8250.06666666669,93.4431503706701,"High","Above average - more cases than typical at this point",1.72439302955779,"High",83.4440863427499,"Above average - more cases than typical at this point","Fiji"
"FJI",12,10,0.664333763461099,264.800000000001,0.941316715569387,8514.86666666665,264.8,8514.86666666667,1,0.028694989073266,2025,"WHO",2025-10-01,1286,1286,1286,9,1,TRUE,"applied_mean",NA,11,"2024/2025","Observed",24176,24176,24176,190229,NA,24176,"Pacific Islands","Fiji",0.941316715569387,8514.86666666665,93.8201905558076,"High","Above average - more cases than typical at this point",1.78438768124331,"High",83.4440863427499,"Above average - more cases than typical at this point","Fiji"
"FJI",1,11,0.527209668679448,324.6,0.527209668679448,324.6,324.6,324.6,0.0612735366983323,0.0612735366983323,2025,"WHO",2025-11-01,819,819,819,8,1,TRUE,"applied_mean",NA,11,"2025/2026","Observed",819,24995,6404,190229,NA,6404,"Pacific Islands","Fiji",0.527209668679448,324.6,88.95645685665,"High","Above average - more cases than typical at this point",1.10501768614889,"High",83.4440863427499,"Above average - more cases than typical at this point","Fiji"
"FJI",2,12,0.548542453333408,374.2,0.54909702824471,698.800000000002,374.2,698.8,0.134117592666689,0.0728440559683566,2025,"WHO",2025-12-01,518,518,518,7,1,TRUE,"applied_mean",NA,11,"2025/2026","Observed",1337,25513,6404,190229,NA,6404,"Pacific Islands","Fiji",0.54909702824471,698.800000000002,83.4440863427499,"High","Above average - more cases than typical at this point",0.676484560533586,"High",83.4440863427499,"Above average - more cases than typical at this point","Fiji"
"FJI",3,1,0.736944811519677,948.400000000001,0.907927441851649,1647.2,948.4,1647.2,0.242880956482891,0.108763363816202,2026,"WHO",2026-01-01,805,805,805,6,1,TRUE,"applied_mean",NA,11,"2025/2026","Observed",2142,805,6404,3933,NA,6404,"Pacific Islands","Fiji",0.907927441851649,1647.2,72.8818569130722,"Normal","Average - typical case load at this point",0.286147048931767,"Extremely Low",1.97255471700063,"Rare good event - unusually low cases to date","Fiji"
"FJI",4,2,0.735632638590614,1324.06666666667,0.91299998862261,2971.26666666667,1324.06666666667,2971.26666666667,0.392245379034751,0.14936442255186,2026,"WHO",2026-02-01,1039,1039,1039,5,1,TRUE,"applied_mean",NA,11,"2025/2026","Observed",3181,1844,6404,3933,NA,6404,"Pacific Islands","Fiji",0.91299998862261,2971.26666666667,66.1877549809363,"Normal","Average - typical case load at this point",0.0674364190198013,"Extremely Low",1.97255471700063,"Rare good event - unusually low cases to date","Fiji"
"FJI",5,3,0.721140155726716,1423.8,0.888449195253699,4395.06666666667,1423.8,4395.06666666667,0.541080880854135,0.148835501819384,2026,"WHO",2026-03-01,284,284,284,4,1.00013658403333,TRUE,"applied_mean",NA,11,"2025/2026","Observed",3465,2128,6404,3933,NA,6404,"Pacific Islands","Fiji",0.888449195253699,4395.06666666667,55.8898363154189,"Normal","Average - typical case load at this point",-0.199444020599521,"Extremely Low",1.97255471700063,"Rare good event - unusually low cases to date","Fiji"
"FJI",6,4,0.731840971724535,1225.06666666667,0.88425758753033,5620.13333333333,1225.06666666667,5620.13333333333,0.667567872316446,0.126486991462311,2026,"Estimates",2026-04-01,810,NA,NA,NA,NA,NA,NA,NA,11,"2025/2026","Unobserved",4275,2938,6404,3933,810.02269332464,6404,"Pacific Islands","Fiji",0.88425758753033,5620.13333333333,54.7486956046949,"Normal","Average - typical case load at this point",-0.225047374563363,"Extremely Low",1.97255471700063,"Rare good event - unusually low cases to date","Fiji"
"FJI",7,5,0.725905643219619,880.333333333335,0.915492148664588,6500.46666666667,880.333333333333,6500.46666666667,0.762306092467149,0.0947382201507034,2026,"Estimates",2026-05-01,607,NA,NA,NA,NA,NA,NA,NA,11,"2025/2026","Unobserved",4882,3545,6404,3933,606.703561845105,6404,"Pacific Islands","Fiji",0.915492148664588,6500.46666666667,53.8989175010662,"Normal","Average - typical case load at this point",-0.238207787819051,"Extremely Low",1.97255471700063,"Rare good event - unusually low cases to date","Fiji"
"FJI",8,6,0.820401821620188,676.399999999999,0.92958374051653,7176.86666666667,676.4,7176.86666666667,0.840999693954708,0.0786936014875589,2026,"Estimates",2026-06-01,504,NA,NA,NA,NA,NA,NA,NA,11,"2025/2026","Unobserved",5386,4049,6404,3933,503.953823926327,6404,"Pacific Islands","Fiji",0.92958374051653,7176.86666666667,53.685836039478,"Normal","Average - typical case load at this point",-0.240571685159249,"Extremely Low",1.97255471700063,"Rare good event - unusually low cases to date","Fiji"
"FJI",9,7,0.84993172939279,470.066666666667,0.937217029683564,7646.93333333335,470.066666666667,7646.93333333333,0.897703790487581,0.0567040965328724,2026,"Estimates",2026-07-01,363,NA,NA,NA,NA,NA,NA,NA,11,"2025/2026","Unobserved",5749,4412,6404,3933,363.133034196515,6404,"Pacific Islands","Fiji",0.937217029683564,7646.93333333335,53.6460789471733,"Normal","Average - typical case load at this point",-0.240263125774485,"Extremely Low",1.97255471700063,"Rare good event - unusually low cases to date","Fiji"
"FJI",10,8,0.803789977738723,338.8,0.942657580266681,7985.73333333333,338.8,7985.73333333333,0.939638187620009,0.0419343971324277,2026,NA,2026-08-01,NA,NA,NA,NA,NA,NA,NA,NA,11,"2025/2026","Unobserved",5749,4412,6404,3933,NA,6404,"Pacific Islands","Fiji",0.942657580266681,7985.73333333333,52.0948278372227,"Normal","Average - typical case load at this point",-0.271926014306278,"Extremely Low",1.97255471700063,"Rare good event - unusually low cases to date","Fiji"
"FJI",11,9,0.782256346120421,264.333333333333,0.944406455706117,8250.06666666669,264.333333333333,8250.06666666667,0.971305010926734,0.0316668233067255,2026,NA,2026-09-01,NA,NA,NA,NA,NA,NA,NA,NA,11,"2025/2026","Unobserved",5749,4412,6404,3933,NA,6404,"Pacific Islands","Fiji",0.944406455706117,8250.06666666669,50.9685366376394,"Normal","Average - typical case load at this point",-0.294593003141595,"Extremely Low",1.97255471700063,"Rare good event - unusually low cases to date","Fiji"
"FJI",12,10,0.664333763461099,264.800000000001,0.941316715569387,8514.86666666665,264.8,8514.86666666667,1,0.028694989073266,2026,NA,2026-10-01,NA,NA,NA,NA,NA,NA,NA,NA,11,"2025/2026","Unobserved",5749,4412,6404,3933,NA,6404,"Pacific Islands","Fiji",0.941316715569387,8514.86666666665,49.9555815915536,"Normal","Average - typical case load at this point",-0.315135456861028,"Extremely Low",1.97255471700063,"Rare good event - unusually low cases to date","Fiji"
"FJI",1,11,0.527209668679448,324.6,0.527209668679448,324.6,324.6,324.6,0.0612735366983323,0.0612735366983323,2026,NA,2026-11-01,NA,NA,NA,NA,NA,NA,NA,NA,11,"2026/2027","Unobserved",0,4412,NA,3933,NA,NA,"Pacific Islands","Fiji",0.527209668679448,324.6,3.38102316094237,"Extremely Low","Rare good event - unusually low cases to date",-0.725503116755519,"Extremely Low",1.97255471700063,"Rare good event - unusually low cases to date","Fiji"
"FJI",2,12,0.548542453333408,374.2,0.54909702824471,698.800000000002,374.2,698.8,0.134117592666689,0.0728440559683566,2026,NA,2026-12-01,NA,NA,NA,NA,NA,NA,NA,NA,11,"2026/2027","Unobserved",0,4412,NA,3933,NA,NA,"Pacific Islands","Fiji",0.54909702824471,698.800000000002,1.97255471700063,"Extremely Low","Rare good event - unusually low cases to date",-0.740719854122331,"Extremely Low",1.97255471700063,"Rare good event - unusually low cases to date","Fiji"
"FSM",10,1,0.915491484193339,13.625,0.408122266962375,1013.875,13.625,1013.875,0.896962276844109,0.0684022236928017,2025,"WHO",2025-01-01,5,5,NA,18,NA,FALSE,"no_lookup_match",NA,4,"2024/2025","Observed",5,5,15,53,NA,15,"Pacific Islands","Micronesia (Federated States Of)",0.408122266962375,1013.875,9.44004579844067,"Low","Below average - fewer cases than typical at this point",-0.635566062260541,"Low",20.3621953591101,"Below average - fewer cases than typical at this point","Micronesia (Federated States Of)"
"FSM",11,2,0.65794564745135,11.875,0.425893321538015,1025.75,11.875,1025.75,0.963695665578067,0.066733388733958,2025,"WHO",2025-02-01,9,9,NA,17,NA,FALSE,"no_lookup_match",NA,4,"2024/2025","Observed",14,14,15,53,NA,15,"Pacific Islands","Micronesia (Federated States Of)",0.425893321538015,1025.75,12.8452732037468,"Low","Below average - fewer cases than typical at this point",-0.64356432427676,"Low",20.3621953591101,"Below average - fewer cases than typical at this point","Micronesia (Federated States Of)"
"FSM",12,3,0.618375206988357,6.625,0.433897879357775,1032.375,6.625,1032.375,1,0.0363043344219326,2025,"WHO",2025-03-01,1,1,NA,16,NA,FALSE,"no_lookup_match",NA,4,"2024/2025","Observed",15,15,15,53,NA,15,"Pacific Islands","Micronesia (Federated States Of)",0.433897879357775,1032.375,12.7580433416305,"Low","Below average - fewer cases than typical at this point",-0.649002097356698,"Low",20.3621953591101,"Below average - fewer cases than typical at this point","Micronesia (Federated States Of)"
"FSM",1,4,0.749561089587513,7.625,0.749561089587513,7.625,7.625,7.625,0.0241393721069925,0.0241393721069925,2025,"WHO",2025-04-01,3,3,NA,15,NA,FALSE,"no_lookup_match",NA,4,"2025/2026","Observed",3,18,29,53,NA,29,"Pacific Islands","Micronesia (Federated States Of)",0.749561089587513,7.625,43.8958313604809,"Normal","Average - typical case load at this point",-0.501088346229263,"Low",20.3621953591101,"Below average - fewer cases than typical at this point","Micronesia (Federated States Of)"
"FSM",2,5,0.533039810382994,18.75,0.634305184073926,26.375,18.75,26.375,0.0774436667449418,0.0533042946379493,2025,"WHO",2025-05-01,1,1,NA,14,NA,FALSE,"no_lookup_match",NA,4,"2025/2026","Observed",4,19,29,53,NA,29,"Pacific Islands","Micronesia (Federated States Of)",0.634305184073926,26.375,26.9773542085325,"Normal","Average - typical case load at this point",-0.667665958922421,"Low",20.3621953591101,"Below average - fewer cases than typical at this point","Micronesia (Federated States Of)"
"FSM",3,6,0.693832067363532,37.375,0.677773557822829,63.75,37.375,63.75,0.187318755052987,0.109875088308046,2025,"WHO",2025-06-01,2,2,NA,13,NA,FALSE,"no_lookup_match",NA,4,"2025/2026","Observed",6,21,29,53,NA,29,"Pacific Islands","Micronesia (Federated States Of)",0.677773557822829,63.75,18.1112393497446,"Low","Below average - fewer cases than typical at this point",-0.741852633953885,"Low",20.3621953591101,"Below average - fewer cases than typical at this point","Micronesia (Federated States Of)"
"FSM",4,7,0.728582652306457,21,0.726731406651984,84.75,21,84.75,0.237650453035708,0.0503316979827205,2025,"WHO",2025-07-01,6,6,6,12,1,TRUE,"applied_mean",NA,4,"2025/2026","Observed",12,27,29,53,NA,29,"Pacific Islands","Micronesia (Federated States Of)",0.726731406651984,84.75,20.9957556275607,"Low","Below average - fewer cases than typical at this point",-0.728662057115598,"Low",20.3621953591101,"Below average - fewer cases than typical at this point","Micronesia (Federated States Of)"
"FSM",5,8,0.515698222238815,70.25,0.685833701550594,155,70.25,155,0.338308495705605,0.100658042669897,2025,"WHO",2025-08-01,4,4,4,11,1,TRUE,"applied_mean",NA,4,"2025/2026","Observed",16,31,29,53,NA,29,"Pacific Islands","Micronesia (Federated States Of)",0.685833701550594,155,18.021060513613,"Low","Below average - fewer cases than typical at this point",-0.741026627713411,"Low",20.3621953591101,"Below average - fewer cases than typical at this point","Micronesia (Federated States Of)"
"FSM",6,9,0.316021576444179,315.25,0.446299175743471,470.25,315.25,470.25,0.519348871310699,0.181040375605094,2025,"WHO",2025-09-01,2,2,2,10,1,TRUE,"applied_mean",NA,4,"2025/2026","Observed",18,33,29,53,NA,29,"Pacific Islands","Micronesia (Federated States Of)",0.446299175743471,470.25,18.5821231217602,"Low","Below average - fewer cases than typical at this point",-0.642180071178646,"Low",20.3621953591101,"Below average - fewer cases than typical at this point","Micronesia (Federated States Of)"
"FSM",7,10,0.322241854015387,240.5,0.407456806873682,710.75,240.5,710.75,0.664814536430949,0.14546566512025,2025,"WHO",2025-10-01,6,6,6,9,1,TRUE,"applied_mean",NA,4,"2025/2026","Observed",24,39,29,53,NA,29,"Pacific Islands","Micronesia (Federated States Of)",0.407456806873682,710.75,19.8143982507369,"Low","Below average - fewer cases than typical at this point",-0.616592359027983,"Low",20.3621953591101,"Below average - fewer cases than typical at this point","Micronesia (Federated States Of)"
"FSM",8,11,0.294650397575999,194.875,0.38651730797332,905.625,194.875,905.625,0.76956291109144,0.10474837466049,2025,"WHO",2025-11-01,1,1,1,8,1,TRUE,"applied_mean",NA,4,"2025/2026","Observed",25,40,29,53,NA,29,"Pacific Islands","Micronesia (Federated States Of)",0.38651730797332,905.625,19.6171832724062,"Low","Below average - fewer cases than typical at this point",-0.604413871296424,"Low",20.3621953591101,"Below average - fewer cases than typical at this point","Micronesia (Federated States Of)"
"FSM",9,12,0.307590959626677,94.625,0.380673321818617,1000.25,94.625,1000.25,0.828560053151308,0.058997142059868,2025,"WHO",2025-12-01,4,4,4,7,1,TRUE,"applied_mean",NA,4,"2025/2026","Observed",29,44,29,53,NA,29,"Pacific Islands","Micronesia (Federated States Of)",0.380673321818617,1000.25,20.3621953591101,"Low","Below average - fewer cases than typical at this point",-0.598985165692783,"Low",20.3621953591101,"Below average - fewer cases than typical at this point","Micronesia (Federated States Of)"
"FSM",10,1,0.915491484193339,13.625,0.408122266962375,1013.875,13.625,1013.875,0.896962276844109,0.0684022236928017,2026,"WHO",2026-01-01,0,0,0,6,1,TRUE,"applied_mean",NA,4,"2025/2026","Observed",29,0,29,0,NA,29,"Pacific Islands","Micronesia (Federated States Of)",0.408122266962375,1013.875,18.452402270854,"Low","Below average - fewer cases than typical at this point",-0.620446661448495,"Low",11.5780521255838,"Below average - fewer cases than typical at this point","Micronesia (Federated States Of)"
"FSM",11,2,0.65794564745135,11.875,0.425893321538015,1025.75,11.875,1025.75,0.963695665578067,0.066733388733958,2026,"WHO",2026-02-01,0,0,0,5,1,TRUE,"applied_mean",NA,4,"2025/2026","Observed",29,0,29,0,NA,29,"Pacific Islands","Micronesia (Federated States Of)",0.425893321538015,1025.75,17.2949002792339,"Low","Below average - fewer cases than typical at this point",-0.634022970321582,"Low",11.5780521255838,"Below average - fewer cases than typical at this point","Micronesia (Federated States Of)"
"FSM",12,3,0.618375206988357,6.625,0.433897879357775,1032.375,6.625,1032.375,1,0.0363043344219326,2026,"WHO",2026-03-01,0,0,0,4,1,TRUE,"applied_mean",NA,4,"2025/2026","Observed",29,0,29,0,NA,29,"Pacific Islands","Micronesia (Federated States Of)",0.433897879357775,1032.375,16.7890557685245,"Low","Below average - fewer cases than typical at this point",-0.640071241612264,"Low",11.5780521255838,"Below average - fewer cases than typical at this point","Micronesia (Federated States Of)"
"FSM",1,4,0.749561089587513,7.625,0.749561089587513,7.625,7.625,7.625,0.0241393721069925,0.0241393721069925,2026,"WHO",2026-04-01,0,0,0,3,1,TRUE,"applied_mean",NA,4,"2026/2027","Observed",0,0,0,0,NA,25,"Pacific Islands","Micronesia (Federated States Of)",0.749561089587513,7.625,16.3811271122345,"Low","Below average - fewer cases than typical at this point",-0.826118624864461,"Low",11.5780521255838,"Below average - fewer cases than typical at this point","Micronesia (Federated States Of)"
"FSM",2,5,0.533039810382994,18.75,0.634305184073926,26.375,18.75,26.375,0.0774436667449418,0.0533042946379493,2026,"Estimates",2026-05-01,2,NA,NA,NA,NA,NA,NA,NA,4,"2026/2027","Unobserved",2,2,0,0,1.54582454450053,25,"Pacific Islands","Micronesia (Federated States Of)",0.634305184073926,26.375,19.5712361178809,"Low","Below average - fewer cases than typical at this point",-0.727345597708782,"Low",11.5780521255838,"Below average - fewer cases than typical at this point","Micronesia (Federated States Of)"
"FSM",3,6,0.693832067363532,37.375,0.677773557822829,63.75,37.375,63.75,0.187318755052987,0.109875088308046,2026,"Estimates",2026-06-01,3,NA,NA,NA,NA,NA,NA,NA,4,"2026/2027","Unobserved",5,5,0,0,3.18637756093332,25,"Pacific Islands","Micronesia (Federated States Of)",0.677773557822829,63.75,16.3416371213615,"Low","Below average - fewer cases than typical at this point",-0.754698567009363,"Low",11.5780521255838,"Below average - fewer cases than typical at this point","Micronesia (Federated States Of)"
"FSM",4,7,0.728582652306457,21,0.726731406651984,84.75,21,84.75,0.237650453035708,0.0503316979827205,2026,"Estimates",2026-07-01,1,NA,NA,NA,NA,NA,NA,NA,4,"2026/2027","Unobserved",6,6,0,0,1.45961924149889,25,"Pacific Islands","Micronesia (Federated States Of)",0.726731406651984,84.75,13.5880631001258,"Low","Below average - fewer cases than typical at this point",-0.788757896877709,"Low",11.5780521255838,"Below average - fewer cases than typical at this point","Micronesia (Federated States Of)"
"FSM",5,8,0.515698222238815,70.25,0.685833701550594,155,70.25,155,0.338308495705605,0.100658042669897,2026,NA,2026-08-01,NA,NA,NA,NA,NA,NA,NA,NA,4,"2026/2027","Unobserved",6,6,0,0,NA,25,"Pacific Islands","Micronesia (Federated States Of)",0.685833701550594,155,9.89295435925244,"Low","Below average - fewer cases than typical at this point",-0.794337895894233,"Low",11.5780521255838,"Below average - fewer cases than typical at this point","Micronesia (Federated States Of)"
"FSM",6,9,0.316021576444179,315.25,0.446299175743471,470.25,315.25,470.25,0.519348871310699,0.181040375605094,2026,NA,2026-09-01,NA,NA,NA,NA,NA,NA,NA,NA,4,"2026/2027","Unobserved",6,6,0,0,NA,25,"Pacific Islands","Micronesia (Federated States Of)",0.446299175743471,470.25,11.8092743280489,"Low","Below average - fewer cases than typical at this point",-0.65921967505735,"Low",11.5780521255838,"Below average - fewer cases than typical at this point","Micronesia (Federated States Of)"
"FSM",7,10,0.322241854015387,240.5,0.407456806873682,710.75,240.5,710.75,0.664814536430949,0.14546566512025,2026,NA,2026-10-01,NA,NA,NA,NA,NA,NA,NA,NA,4,"2026/2027","Unobserved",6,6,0,0,NA,25,"Pacific Islands","Micronesia (Federated States Of)",0.407456806873682,710.75,11.6841845301976,"Low","Below average - fewer cases than typical at this point",-0.63275349839821,"Low",11.5780521255838,"Below average - fewer cases than typical at this point","Micronesia (Federated States Of)"
"FSM",8,11,0.294650397575999,194.875,0.38651730797332,905.625,194.875,905.625,0.76956291109144,0.10474837466049,2026,NA,2026-11-01,NA,NA,NA,NA,NA,NA,NA,NA,4,"2026/2027","Unobserved",6,6,0,0,NA,25,"Pacific Islands","Micronesia (Federated States Of)",0.38651730797332,905.625,11.6934634357698,"Low","Below average - fewer cases than typical at this point",-0.61745445446705,"Low",11.5780521255838,"Below average - fewer cases than typical at this point","Micronesia (Federated States Of)"
"FSM",9,12,0.307590959626677,94.625,0.380673321818617,1000.25,94.625,1000.25,0.828560053151308,0.058997142059868,2026,NA,2026-12-01,NA,NA,NA,NA,NA,NA,NA,NA,4,"2026/2027","Unobserved",6,6,0,0,NA,25,"Pacific Islands","Micronesia (Federated States Of)",0.380673321818617,1000.25,11.5780521255838,"Low","Below average - fewer cases than typical at this point",-0.613169627788982,"Low",11.5780521255838,"Below average - fewer cases than typical at this point","Micronesia (Federated States Of)"
"GLP",10,1,0.585942795837071,631.866666666667,0.48237892077879,5914.46666666666,631.866666666667,5914.46666666667,0.820303449626582,0.229103628381434,2025,"PAHO",2025-01-01,2220,2220,NA,79,NA,FALSE,"no_lookup_match","current_month_missing",4,"2024/2025","Observed",2220,2220,4160,8819,NA,4160,"Caribbean","Guadeloupe",0.48237892077879,5914.46666666666,46.7465521956283,"Normal","Average - typical case load at this point",-0.433823041809863,"Normal",52.8327563625355,"Average - typical case load at this point","Guadeloupe"
"GLP",11,2,0.380909575416372,308.8,0.50690151333216,6223.26666666666,308.8,6223.26666666667,0.917128132992577,0.096824683365995,2025,"PAHO",2025-02-01,970,970,NA,75,NA,FALSE,"no_lookup_match","current_month_missing",4,"2024/2025","Observed",3190,3190,4160,8819,NA,4160,"Caribbean","Guadeloupe",0.50690151333216,6223.26666666666,52.3606521582336,"Normal","Average - typical case load at this point",-0.347005444641652,"Normal",52.8327563625355,"Average - typical case load at this point","Guadeloupe"
"GLP",12,3,0.374154715163211,261.6,0.524580874351561,6484.86666666664,261.6,6484.86666666667,1,0.0828718670074234,2025,"PAHO",2025-03-01,970,970,NA,70,NA,FALSE,"no_lookup_match","current_month_missing",4,"2024/2025","Observed",4160,4160,4160,8819,NA,4160,"Caribbean","Guadeloupe",0.524580874351561,6484.86666666664,56.9786377249502,"Normal","Average - typical case load at this point",-0.259648406096851,"Normal",52.8327563625355,"Average - typical case load at this point","Guadeloupe"
"GLP",1,4,0.358867337445346,144.333333333333,0.358867337445346,144.333333333333,144.333333333333,144.333333333333,0.0164868808527986,0.0164868808527986,2025,"WHO",2025-04-01,0,0,NA,15,NA,FALSE,"no_lookup_match",NA,4,"2025/2026","Observed",0,4160,1352,8819,NA,2104,"Caribbean","Guadeloupe",0.358867337445346,144.333333333333,11.6136072982973,"Low","Below average - fewer cases than typical at this point",-0.598312017559499,"Normal",52.8327563625355,"Average - typical case load at this point","Guadeloupe"
"GLP",2,5,0.358669572327286,182.066666666667,0.352155764729582,326.4,182.066666666667,326.4,0.0369035063501641,0.0204166254973655,2025,"PAHO",2025-05-01,210,210,NA,62,NA,FALSE,"no_lookup_match","current_month_missing",4,"2025/2026","Observed",210,4370,1352,8819,NA,2104,"Caribbean","Guadeloupe",0.352155764729582,326.4,62.9066965704565,"Normal","Average - typical case load at this point",-0.211512518060238,"Normal",52.8327563625355,"Average - typical case load at this point","Guadeloupe"
"GLP",3,6,0.356217731323959,238.266666666666,0.348960354870769,564.666666666667,238.266666666667,564.666666666667,0.0622798497885515,0.0253763434383874,2025,"PAHO",2025-06-01,265,265,NA,59,NA,FALSE,"no_lookup_match","current_month_missing",4,"2025/2026","Observed",475,4635,1352,8819,NA,2104,"Caribbean","Guadeloupe",0.348960354870769,564.666666666667,68.0577440595791,"Normal","Average - typical case load at this point",-0.0937762290490723,"Normal",52.8327563625355,"Average - typical case load at this point","Guadeloupe"
"GLP",4,7,0.383674608811601,168.8,0.351243149261722,733.466666666665,168.8,733.466666666667,0.0825137013471546,0.0202338515586031,2025,"Estimates",2025-07-01,84,NA,NA,NA,NA,NA,NA,"current_month_missing",4,"2025/2026","Unobserved",559,4719,1352,8819,84.1728224837888,2104,"Caribbean","Guadeloupe",0.351243149261722,733.466666666665,66.1017495608356,"Normal","Average - typical case load at this point",-0.140939280624039,"Normal",52.8327563625355,"Average - typical case load at this point","Guadeloupe"
"GLP",5,8,0.255083324165022,316.200000000001,0.33973609381457,1049.66666666667,316.2,1049.66666666667,0.114965462191964,0.0324517608448097,2025,"Estimates",2025-08-01,135,NA,NA,NA,NA,NA,NA,"current_month_missing",4,"2025/2026","Unobserved",694,4854,1352,8819,134.999325114409,2104,"Caribbean","Guadeloupe",0.33973609381457,1049.66666666667,63.8865079773586,"Normal","Average - typical case load at this point",-0.197466001690639,"Normal",52.8327563625355,"Average - typical case load at this point","Guadeloupe"
"GLP",6,9,0.345196063457396,1100.86666666667,0.335691169424836,2150.53333333333,1100.86666666667,2150.53333333333,0.236802099037,0.121836636845036,2025,"WHO",2025-09-01,155,155,155,10,1,TRUE,"applied_mean",NA,4,"2025/2026","Observed",849,5009,1352,8819,NA,2104,"Caribbean","Guadeloupe",0.335691169424836,2150.53333333333,55.0285811816998,"Normal","Average - typical case load at this point",-0.350626859543767,"Normal",52.8327563625355,"Average - typical case load at this point","Guadeloupe"
"GLP",7,10,0.343274796578194,1176.46666666667,0.33241713733855,3327.00000000001,1176.46666666667,3327,0.365027891821316,0.128225792784316,2025,"Estimates",2025-10-01,533,NA,NA,NA,NA,NA,NA,"current_month_missing",4,"2025/2026","Unobserved",1382,5542,1352,8819,533.419297982753,2104,"Caribbean","Guadeloupe",0.33241713733855,3327.00000000001,56.0655241977005,"Normal","Average - typical case load at this point",-0.337044164449175,"Normal",52.8327563625355,"Average - typical case load at this point","Guadeloupe"
"GLP",8,11,0.3515724593675,1299.26666666667,0.331969978625106,4626.26666666667,1299.26666666667,4626.26666666667,0.513469043140429,0.148441151319113,2025,"WHO",2025-11-01,84,84,84,8,1,TRUE,"applied_mean",NA,4,"2025/2026","Observed",1466,5626,1352,8819,NA,2104,"Caribbean","Guadeloupe",0.331969978625106,4626.26666666667,51.674219087711,"Normal","Average - typical case load at this point",-0.393574444839156,"Normal",52.8327563625355,"Average - typical case load at this point","Guadeloupe"
"GLP",9,12,0.367425223847217,656.333333333334,0.332816995844618,5282.59999999999,656.333333333333,5282.6,0.591199821245148,0.0777307781047187,2025,"PAHO",2025-12-01,340,340,340,32,1,TRUE,"applied_mean","not_missing",4,"2025/2026","Observed",1806,5966,1352,8819,NA,2104,"Caribbean","Guadeloupe",0.332816995844618,5282.59999999999,52.8327563625355,"Normal","Average - typical case load at this point",-0.37966106922337,"Normal",52.8327563625355,"Average - typical case load at this point","Guadeloupe"
"GLP",10,1,0.585942795837071,631.866666666667,0.48237892077879,5914.46666666666,631.866666666667,5914.46666666667,0.820303449626582,0.229103628381434,2026,"PAHO",2026-01-01,102,102,102,27,1,TRUE,"applied_mean","not_missing",4,"2025/2026","Observed",1908,102,1352,10378,NA,2104,"Caribbean","Guadeloupe",0.48237892077879,5914.46666666666,43.7992872491802,"Normal","Average - typical case load at this point",-0.470459666594137,"Low",23.5001422215863,"Below average - fewer cases than typical at this point","Guadeloupe"
"GLP",11,2,0.380909575416372,308.8,0.50690151333216,6223.26666666666,308.8,6223.26666666667,0.917128132992577,0.096824683365995,2026,"PAHO",2026-02-01,46,46,46,23,1,TRUE,"applied_mean","not_missing",4,"2025/2026","Observed",1954,148,1352,10378,NA,2104,"Caribbean","Guadeloupe",0.50690151333216,6223.26666666666,42.1739069786344,"Normal","Average - typical case load at this point",-0.488403737871311,"Low",23.5001422215863,"Below average - fewer cases than typical at this point","Guadeloupe"
"GLP",12,3,0.374154715163211,261.6,0.524580874351561,6484.86666666664,261.6,6484.86666666667,1,0.0828718670074234,2026,"PAHO",2026-03-01,150,150,150,18,1,TRUE,"applied_mean","not_missing",4,"2025/2026","Observed",2104,298,1352,10378,NA,2104,"Caribbean","Guadeloupe",0.524580874351561,6484.86666666664,42.0443158359747,"Normal","Average - typical case load at this point",-0.489268939002737,"Low",23.5001422215863,"Below average - fewer cases than typical at this point","Guadeloupe"
"GLP",1,4,0.358867337445346,144.333333333333,0.358867337445346,144.333333333333,144.333333333333,144.333333333333,0.0164868808527986,0.0164868808527986,2026,"PAHO",2026-04-01,51,51,51,14,1,TRUE,"applied_mean","not_missing",4,"2026/2027","Observed",51,349,2303,10378,NA,1769,"Caribbean","Guadeloupe",0.358867337445346,144.333333333333,52.0064498430677,"Normal","Average - typical case load at this point",-0.386899226135473,"Low",23.5001422215863,"Below average - fewer cases than typical at this point","Guadeloupe"
"GLP",2,5,0.358669572327286,182.066666666667,0.352155764729582,326.4,182.066666666667,326.4,0.0369035063501641,0.0204166254973655,2026,"PAHO",2026-05-01,34,34,34,12,1,TRUE,"applied_mean","not_missing",4,"2026/2027","Observed",85,383,2303,10378,NA,1769,"Caribbean","Guadeloupe",0.352155764729582,326.4,47.3793616649298,"Normal","Average - typical case load at this point",-0.438652249654136,"Low",23.5001422215863,"Below average - fewer cases than typical at this point","Guadeloupe"
"GLP",3,6,0.356217731323959,238.266666666666,0.348960354870769,564.666666666667,238.266666666667,564.666666666667,0.0622798497885515,0.0253763434383874,2026,"Estimates",2026-06-01,34,NA,NA,1,NA,FALSE,"no_lookup_match",NA,4,"2026/2027","Unobserved",119,417,2303,10378,34.3088163286998,1769,"Caribbean","Guadeloupe",0.348960354870769,564.666666666667,44.3670917620222,"Normal","Average - typical case load at this point",-0.46609226111007,"Low",23.5001422215863,"Below average - fewer cases than typical at this point","Guadeloupe"
"GLP",4,7,0.383674608811601,168.8,0.351243149261722,733.466666666665,168.8,733.466666666667,0.0825137013471546,0.0202338515586031,2026,"Estimates",2026-07-01,27,NA,NA,NA,NA,NA,NA,NA,4,"2026/2027","Unobserved",146,444,2303,10378,27.3561673072314,1769,"Caribbean","Guadeloupe",0.351243149261722,733.466666666665,43.3614560138686,"Normal","Average - typical case load at this point",-0.47457277067598,"Low",23.5001422215863,"Below average - fewer cases than typical at this point","Guadeloupe"
"GLP",5,8,0.255083324165022,316.200000000001,0.33973609381457,1049.66666666667,316.2,1049.66666666667,0.114965462191964,0.0324517608448097,2026,NA,2026-08-01,NA,NA,NA,NA,NA,NA,NA,NA,4,"2026/2027","Unobserved",146,444,2303,10378,NA,1769,"Caribbean","Guadeloupe",0.33973609381457,1049.66666666667,39.3224350653087,"Normal","Average - typical case load at this point",-0.501715398859718,"Low",23.5001422215863,"Below average - fewer cases than typical at this point","Guadeloupe"
"GLP",6,9,0.345196063457396,1100.86666666667,0.335691169424836,2150.53333333333,1100.86666666667,2150.53333333333,0.236802099037,0.121836636845036,2026,NA,2026-09-01,NA,NA,NA,NA,NA,NA,NA,NA,4,"2026/2027","Unobserved",146,444,2303,10378,NA,1769,"Caribbean","Guadeloupe",0.335691169424836,2150.53333333333,31.3449156002881,"Normal","Average - typical case load at this point",-0.540011699675357,"Low",23.5001422215863,"Below average - fewer cases than typical at this point","Guadeloupe"
"GLP",7,10,0.343274796578194,1176.46666666667,0.33241713733855,3327.00000000001,1176.46666666667,3327,0.365027891821316,0.128225792784316,2026,NA,2026-10-01,NA,NA,NA,NA,NA,NA,NA,NA,4,"2026/2027","Unobserved",146,444,2303,10378,NA,1769,"Caribbean","Guadeloupe",0.33241713733855,3327.00000000001,27.4061952309244,"Normal","Average - typical case load at this point",-0.551227499800938,"Low",23.5001422215863,"Below average - fewer cases than typical at this point","Guadeloupe"
"GLP",8,11,0.3515724593675,1299.26666666667,0.331969978625106,4626.26666666667,1299.26666666667,4626.26666666667,0.513469043140429,0.148441151319113,2026,NA,2026-11-01,NA,NA,NA,NA,NA,NA,NA,NA,4,"2026/2027","Unobserved",146,444,2303,10378,NA,1769,"Caribbean","Guadeloupe",0.331969978625106,4626.26666666667,24.62446082217,"Low","Below average - fewer cases than typical at this point",-0.557965087143925,"Low",23.5001422215863,"Below average - fewer cases than typical at this point","Guadeloupe"
"GLP",9,12,0.367425223847217,656.333333333334,0.332816995844618,5282.59999999999,656.333333333333,5282.6,0.591199821245148,0.0777307781047187,2026,NA,2026-12-01,NA,NA,NA,NA,NA,NA,NA,NA,4,"2026/2027","Unobserved",146,444,2303,10378,NA,1769,"Caribbean","Guadeloupe",0.332816995844618,5282.59999999999,23.5001422215863,"Low","Below average - fewer cases than typical at this point",-0.560940875617777,"Low",23.5001422215863,"Below average - fewer cases than typical at this point","Guadeloupe"
"GRD",11,1,1.50234032585245,16.9333333333333,2.11371643453257,267.266666666667,16.9333333333333,267.266666666667,0.952453673884412,0.0798879258093251,2025,"PAHO",2025-01-01,16,16,NA,79,NA,FALSE,"no_lookup_match","current_month_missing",3,"2024/2025","Observed",16,16,32,249,NA,32,"Caribbean","Grenada",2.11371643453257,267.266666666667,0.624157592971568,"Extremely Low","Rare good event - unusually low cases to date",-1.3614536442463,"Normal",44.1219416875537,"Average - typical case load at this point","Grenada"
"GRD",12,2,1.06911421896557,13.4,2.11606486857393,280.666666666667,13.4,280.666666666667,1,0.047546326115588,2025,"PAHO",2025-02-01,16,16,NA,75,NA,FALSE,"no_lookup_match","current_month_missing",3,"2024/2025","Observed",32,32,32,249,NA,32,"Caribbean","Grenada",2.11606486857393,280.666666666667,2.04711275837286,"Extremely Low","Rare good event - unusually low cases to date",-1.2839857393456,"Normal",44.1219416875537,"Average - typical case load at this point","Grenada"
"GRD",1,3,1.19375684664892,14.8666666666667,1.19375684664892,14.8666666666667,14.8666666666667,14.8666666666667,0.0844096278432421,0.0844096278432421,2025,"PAHO",2025-03-01,24,24,NA,70,NA,FALSE,"no_lookup_match","current_month_missing",3,"2025/2026","Observed",24,56,216,249,NA,216,"Caribbean","Grenada",1.19375684664892,14.8666666666667,80.8565998650804,"High","Above average - more cases than typical at this point",0.645805808918294,"Normal",44.1219416875537,"Average - typical case load at this point","Grenada"
"GRD",2,4,0.627343905298267,15.6,1.12837194003526,30.4666666666667,15.6,30.4666666666667,0.162228014274173,0.077818386430931,2025,"PAHO",2025-04-01,16,16,NA,66,NA,FALSE,"no_lookup_match","current_month_missing",3,"2025/2026","Observed",40,72,216,249,NA,216,"Caribbean","Grenada",1.12837194003526,30.4666666666667,73.3364283921357,"Normal","Average - typical case load at this point",0.326399136829493,"Normal",44.1219416875537,"Average - typical case load at this point","Grenada"
"GRD",3,5,0.627027175545464,29.9333333333333,1.01765547889321,60.4,29.9333333333333,60.4,0.256268927165806,0.094040912891633,2025,"PAHO",2025-05-01,7,7,NA,62,NA,FALSE,"no_lookup_match","current_month_missing",3,"2025/2026","Observed",47,79,216,249,NA,216,"Caribbean","Grenada",1.01765547889321,60.4,54.3369385804121,"Normal","Average - typical case load at this point",-0.221942308845782,"Normal",44.1219416875537,"Average - typical case load at this point","Grenada"
"GRD",4,6,0.526494799692793,24.4666666666667,1.00715653711443,84.8666666666667,24.4666666666667,84.8666666666667,0.32579329897145,0.0695243718056437,2025,"PAHO",2025-06-01,12,12,NA,57,NA,FALSE,"no_lookup_match","current_month_missing",3,"2025/2026","Observed",59,91,216,249,NA,216,"Caribbean","Grenada",1.00715653711443,84.8666666666667,50.3876017615214,"Normal","Average - typical case load at this point",-0.304081488773652,"Normal",44.1219416875537,"Average - typical case load at this point","Grenada"
"GRD",5,7,1.06032423437557,27.6,1.35139722056136,112.466666666667,27.6,112.466666666667,0.418540916477763,0.0927476175063136,2025,"PAHO",2025-07-01,15,15,NA,53,NA,FALSE,"no_lookup_match","current_month_missing",3,"2025/2026","Observed",74,106,216,249,NA,216,"Caribbean","Grenada",1.35139722056136,112.466666666667,44.1552085220868,"Normal","Average - typical case load at this point",-0.395237875467294,"Normal",44.1219416875537,"Average - typical case load at this point","Grenada"
"GRD",6,8,0.737590887478369,39.4,1.58578896283452,151.866666666666,39.4,151.866666666667,0.537930176928868,0.119389260451105,2025,"PAHO",2025-08-01,18,18,NA,49,1,TRUE,"applied_mean","previous_month_missing",3,"2025/2026","Observed",92,124,216,249,NA,216,"Caribbean","Grenada",1.58578896283452,151.866666666666,38.3281382884412,"Normal","Average - typical case load at this point",-0.493843817739919,"Normal",44.1219416875537,"Average - typical case load at this point","Grenada"
"GRD",7,9,0.61972155422692,45.6666666666666,1.66050630149377,197.533333333333,45.6666666666667,197.533333333333,0.674542755774229,0.136612578845361,2025,"PAHO",2025-09-01,20,20,20,44,1,TRUE,"applied_mean","not_missing",3,"2025/2026","Observed",112,144,216,249,NA,216,"Caribbean","Grenada",1.66050630149377,197.533333333333,34.868201783403,"Normal","Average - typical case load at this point",-0.555645131659718,"Normal",44.1219416875537,"Average - typical case load at this point","Grenada"
"GRD",8,10,0.75789197689225,26.4,1.75264692472645,223.933333333333,26.4,223.933333333333,0.765327132316874,0.0907843765426452,2025,"PAHO",2025-10-01,14,14,14,40,1,TRUE,"applied_mean","not_missing",3,"2025/2026","Observed",126,158,216,249,NA,216,"Caribbean","Grenada",1.75264692472645,223.933333333333,33.6051478991561,"Normal","Average - typical case load at this point",-0.576721432532288,"Normal",44.1219416875537,"Average - typical case load at this point","Grenada"
"GRD",9,11,NA,NA,1.84525996787498,237.466666666667,13.5333333333333,237.466666666667,0.819715222117284,0.0543880898004093,2025,"PAHO",2025-11-01,18,18,18,36,1,TRUE,"applied_mean","not_missing",3,"2025/2026","Observed",144,176,216,249,NA,216,"Caribbean","Grenada",1.84525996787498,237.466666666667,35.7822206746318,"Normal","Average - typical case load at this point",-0.532601070435712,"Normal",44.1219416875537,"Average - typical case load at this point","Grenada"
"GRD",10,12,0.800235502421318,12.8666666666667,1.93189682694118,250.333333333334,12.8666666666667,250.333333333333,0.872565748075087,0.0528505259578033,2025,"PAHO",2025-12-01,41,41,41,31,1,TRUE,"applied_mean","not_missing",3,"2025/2026","Observed",185,217,216,249,NA,216,"Caribbean","Grenada",1.93189682694118,250.333333333334,44.1219416875537,"Normal","Average - typical case load at this point",-0.36135888896487,"Normal",44.1219416875537,"Average - typical case load at this point","Grenada"
"GRD",11,1,1.50234032585245,16.9333333333333,2.11371643453257,267.266666666667,16.9333333333333,267.266666666667,0.952453673884412,0.0798879258093251,2026,"PAHO",2026-01-01,19,19,19,27,1,TRUE,"applied_mean","not_missing",3,"2025/2026","Observed",204,19,216,229,NA,216,"Caribbean","Grenada",2.11371643453257,267.266666666667,44.623719498795,"Normal","Average - typical case load at this point",-0.342801673756896,"Low",10.4610315686247,"Below average - fewer cases than typical at this point","Grenada"
"GRD",12,2,1.06911421896557,13.4,2.11606486857393,280.666666666667,13.4,280.666666666667,1,0.047546326115588,2026,"PAHO",2026-02-01,12,12,12,23,1,TRUE,"applied_mean","not_missing",3,"2025/2026","Observed",216,31,216,229,NA,216,"Caribbean","Grenada",2.11606486857393,280.666666666667,45.0282401382921,"Normal","Average - typical case load at this point",-0.333905138650197,"Low",10.4610315686247,"Below average - fewer cases than typical at this point","Grenada"
"GRD",1,3,1.19375684664892,14.8666666666667,1.19375684664892,14.8666666666667,14.8666666666667,14.8666666666667,0.0844096278432421,0.0844096278432421,2026,"PAHO",2026-03-01,18,18,18,18,1,TRUE,"applied_mean","not_missing",3,"2026/2027","Observed",18,49,155,229,NA,155,"Caribbean","Grenada",1.19375684664892,14.8666666666667,70.6500635541689,"Normal","Average - typical case load at this point",0.221553817658101,"Low",10.4610315686247,"Below average - fewer cases than typical at this point","Grenada"
"GRD",2,4,0.627343905298267,15.6,1.12837194003526,30.4666666666667,15.6,30.4666666666667,0.162228014274173,0.077818386430931,2026,"PAHO",2026-04-01,11,11,11,14,1,TRUE,"applied_mean","not_missing",3,"2026/2027","Observed",29,60,155,229,NA,155,"Caribbean","Grenada",1.12837194003526,30.4666666666667,61.2163291095972,"Normal","Average - typical case load at this point",-0.0502152518199213,"Low",10.4610315686247,"Below average - fewer cases than typical at this point","Grenada"
"GRD",3,5,0.627027175545464,29.9333333333333,1.01765547889321,60.4,29.9333333333333,60.4,0.256268927165806,0.094040912891633,2026,"PAHO",2026-05-01,20,20,20,10,1,TRUE,"applied_mean","not_missing",3,"2026/2027","Observed",49,80,155,229,NA,155,"Caribbean","Grenada",1.01765547889321,60.4,55.8199366590003,"Normal","Average - typical case load at this point",-0.188816591107605,"Low",10.4610315686247,"Below average - fewer cases than typical at this point","Grenada"
"GRD",4,6,0.526494799692793,24.4666666666667,1.00715653711443,84.8666666666667,24.4666666666667,84.8666666666667,0.32579329897145,0.0695243718056437,2026,"PAHO",2026-06-01,13,13,13,5,1,TRUE,"applied_mean","not_missing",3,"2026/2027","Observed",62,93,155,229,NA,155,"Caribbean","Grenada",1.00715653711443,84.8666666666667,52.1039072058828,"Normal","Average - typical case load at this point",-0.268814305797327,"Low",10.4610315686247,"Below average - fewer cases than typical at this point","Grenada"
"GRD",5,7,1.06032423437557,27.6,1.35139722056136,112.466666666667,27.6,112.466666666667,0.418540916477763,0.0927476175063136,2026,"PAHO",2026-07-01,3,3,3,4,1,TRUE,"applied_mean","not_missing",3,"2026/2027","Observed",65,96,155,229,NA,155,"Caribbean","Grenada",1.35139722056136,112.466666666667,39.2684226964546,"Normal","Average - typical case load at this point",-0.487711208548896,"Low",10.4610315686247,"Below average - fewer cases than typical at this point","Grenada"
"GRD",6,8,0.737590887478369,39.4,1.58578896283452,151.866666666666,39.4,151.866666666667,0.537930176928868,0.119389260451105,2026,NA,2026-08-01,NA,NA,NA,NA,NA,NA,NA,NA,3,"2026/2027","Unobserved",65,96,155,229,NA,155,"Caribbean","Grenada",1.58578896283452,151.866666666666,26.0620899539036,"Normal","Average - typical case load at this point",-0.716568479415496,"Low",10.4610315686247,"Below average - fewer cases than typical at this point","Grenada"
"GRD",7,9,0.61972155422692,45.6666666666666,1.66050630149377,197.533333333333,45.6666666666667,197.533333333333,0.674542755774229,0.136612578845361,2026,NA,2026-09-01,NA,NA,NA,NA,NA,NA,NA,NA,3,"2026/2027","Unobserved",65,96,155,229,NA,155,"Caribbean","Grenada",1.66050630149377,197.533333333333,17.9578263572313,"Low","Below average - fewer cases than typical at this point",-0.860968450303601,"Low",10.4610315686247,"Below average - fewer cases than typical at this point","Grenada"
"GRD",8,10,0.75789197689225,26.4,1.75264692472645,223.933333333333,26.4,223.933333333333,0.765327132316874,0.0907843765426452,2026,NA,2026-10-01,NA,NA,NA,NA,NA,NA,NA,NA,3,"2026/2027","Unobserved",65,96,155,229,NA,155,"Caribbean","Grenada",1.75264692472645,223.933333333333,14.1832504704587,"Low","Below average - fewer cases than typical at this point",-0.935945469814143,"Low",10.4610315686247,"Below average - fewer cases than typical at this point","Grenada"
"GRD",9,11,NA,NA,1.84525996787498,237.466666666667,13.5333333333333,237.466666666667,0.819715222117284,0.0543880898004093,2026,NA,2026-11-01,NA,NA,NA,NA,NA,NA,NA,NA,3,"2026/2027","Unobserved",65,96,155,229,NA,155,"Caribbean","Grenada",1.84525996787498,237.466666666667,12.1453844674686,"Low","Below average - fewer cases than typical at this point",-0.982766739812543,"Low",10.4610315686247,"Below average - fewer cases than typical at this point","Grenada"
"GRD",10,12,0.800235502421318,12.8666666666667,1.93189682694118,250.333333333334,12.8666666666667,250.333333333333,0.872565748075087,0.0528505259578033,2026,NA,2026-12-01,NA,NA,NA,NA,NA,NA,NA,NA,3,"2026/2027","Unobserved",65,96,155,229,NA,155,"Caribbean","Grenada",1.93189682694118,250.333333333334,10.4610315686247,"Low","Below average - fewer cases than typical at this point",-1.02507929726769,"Low",10.4610315686247,"Below average - fewer cases than typical at this point","Grenada"
"GTM",12,1,0.872032645078091,1292.375,0.795661880834939,29841.1874999999,1292.375,29841.1875,1,0.0629810116795348,2025,"PAHO",2025-01-01,4342,4342,NA,79,NA,FALSE,"no_lookup_match","current_month_missing",2,"2024/2025","Observed",4342,4342,4342,57379,NA,4342,"North & Central America","Guatemala",0.795661880834939,29841.1874999999,18.3818589635203,"Low","Below average - fewer cases than typical at this point",-0.762199618752399,"High",81.5642332773177,"Above average - more cases than typical at this point","Guatemala"
"GTM",1,2,1.20829680642402,996.562499999998,1.20829680642402,996.562499999998,996.5625,996.5625,0.0574844130175501,0.0574844130175501,2025,"PAHO",2025-02-01,3502,3502,NA,75,NA,FALSE,"no_lookup_match","current_month_missing",2,"2025/2026","Observed",3502,7844,52747,57379,NA,52747,"North & Central America","Guatemala",1.20829680642402,996.562499999998,97.795038675239,"Extremely High","Rare bad event - unusually high cases to date",2.76186675515898,"High",81.5642332773177,"Above average - more cases than typical at this point","Guatemala"
"GTM",2,3,0.959235176436296,1092.875,1.07747368867367,2089.43749999999,1092.875,2089.4375,0.10882241211348,0.0513379990959303,2025,"PAHO",2025-03-01,5449,5449,NA,70,NA,FALSE,"no_lookup_match","current_month_missing",2,"2025/2026","Observed",8951,13293,52747,57379,NA,52747,"North & Central America","Guatemala",1.07747368867367,2089.43749999999,98.8233477063571,"Extremely High","Rare bad event - unusually high cases to date",3.40788575100896,"High",81.5642332773177,"Above average - more cases than typical at this point","Guatemala"
"GTM",3,4,0.872119721299187,1130.375,1.02438328994009,3219.8125,1130.375,3219.8125,0.155758667401618,0.0469362552881375,2025,"PAHO",2025-04-01,3995,3995,NA,66,NA,FALSE,"no_lookup_match","current_month_missing",2,"2025/2026","Observed",12946,17288,52747,57379,NA,52747,"North & Central America","Guatemala",1.02438328994009,3219.8125,98.2844118602118,"Extremely High","Rare bad event - unusually high cases to date",3.05685067211243,"High",81.5642332773177,"Above average - more cases than typical at this point","Guatemala"
"GTM",4,5,0.871832789494001,1700.75,0.98579386362021,4920.5625,1700.75,4920.5625,0.223807959336759,0.0680492919351414,2025,"PAHO",2025-05-01,4924,4924,NA,62,NA,FALSE,"no_lookup_match","current_month_missing",2,"2025/2026","Observed",17870,22212,52747,57379,NA,52747,"North & Central America","Guatemala",0.98579386362021,4920.5625,97.2938565773727,"Extremely High","Rare bad event - unusually high cases to date",2.61267691093498,"High",81.5642332773177,"Above average - more cases than typical at this point","Guatemala"
"GTM",5,6,0.692144387995661,3103.75,0.881129256450261,8024.31249999999,3103.75,8024.3125,0.323281476861302,0.0994735175245423,2025,"PAHO",2025-06-01,5885,5885,NA,57,NA,FALSE,"no_lookup_match","current_month_missing",2,"2025/2026","Observed",23755,28097,52747,57379,NA,52747,"North & Central America","Guatemala",0.881129256450261,8024.31249999999,94.144880809147,"High","Above average - more cases than typical at this point",1.84007632554678,"High",81.5642332773177,"Above average - more cases than typical at this point","Guatemala"
"GTM",6,7,0.676178550900976,3464.4375,0.848433959729319,11488.75,3464.4375,11488.75,0.430137548791013,0.106856071929712,2025,"PAHO",2025-07-01,4076,4076,NA,53,NA,FALSE,"no_lookup_match","current_month_missing",2,"2025/2026","Observed",27831,32173,52747,57379,NA,52747,"North & Central America","Guatemala",0.848433959729319,11488.75,90.2232680593898,"High","Above average - more cases than typical at this point",1.31018329255626,"High",81.5642332773177,"Above average - more cases than typical at this point","Guatemala"
"GTM",7,8,0.712145152856434,4217.5,0.831069236961739,15706.25,4217.5,15706.25,0.563756072594168,0.133618523803155,2025,"PAHO",2025-08-01,3747,3747,NA,49,1,TRUE,"applied_mean","previous_month_missing",2,"2025/2026","Observed",31578,35920,52747,57379,NA,52747,"North & Central America","Guatemala",0.831069236961739,15706.25,85.7628385298987,"High","Above average - more cases than typical at this point",0.921211650691049,"High",81.5642332773177,"Above average - more cases than typical at this point","Guatemala"
"GTM",8,9,0.550822147804779,4952.74999999999,0.773097685328417,20659,4952.75,20659,0.684675238907076,0.120919166312908,2025,"PAHO",2025-09-01,4112,4112,4112,44,1,TRUE,"applied_mean","not_missing",2,"2025/2026","Observed",35690,40032,52747,57379,NA,52747,"North & Central America","Guatemala",0.773097685328417,20659,81.5015341711486,"High","Above average - more cases than typical at this point",0.639716628554668,"High",81.5642332773177,"Above average - more cases than typical at this point","Guatemala"
"GTM",9,10,0.648000029655373,3952.0625,0.763959311677826,24611.0625,3952.0625,24611.0625,0.80044893434708,0.115773695440004,2025,"PAHO",2025-10-01,3267,3267,3267,40,1,TRUE,"applied_mean","not_missing",2,"2025/2026","Observed",38957,43299,52747,57379,NA,52747,"North & Central America","Guatemala",0.763959311677826,24611.0625,79.0294627398436,"High","Above average - more cases than typical at this point",0.509479771169493,"High",81.5642332773177,"Above average - more cases than typical at this point","Guatemala"
"GTM",10,11,0.694242288750155,2622.9375,0.767548057249186,27234,2622.9375,27234,0.886685979517306,0.0862370451702261,2025,"PAHO",2025-11-01,2728,2728,2728,36,1,TRUE,"applied_mean","not_missing",2,"2025/2026","Observed",41685,46027,52747,57379,NA,52747,"North & Central America","Guatemala",0.767548057249186,27234,78.0642705201755,"High","Above average - more cases than typical at this point",0.464871729959104,"High",81.5642332773177,"Above average - more cases than typical at this point","Guatemala"
"GTM",11,12,0.824715208962074,1314.8125,0.775113387616136,28548.8125,1314.8125,28548.8125,0.937018988320465,0.0503330088031594,2025,"PAHO",2025-12-01,7738,2251,7738,31,1.11366067883253,TRUE,"applied_mean","not_missing",2,"2025/2026","Observed",49423,53765,52747,57379,NA,52747,"North & Central America","Guatemala",0.775113387616136,28548.8125,81.5642332773177,"High","Above average - more cases than typical at this point",0.643721856751023,"High",81.5642332773177,"Above average - more cases than typical at this point","Guatemala"
"GTM",12,1,0.872032645078091,1292.375,0.795661880834939,29841.1874999999,1292.375,29841.1875,1,0.0629810116795348,2026,"PAHO",2026-01-01,3324,2672,3324,27,1.24402889327886,TRUE,"applied_mean","not_missing",2,"2025/2026","Observed",52747,3324,52747,64609,NA,52747,"North & Central America","Guatemala",0.795661880834939,29841.1874999999,82.1978670362561,"High","Above average - more cases than typical at this point",0.684680700305219,"Normal",58.3859548422533,"Average - typical case load at this point","Guatemala"
"GTM",1,2,1.20829680642402,996.562499999998,1.20829680642402,996.562499999998,996.5625,996.5625,0.0574844130175501,0.0574844130175501,2026,"PAHO",2026-02-01,4508,2925,4508,23,1.39927457462863,TRUE,"applied_mean","not_missing",2,"2026/2027","Observed",4508,7832,54327,64609,NA,53934,"North & Central America","Guatemala",1.20829680642402,996.562499999998,99.3188129565121,"Extremely High","Rare bad event - unusually high cases to date",3.87082994250247,"Normal",58.3859548422533,"Average - typical case load at this point","Guatemala"
"GTM",2,3,0.959235176436296,1092.875,1.07747368867367,2089.43749999999,1092.875,2089.4375,0.10882241211348,0.0513379990959303,2026,"PAHO",2026-03-01,4853,3787,4853,18,1.35172203651479,TRUE,"applied_mean","not_missing",2,"2026/2027","Observed",9361,12685,54327,64609,NA,53934,"North & Central America","Guatemala",1.07747368867367,2089.43749999999,99.0447394093729,"Extremely High","Rare bad event - unusually high cases to date",3.61151767273432,"Normal",58.3859548422533,"Average - typical case load at this point","Guatemala"
"GTM",3,4,0.872119721299187,1130.375,1.02438328994009,3219.8125,1130.375,3219.8125,0.155758667401618,0.0469362552881375,2026,"PAHO",2026-04-01,4085,3218,4085,14,1.33074652842428,TRUE,"applied_mean","not_missing",2,"2026/2027","Observed",13446,16770,54327,64609,NA,53934,"North & Central America","Guatemala",1.02438328994009,3219.8125,98.5355584910463,"Extremely High","Rare bad event - unusually high cases to date",3.21399604238791,"Normal",58.3859548422533,"Average - typical case load at this point","Guatemala"
"GTM",4,5,0.871832789494001,1700.75,0.98579386362021,4920.5625,1700.75,4920.5625,0.223807959336759,0.0680492919351414,2026,"PAHO",2026-05-01,2716,2094,2716,10,1.32592026226626,TRUE,"applied_mean","not_missing",2,"2026/2027","Observed",16162,19486,54327,64609,NA,53934,"North & Central America","Guatemala",0.98579386362021,4920.5625,96.1854529672179,"Extremely High","Rare bad event - unusually high cases to date",2.26807104184785,"Normal",58.3859548422533,"Average - typical case load at this point","Guatemala"
"GTM",5,6,0.692144387995661,3103.75,0.881129256450261,8024.31249999999,3103.75,8024.3125,0.323281476861302,0.0994735175245423,2026,"PAHO",2026-06-01,1401,983,1401,6,1.33219132467273,TRUE,"applied_mean","not_missing",2,"2026/2027","Observed",17563,20887,54327,64609,NA,53934,"North & Central America","Guatemala",0.881129256450261,8024.31249999999,88.1300664243344,"High","Above average - more cases than typical at this point",1.11577533057846,"Normal",58.3859548422533,"Average - typical case load at this point","Guatemala"
"GTM",6,7,0.676178550900976,3464.4375,0.848433959729319,11488.75,3464.4375,11488.75,0.430137548791013,0.106856071929712,2026,"Estimates",2026-07-01,5636,NA,NA,NA,NA,NA,NA,NA,2,"2026/2027","Unobserved",23199,26523,54327,64609,5636.33722607651,53934,"North & Central America","Guatemala",0.848433959729319,11488.75,85.959863439545,"High","Above average - more cases than typical at this point",0.938828735434653,"Normal",58.3859548422533,"Average - typical case load at this point","Guatemala"
"GTM",7,8,0.712145152856434,4217.5,0.831069236961739,15706.25,4217.5,15706.25,0.563756072594168,0.133618523803155,2026,NA,2026-08-01,NA,NA,NA,NA,NA,NA,NA,NA,2,"2026/2027","Unobserved",23199,26523,54327,64609,NA,53934,"North & Central America","Guatemala",0.831069236961739,15706.25,77.0258062514054,"High","Above average - more cases than typical at this point",0.43488642372236,"Normal",58.3859548422533,"Average - typical case load at this point","Guatemala"
"GTM",8,9,0.550822147804779,4952.74999999999,0.773097685328417,20659,4952.75,20659,0.684675238907076,0.120919166312908,2026,NA,2026-09-01,NA,NA,NA,NA,NA,NA,NA,NA,2,"2026/2027","Unobserved",23199,26523,54327,64609,NA,53934,"North & Central America","Guatemala",0.773097685328417,20659,68.6059102730507,"Normal","Average - typical case load at this point",0.108101938429172,"Normal",58.3859548422533,"Average - typical case load at this point","Guatemala"
"GTM",9,10,0.648000029655373,3952.0625,0.763959311677826,24611.0625,3952.0625,24611.0625,0.80044893434708,0.115773695440004,2026,NA,2026-10-01,NA,NA,NA,NA,NA,NA,NA,NA,2,"2026/2027","Unobserved",23199,26523,54327,64609,NA,53934,"North & Central America","Guatemala",0.763959311677826,24611.0625,63.1733707520396,"Normal","Average - typical case load at this point",-0.0501478052150322,"Normal",58.3859548422533,"Average - typical case load at this point","Guatemala"
"GTM",10,11,0.694242288750155,2622.9375,0.767548057249186,27234,2622.9375,27234,0.886685979517306,0.0862370451702261,2026,NA,2026-11-01,NA,NA,NA,NA,NA,NA,NA,NA,2,"2026/2027","Unobserved",23199,26523,54327,64609,NA,53934,"North & Central America","Guatemala",0.767548057249186,27234,59.9601753833647,"Normal","Average - typical case load at this point",-0.129801220011418,"Normal",58.3859548422533,"Average - typical case load at this point","Guatemala"
"GTM",11,12,0.824715208962074,1314.8125,0.775113387616136,28548.8125,1314.8125,28548.8125,0.937018988320465,0.0503330088031594,2026,NA,2026-12-01,NA,NA,NA,NA,NA,NA,NA,NA,2,"2026/2027","Unobserved",23199,26523,54327,64609,NA,53934,"North & Central America","Guatemala",0.775113387616136,28548.8125,58.3859548422533,"Normal","Average - typical case load at this point",-0.16497845656363,"Normal",58.3859548422533,"Average - typical case load at this point","Guatemala"
"GUF",4,1,0.491734517973375,686.461538461539,0.653668441276725,1314.30769230769,686.461538461538,1314.30769230769,0.364347491562924,0.131430137809591,2025,"Estimates",2025-01-01,37,NA,NA,NA,NA,NA,NA,"current_month_missing",10,"2024/2025","Unobserved",37,37,279,1365,36.6690084488758,381,"South America","French Guiana",0.653668441276725,1314.30769230769,8.20752809402621,"Low","Below average - fewer cases than typical at this point",-0.78554173931885,"Normal",34.1994766052625,"Average - typical case load at this point","French Guiana"
"GUF",5,2,0.473926737286478,679.307692307693,0.657212769795759,1993.61538461539,679.307692307692,1993.61538461538,0.506986089939172,0.142638598376248,2025,"Estimates",2025-02-01,40,NA,NA,NA,NA,NA,NA,"current_month_missing",10,"2024/2025","Unobserved",77,77,279,1365,39.7961689469731,381,"South America","French Guiana",0.657212769795759,1993.61538461539,9.89059533929871,"Low","Below average - fewer cases than typical at this point",-0.77924678191157,"Normal",34.1994766052625,"Average - typical case load at this point","French Guiana"
"GUF",6,3,0.313113086284815,478.923076923076,0.647730824099216,2472.53846153846,478.923076923077,2472.53846153846,0.595254791100751,0.0882687011615793,2025,"Estimates",2025-03-01,25,NA,NA,NA,NA,NA,NA,"current_month_missing",10,"2024/2025","Unobserved",102,102,279,1365,24.6269676240806,381,"South America","French Guiana",0.647730824099216,2472.53846153846,10.5811307111114,"Low","Below average - fewer cases than typical at this point",-0.771514963857905,"Normal",34.1994766052625,"Average - typical case load at this point","French Guiana"
"GUF",7,4,0.395241950441458,374.846153846154,0.656061667763677,2847.38461538461,374.846153846154,2847.38461538462,0.673831682570325,0.0785768914695739,2025,"WHO",2025-04-01,175,175,NA,15,NA,FALSE,"no_lookup_match",NA,10,"2024/2025","Observed",277,277,279,1365,NA,381,"South America","French Guiana",0.656061667763677,2847.38461538461,17.8291002501188,"Low","Below average - fewer cases than typical at this point",-0.731095791576046,"Normal",34.1994766052625,"Average - typical case load at this point","French Guiana"
"GUF",8,5,0.276170721463342,343.153846153846,0.657921109637034,3190.53846153847,343.153846153846,3190.53846153846,0.735923887783171,0.0620922052128461,2025,"PAHO",2025-05-01,33,33,NA,62,NA,FALSE,"no_lookup_match","current_month_missing",10,"2024/2025","Observed",310,310,279,1365,NA,381,"South America","French Guiana",0.657921109637034,3190.53846153847,17.7462288786361,"Low","Below average - fewer cases than typical at this point",-0.732237271834166,"Normal",34.1994766052625,"Average - typical case load at this point","French Guiana"
"GUF",9,6,0.301521519845368,346.769230769231,0.67853159878282,3537.30769230769,346.769230769231,3537.30769230769,0.810390620794469,0.0744667330112978,2025,"PAHO",2025-06-01,24,24,NA,57,NA,FALSE,"no_lookup_match","current_month_missing",10,"2024/2025","Observed",334,334,279,1365,NA,381,"South America","French Guiana",0.67853159878282,3537.30769230769,16.7209163088147,"Low","Below average - fewer cases than typical at this point",-0.745880420944244,"Normal",34.1994766052625,"Average - typical case load at this point","French Guiana"
"GUF",10,7,0.333084613844091,241.153846153846,0.701148587213672,3778.46153846154,241.153846153846,3778.46153846154,0.875308608137124,0.0649179873426553,2025,"PAHO",2025-07-01,12,12,NA,53,NA,FALSE,"no_lookup_match","current_month_missing",10,"2024/2025","Observed",346,346,279,1365,NA,381,"South America","French Guiana",0.701148587213672,3778.46153846154,15.6572230958127,"Low","Below average - fewer cases than typical at this point",-0.760598411897417,"Normal",34.1994766052625,"Average - typical case load at this point","French Guiana"
"GUF",11,8,0.326264344329893,224.153846153846,0.722669661865692,4002.61538461538,224.153846153846,4002.61538461538,0.942645154576537,0.0673365464394125,2025,"PAHO",2025-08-01,18,18,NA,49,NA,FALSE,"no_lookup_match","current_month_missing",10,"2024/2025","Observed",364,364,279,1365,NA,381,"South America","French Guiana",0.722669661865692,4002.61538461538,14.9227948811709,"Low","Below average - fewer cases than typical at this point",-0.772721507719689,"Normal",34.1994766052625,"Average - typical case load at this point","French Guiana"
"GUF",12,9,0.267270147204225,129.538461538462,0.748441914065435,4132.15384615384,129.538461538462,4132.15384615385,1,0.0573548454234633,2025,"PAHO",2025-09-01,17,17,NA,44,NA,FALSE,"no_lookup_match","current_month_missing",10,"2024/2025","Observed",381,381,279,1365,NA,381,"South America","French Guiana",0.748441914065435,4132.15384615384,14.3140173152774,"Low","Below average - fewer cases than typical at this point",-0.785286472969164,"Normal",34.1994766052625,"Average - typical case load at this point","French Guiana"
"GUF",1,10,0.331480537605795,167.615384615385,0.331480537605795,167.615384615385,167.615384615385,167.615384615385,0.0643026751557779,0.0643026751557779,2025,"PAHO",2025-10-01,14,14,NA,40,NA,FALSE,"no_lookup_match","current_month_missing",10,"2025/2026","Observed",14,395,72,1365,NA,72,"South America","French Guiana",0.331480537605795,167.615384615385,34.3674506630411,"Normal","Average - typical case load at this point",-0.527133770527143,"Normal",34.1994766052625,"Average - typical case load at this point","French Guiana"
"GUF",2,11,0.312535151297716,268.384615384616,0.304629054369058,436,268.384615384615,436,0.163901379527478,0.0995987043717004,2025,"PAHO",2025-11-01,11,11,NA,36,1,TRUE,"applied_mean","previous_month_missing",10,"2025/2026","Observed",25,406,72,1365,NA,72,"South America","French Guiana",0.304629054369058,436,32.6139093990281,"Normal","Average - typical case load at this point",-0.520102963130346,"Normal",34.1994766052625,"Average - typical case load at this point","French Guiana"
"GUF",3,12,0.308024744167163,191.846153846154,0.295347732598645,627.846153846151,191.846153846154,627.846153846154,0.232917353753333,0.0690159742258549,2025,"PAHO",2025-12-01,14,14,14,32,1,TRUE,"applied_mean","not_missing",10,"2025/2026","Observed",39,420,72,1365,NA,72,"South America","French Guiana",0.295347732598645,627.846153846151,34.1994766052625,"Normal","Average - typical case load at this point",-0.50958108600576,"Normal",34.1994766052625,"Average - typical case load at this point","French Guiana"
"GUF",4,1,0.491734517973375,686.461538461539,0.653668441276725,1314.30769230769,686.461538461538,1314.30769230769,0.364347491562924,0.131430137809591,2026,"PAHO",2026-01-01,1,1,1,27,1,TRUE,"applied_mean","not_missing",10,"2025/2026","Observed",40,1,72,7,NA,72,"South America","French Guiana",0.653668441276725,1314.30769230769,8.62229895483001,"Low","Below average - fewer cases than typical at this point",-0.783696745170495,"Low",10.4031367412686,"Below average - fewer cases than typical at this point","French Guiana"
"GUF",5,2,0.473926737286478,679.307692307693,0.657212769795759,1993.61538461539,679.307692307692,1993.61538461538,0.506986089939172,0.142638598376248,2026,"PAHO",2026-02-01,2,2,2,23,1,TRUE,"applied_mean","not_missing",10,"2025/2026","Observed",42,3,72,7,NA,72,"South America","French Guiana",0.657212769795759,1993.61538461539,6.70993701478076,"Low","Below average - fewer cases than typical at this point",-0.793476886493757,"Low",10.4031367412686,"Below average - fewer cases than typical at this point","French Guiana"
"GUF",6,3,0.313113086284815,478.923076923076,0.647730824099216,2472.53846153846,478.923076923077,2472.53846153846,0.595254791100751,0.0882687011615793,2026,"PAHO",2026-03-01,1,1,1,22,1,TRUE,"applied_mean","not_missing",10,"2025/2026","Observed",43,4,72,7,NA,72,"South America","French Guiana",0.647730824099216,2472.53846153846,6.12707397852911,"Low","Below average - fewer cases than typical at this point",-0.790717091815818,"Low",10.4031367412686,"Below average - fewer cases than typical at this point","French Guiana"
"GUF",7,4,0.395241950441458,374.846153846154,0.656061667763677,2847.38461538461,374.846153846154,2847.38461538462,0.673831682570325,0.0785768914695739,2026,"Estimates",2026-04-01,6,NA,NA,3,1,FALSE,"applied_mean",NA,10,"2025/2026","Unobserved",49,10,72,7,5.65753618580932,72,"South America","French Guiana",0.656061667763677,2847.38461538461,5.8948342403827,"Low","Below average - fewer cases than typical at this point",-0.795945946483465,"Low",10.4031367412686,"Below average - fewer cases than typical at this point","French Guiana"
"GUF",8,5,0.276170721463342,343.153846153846,0.657921109637034,3190.53846153847,343.153846153846,3190.53846153846,0.735923887783171,0.0620922052128461,2026,"Estimates",2026-05-01,4,NA,NA,2,1.43471337579618,FALSE,"applied_mean",NA,10,"2025/2026","Unobserved",53,14,72,7,4.47063877532492,72,"South America","French Guiana",0.657921109637034,3190.53846153847,5.71679537974286,"Low","Below average - fewer cases than typical at this point",-0.797567063945629,"Low",10.4031367412686,"Below average - fewer cases than typical at this point","French Guiana"
"GUF",9,6,0.301521519845368,346.769230769231,0.67853159878282,3537.30769230769,346.769230769231,3537.30769230769,0.810390620794469,0.0744667330112978,2026,"Estimates",2026-06-01,5,NA,NA,1,NA,FALSE,"no_lookup_match",NA,10,"2025/2026","Unobserved",58,19,72,7,5.36160477681344,72,"South America","French Guiana",0.67853159878282,3537.30769230769,5.24894067693316,"Low","Below average - fewer cases than typical at this point",-0.810146178703002,"Low",10.4031367412686,"Below average - fewer cases than typical at this point","French Guiana"
"GUF",10,7,0.333084613844091,241.153846153846,0.701148587213672,3778.46153846154,241.153846153846,3778.46153846154,0.875308608137124,0.0649179873426553,2026,"Estimates",2026-07-01,5,NA,NA,NA,NA,NA,NA,NA,10,"2025/2026","Unobserved",63,24,72,7,4.67409508867118,72,"South America","French Guiana",0.701148587213672,3778.46153846154,4.88325311126763,"Extremely Low","Rare good event - unusually low cases to date",-0.823308320851982,"Low",10.4031367412686,"Below average - fewer cases than typical at this point","French Guiana"
"GUF",11,8,0.326264344329893,224.153846153846,0.722669661865692,4002.61538461538,224.153846153846,4002.61538461538,0.942645154576537,0.0673365464394125,2026,NA,2026-08-01,NA,NA,NA,NA,NA,NA,NA,NA,10,"2025/2026","Unobserved",63,24,72,7,NA,72,"South America","French Guiana",0.722669661865692,4002.61538461538,4.33200580414086,"Extremely Low","Rare good event - unusually low cases to date",-0.836643947779457,"Low",10.4031367412686,"Below average - fewer cases than typical at this point","French Guiana"
"GUF",12,9,0.267270147204225,129.538461538462,0.748441914065435,4132.15384615384,129.538461538462,4132.15384615385,1,0.0573548454234633,2026,NA,2026-09-01,NA,NA,NA,NA,NA,NA,NA,NA,10,"2025/2026","Unobserved",63,24,72,7,NA,72,"South America","French Guiana",0.748441914065435,4132.15384615384,3.84719296671024,"Extremely Low","Rare good event - unusually low cases to date",-0.851858282243326,"Low",10.4031367412686,"Below average - fewer cases than typical at this point","French Guiana"
"GUF",1,10,0.331480537605795,167.615384615385,0.331480537605795,167.615384615385,167.615384615385,167.615384615385,0.0643026751557779,0.0643026751557779,2026,NA,2026-10-01,NA,NA,NA,NA,NA,NA,NA,NA,10,"2026/2027","Unobserved",0,24,NA,7,NA,NA,"South America","French Guiana",0.331480537605795,167.615384615385,12.689368023441,"Low","Below average - fewer cases than typical at this point",-0.575175005497569,"Low",10.4031367412686,"Below average - fewer cases than typical at this point","French Guiana"
"GUF",2,11,0.312535151297716,268.384615384616,0.304629054369058,436,268.384615384615,436,0.163901379527478,0.0995987043717004,2026,NA,2026-11-01,NA,NA,NA,NA,NA,NA,NA,NA,10,"2026/2027","Unobserved",0,24,NA,7,NA,NA,"South America","French Guiana",0.304629054369058,436,10.9291168490748,"Low","Below average - fewer cases than typical at this point",-0.55173939641078,"Low",10.4031367412686,"Below average - fewer cases than typical at this point","French Guiana"
"GUF",3,12,0.308024744167163,191.846153846154,0.295347732598645,627.846153846151,191.846153846154,627.846153846154,0.232917353753333,0.0690159742258549,2026,NA,2026-12-01,NA,NA,NA,NA,NA,NA,NA,NA,10,"2026/2027","Unobserved",0,24,NA,7,NA,NA,"South America","French Guiana",0.295347732598645,627.846153846151,10.4031367412686,"Low","Below average - fewer cases than typical at this point",-0.543331263746442,"Low",10.4031367412686,"Below average - fewer cases than typical at this point","French Guiana"
"GUY",1,1,0.452802246457168,756.2,0.452802246457168,756.2,756.2,756.2,0.0823671834709232,0.0823671834709232,2025,"PAHO",2025-01-01,5033,5033,NA,79,NA,FALSE,"no_lookup_match","current_month_missing",1,"2025/2026","Observed",5033,5033,72338,72338,NA,72338,"South America","Guyana",0.452802246457168,756.2,98.8012188853411,"Extremely High","Rare bad event - unusually high cases to date",3.80457867136381,"Extremely High",98.3514262929492,"Rare bad event - unusually high cases to date","Guyana"
"GUY",2,2,0.419427417045771,740.866666666667,0.437178303282843,1497.06666666667,740.866666666667,1497.06666666667,0.154067530653497,0.0717003471825734,2025,"PAHO",2025-02-01,4229,4229,NA,75,NA,FALSE,"no_lookup_match","current_month_missing",1,"2025/2026","Observed",9262,9262,72338,72338,NA,72338,"South America","Guyana",0.437178303282843,1497.06666666667,98.3803867388014,"Extremely High","Rare bad event - unusually high cases to date",3.42896054633804,"Extremely High",98.3514262929492,"Rare bad event - unusually high cases to date","Guyana"
"GUY",3,3,0.402352315545168,839.800000000001,0.42499406355625,2336.86666666667,839.8,2336.86666666667,0.22839926338211,0.0743317327286138,2025,"PAHO",2025-03-01,6799,6799,NA,70,NA,FALSE,"no_lookup_match","current_month_missing",1,"2025/2026","Observed",16061,16061,72338,72338,NA,72338,"South America","Guyana",0.42499406355625,2336.86666666667,98.7945489529822,"Extremely High","Rare bad event - unusually high cases to date",3.82827333910899,"Extremely High",98.3514262929492,"Rare bad event - unusually high cases to date","Guyana"
"GUY",4,4,0.412022879802005,816.799999999999,0.422061452509841,3153.66666666666,816.8,3153.66666666667,0.302936279151436,0.0745370157693256,2025,"PAHO",2025-04-01,3800,3800,NA,66,NA,FALSE,"no_lookup_match","current_month_missing",1,"2025/2026","Observed",19861,19861,72338,72338,NA,72338,"South America","Guyana",0.422061452509841,3153.66666666666,98.3805041846213,"Extremely High","Rare bad event - unusually high cases to date",3.44151871020346,"Extremely High",98.3514262929492,"Rare bad event - unusually high cases to date","Guyana"
"GUY",5,5,0.37958434851035,1127.6,0.411294011148578,4281.26666666667,1127.6,4281.26666666667,0.391932449411827,0.0889961702603915,2025,"PAHO",2025-05-01,8305,8305,NA,62,NA,FALSE,"no_lookup_match","current_month_missing",1,"2025/2026","Observed",28166,28166,72338,72338,NA,72338,"South America","Guyana",0.411294011148578,4281.26666666667,98.5284186549377,"Extremely High","Rare bad event - unusually high cases to date",3.57769612248061,"Extremely High",98.3514262929492,"Rare bad event - unusually high cases to date","Guyana"
"GUY",6,6,0.344246888994732,1380,0.396104183893463,5661.26666666667,1380,5661.26666666667,0.485782308273007,0.0938498588611793,2025,"PAHO",2025-06-01,10602,10602,NA,57,NA,FALSE,"no_lookup_match","current_month_missing",1,"2025/2026","Observed",38768,38768,72338,72338,NA,72338,"South America","Guyana",0.396104183893463,5661.26666666667,98.6214814098362,"Extremely High","Rare bad event - unusually high cases to date",3.68037642908111,"Extremely High",98.3514262929492,"Rare bad event - unusually high cases to date","Guyana"
"GUY",7,7,0.406541312770754,1321.13333333334,0.40005563183636,6982.40000000002,1321.13333333333,6982.4,0.602481715795221,0.116699407522214,2025,"PAHO",2025-07-01,5363,5363,NA,53,NA,FALSE,"no_lookup_match","current_month_missing",1,"2025/2026","Observed",44131,44131,72338,72338,NA,72338,"South America","Guyana",0.40005563183636,6982.40000000002,98.2609846136076,"Extremely High","Rare bad event - unusually high cases to date",3.36500318831691,"Extremely High",98.3514262929492,"Rare bad event - unusually high cases to date","Guyana"
"GUY",8,8,0.392840412728323,978.866666666668,0.402534949965185,7961.26666666669,978.866666666667,7961.26666666667,0.688418643435402,0.0859369276401804,2025,"PAHO",2025-08-01,5830,4582,NA,49,1.02561588672273,TRUE,"applied_mean","previous_month_missing",1,"2025/2026","Observed",49961,49961,72338,72338,NA,72338,"South America","Guyana",0.402534949965185,7961.26666666669,98.2398272687742,"Extremely High","Rare bad event - unusually high cases to date",3.34699589529321,"Extremely High",98.3514262929492,"Rare bad event - unusually high cases to date","Guyana"
"GUY",9,9,0.400187353385473,971.333333333336,0.403688526420736,8932.6,971.333333333333,8932.6,0.775005796470376,0.0865871530349742,2025,"PAHO",2025-09-01,6256,6071,6256,44,1.02614988087339,TRUE,"applied_mean","not_missing",1,"2025/2026","Observed",56217,56217,72338,72338,NA,72338,"South America","Guyana",0.403688526420736,8932.6,98.2623065825799,"Extremely High","Rare bad event - unusually high cases to date",3.36320535288825,"Extremely High",98.3514262929492,"Rare bad event - unusually high cases to date","Guyana"
"GUY",10,10,0.40098594941673,969.933333333335,0.403981704014555,9902.53333333336,969.933333333333,9902.53333333333,0.860006745839769,0.0850009493693933,2025,"PAHO",2025-10-01,4814,5059,4814,40,1.01984606295536,TRUE,"applied_mean","not_missing",1,"2025/2026","Observed",61031,61031,72338,72338,NA,72338,"South America","Guyana",0.403981704014555,9902.53333333336,98.152466359397,"Extremely High","Rare bad event - unusually high cases to date",3.28162117517412,"Extremely High",98.3514262929492,"Rare bad event - unusually high cases to date","Guyana"
"GUY",11,11,0.420479174246006,827.799999999999,0.405432588761947,10730.3333333333,827.8,10730.3333333333,0.938048989503039,0.0780422436632699,2025,"PAHO",2025-11-01,5638,5893,5638,36,1.01418864362995,TRUE,"applied_mean","not_missing",1,"2025/2026","Observed",66669,66669,72338,72338,NA,72338,"South America","Guyana",0.405432588761947,10730.3333333333,98.2056921562774,"Extremely High","Rare bad event - unusually high cases to date",3.31932685691588,"Extremely High",98.3514262929492,"Rare bad event - unusually high cases to date","Guyana"
"GUY",12,12,0.433854489247278,615.599999999998,0.407219087028638,11345.9333333334,615.6,11345.9333333333,1,0.0619510104969609,2025,"PAHO",2025-12-01,5669,4320,5669,32,1.03257066568467,TRUE,"applied_mean","not_missing",1,"2025/2026","Observed",72338,72338,72338,72338,NA,72338,"South America","Guyana",0.407219087028638,11345.9333333334,98.3514262929492,"Extremely High","Rare bad event - unusually high cases to date",3.43035756532096,"Extremely High",98.3514262929492,"Rare bad event - unusually high cases to date","Guyana"
"GUY",1,1,0.452802246457168,756.2,0.452802246457168,756.2,756.2,756.2,0.0823671834709232,0.0823671834709232,2026,"PAHO",2026-01-01,12230,11758,12230,27,1.04016421833772,TRUE,"applied_mean","not_missing",1,"2026/2027","Observed",12230,12230,88939,88939,NA,88939,"South America","Guyana",0.452802246457168,756.2,99.9893398977449,"Extremely High","Rare bad event - unusually high cases to date",10.2069245135368,"Extremely High",96.2966917524388,"Rare bad event - unusually high cases to date","Guyana"
"GUY",2,2,0.419427417045771,740.866666666667,0.437178303282843,1497.06666666667,740.866666666667,1497.06666666667,0.154067530653497,0.0717003471825734,2026,"PAHO",2026-02-01,7721,7460,7721,23,1.0381296911273,TRUE,"applied_mean","not_missing",1,"2026/2027","Observed",19951,19951,88939,88939,NA,88939,"South America","Guyana",0.437178303282843,1497.06666666667,99.9501950133118,"Extremely High","Rare bad event - unusually high cases to date",8.14917612403872,"Extremely High",96.2966917524388,"Rare bad event - unusually high cases to date","Guyana"
"GUY",3,3,0.402352315545168,839.800000000001,0.42499406355625,2336.86666666667,839.8,2336.86666666667,0.22839926338211,0.0743317327286138,2026,"PAHO",2026-03-01,9080,7908,9080,18,1.07023450069502,TRUE,"applied_mean","not_missing",1,"2026/2027","Observed",29031,29031,88939,88939,NA,88939,"South America","Guyana",0.42499406355625,2336.86666666667,99.9142197213567,"Extremely High","Rare bad event - unusually high cases to date",7.44618523214246,"Extremely High",96.2966917524388,"Rare bad event - unusually high cases to date","Guyana"
"GUY",4,4,0.412022879802005,816.799999999999,0.422061452509841,3153.66666666666,816.8,3153.66666666667,0.302936279151436,0.0745370157693256,2026,"PAHO",2026-04-01,7762,6285,7762,14,1.10121007553855,TRUE,"applied_mean","not_missing",1,"2026/2027","Observed",36793,36793,88939,88939,NA,88939,"South America","Guyana",0.422061452509841,3153.66666666666,99.8748209039046,"Extremely High","Rare bad event - unusually high cases to date",6.92931617246543,"Extremely High",96.2966917524388,"Rare bad event - unusually high cases to date","Guyana"
"GUY",5,5,0.37958434851035,1127.6,0.411294011148578,4281.26666666667,1127.6,4281.26666666667,0.391932449411827,0.0889961702603915,2026,"PAHO",2026-05-01,3436,2357,3436,10,1.12472870155002,TRUE,"applied_mean","not_missing",1,"2026/2027","Observed",40229,40229,88939,88939,NA,88939,"South America","Guyana",0.411294011148578,4281.26666666667,99.6105965230179,"Extremely High","Rare bad event - unusually high cases to date",5.38461386040038,"Extremely High",96.2966917524388,"Rare bad event - unusually high cases to date","Guyana"
"GUY",6,6,0.344246888994732,1380,0.396104183893463,5661.26666666667,1380,5661.26666666667,0.485782308273007,0.0938498588611793,2026,"PAHO",2026-06-01,2976,0,2976,7,1.20793114320676,TRUE,"applied_mean","not_missing",1,"2026/2027","Observed",43205,43205,88939,88939,NA,88939,"South America","Guyana",0.396104183893463,5661.26666666667,99.0408436752553,"Extremely High","Rare bad event - unusually high cases to date",4.17362443550376,"Extremely High",96.2966917524388,"Rare bad event - unusually high cases to date","Guyana"
"GUY",7,7,0.406541312770754,1321.13333333334,0.40005563183636,6982.40000000002,1321.13333333333,6982.4,0.602481715795221,0.116699407522214,2026,"Estimates",2026-07-01,10379,NA,NA,NA,NA,NA,NA,NA,1,"2026/2027","Unobserved",53584,53584,88939,88939,10379.1286056182,88939,"South America","Guyana",0.40005563183636,6982.40000000002,99.0776872314123,"Extremely High","Rare bad event - unusually high cases to date",4.22127704895122,"Extremely High",96.2966917524388,"Rare bad event - unusually high cases to date","Guyana"
"GUY",8,8,0.392840412728323,978.866666666668,0.402534949965185,7961.26666666669,978.866666666667,7961.26666666667,0.688418643435402,0.0859369276401804,2026,NA,2026-08-01,NA,NA,NA,NA,NA,NA,NA,NA,1,"2026/2027","Unobserved",53584,53584,88939,88939,NA,88939,"South America","Guyana",0.402534949965185,7961.26666666669,98.5819118541569,"Extremely High","Rare bad event - unusually high cases to date",3.63571596959481,"Extremely High",96.2966917524388,"Rare bad event - unusually high cases to date","Guyana"
"GUY",9,9,0.400187353385473,971.333333333336,0.403688526420736,8932.6,971.333333333333,8932.6,0.775005796470376,0.0865871530349742,2026,NA,2026-09-01,NA,NA,NA,NA,NA,NA,NA,NA,1,"2026/2027","Unobserved",53584,53584,88939,88939,NA,88939,"South America","Guyana",0.403688526420736,8932.6,97.9985702677983,"Extremely High","Rare bad event - unusually high cases to date",3.17592752565232,"Extremely High",96.2966917524388,"Rare bad event - unusually high cases to date","Guyana"
"GUY",10,10,0.40098594941673,969.933333333335,0.403981704014555,9902.53333333336,969.933333333333,9902.53333333333,0.860006745839769,0.0850009493693933,2026,NA,2026-10-01,NA,NA,NA,NA,NA,NA,NA,NA,1,"2026/2027","Unobserved",53584,53584,88939,88939,NA,88939,"South America","Guyana",0.403981704014555,9902.53333333336,97.3421506270676,"Extremely High","Rare bad event - unusually high cases to date",2.80364414036791,"Extremely High",96.2966917524388,"Rare bad event - unusually high cases to date","Guyana"
"GUY",11,11,0.420479174246006,827.799999999999,0.405432588761947,10730.3333333333,827.8,10730.3333333333,0.938048989503039,0.0780422436632699,2026,NA,2026-11-01,NA,NA,NA,NA,NA,NA,NA,NA,1,"2026/2027","Unobserved",53584,53584,88939,88939,NA,88939,"South America","Guyana",0.405432588761947,10730.3333333333,96.7498720888926,"Extremely High","Rare bad event - unusually high cases to date",2.54288017860015,"Extremely High",96.2966917524388,"Rare bad event - unusually high cases to date","Guyana"
"GUY",12,12,0.433854489247278,615.599999999998,0.407219087028638,11345.9333333334,615.6,11345.9333333333,1,0.0619510104969609,2026,NA,2026-12-01,NA,NA,NA,NA,NA,NA,NA,NA,1,"2026/2027","Unobserved",53584,53584,88939,88939,NA,88939,"South America","Guyana",0.407219087028638,11345.9333333334,96.2966917524388,"Extremely High","Rare bad event - unusually high cases to date",2.37558225935173,"Extremely High",96.2966917524388,"Rare bad event - unusually high cases to date","Guyana"
"HND",12,1,1.86554858062648,1936.8125,1.27199507663707,42287.375,1936.8125,42287.375,1,0.0740860489912372,2025,"PAHO",2025-01-01,1434,1434,NA,79,NA,FALSE,"no_lookup_match","current_month_missing",2,"2024/2025","Observed",1434,1434,1434,18758,NA,1434,"North & Central America","Honduras",1.27199507663707,42287.375,1.56209603305065,"Extremely Low","Rare good event - unusually low cases to date",-1.08956563475248,"Normal",28.957543534219,"Average - typical case load at this point","Honduras"
"HND",1,2,1.97909814830126,1636.375,1.97909814830126,1636.375,1636.375,1636.375,0.0566198082446306,0.0566198082446306,2025,"PAHO",2025-02-01,1274,1274,NA,75,NA,FALSE,"no_lookup_match","current_month_missing",2,"2025/2026","Observed",1274,2708,16985,18758,NA,16985,"North & Central America","Honduras",1.97909814830126,1636.375,46.2605249985982,"Normal","Average - typical case load at this point",-0.311348365948042,"Normal",28.957543534219,"Average - typical case load at this point","Honduras"
"HND",2,3,1.83289631002909,1758.5625,1.97231700063218,3394.9375,1758.5625,3394.9375,0.110973596100898,0.0543537878562669,2025,"PAHO",2025-03-01,2134,2134,NA,70,NA,FALSE,"no_lookup_match","current_month_missing",2,"2025/2026","Observed",3408,4842,16985,18758,NA,16985,"North & Central America","Honduras",1.97231700063218,3394.9375,59.6788256493877,"Normal","Average - typical case load at this point",0.00540202714618109,"Normal",28.957543534219,"Average - typical case load at this point","Honduras"
"HND",3,4,1.68920794695596,1907.9375,1.94038114245656,5302.875,1907.9375,5302.875,0.172308663297333,0.0613350671964351,2025,"PAHO",2025-04-01,1467,1467,NA,66,NA,FALSE,"no_lookup_match","current_month_missing",2,"2025/2026","Observed",4875,6309,16985,18758,NA,16985,"North & Central America","Honduras",1.94038114245656,5302.875,55.0777167136878,"Normal","Average - typical case load at this point",-0.112374973604282,"Normal",28.957543534219,"Average - typical case load at this point","Honduras"
"HND",4,5,1.4618319575885,2806.0625,1.79290370829528,8108.93749999999,2806.0625,8108.9375,0.252081230555283,0.07977256725795,2025,"PAHO",2025-05-01,1678,1678,NA,62,NA,FALSE,"no_lookup_match","current_month_missing",2,"2025/2026","Observed",6553,7987,16985,18758,NA,16985,"North & Central America","Honduras",1.79290370829528,8108.93749999999,49.197974011798,"Normal","Average - typical case load at this point",-0.256896786169265,"Normal",28.957543534219,"Average - typical case load at this point","Honduras"
"HND",5,6,0.847772981265074,5883.31249999999,1.34469204112819,13992.25,5883.3125,13992.25,0.368580260148946,0.116499029593664,2025,"PAHO",2025-06-01,1835,1835,NA,57,NA,FALSE,"no_lookup_match","current_month_missing",2,"2025/2026","Observed",8388,9822,16985,18758,NA,16985,"North & Central America","Honduras",1.34469204112819,13992.25,40.2722817440388,"Normal","Average - typical case load at this point",-0.464430244700736,"Normal",28.957543534219,"Average - typical case load at this point","Honduras"
"HND",6,7,0.776148153670458,6443.62500000001,1.16952501968048,20435.875,6443.625,20435.875,0.486289500729172,0.117709240580226,2025,"PAHO",2025-07-01,1424,1424,NA,53,NA,FALSE,"no_lookup_match","current_month_missing",2,"2025/2026","Observed",9812,11246,16985,18758,NA,16985,"North & Central America","Honduras",1.16952501968048,20435.875,35.1424231633669,"Normal","Average - typical case load at this point",-0.562188615018867,"Normal",28.957543534219,"Average - typical case load at this point","Honduras"
"HND",7,8,0.722075695653292,6180.68750000001,1.06886310189192,26616.5625,6180.6875,26616.5625,0.592186582213442,0.10589708148427,2025,"PAHO",2025-08-01,1222,1222,NA,49,1,TRUE,"applied_mean","previous_month_missing",2,"2025/2026","Observed",11034,12468,16985,18758,NA,16985,"North & Central America","Honduras",1.06886310189192,26616.5625,32.579167027577,"Normal","Average - typical case load at this point",-0.605256181972404,"Normal",28.957543534219,"Average - typical case load at this point","Honduras"
"HND",8,9,0.806337593975081,4683.125,1.04831416379902,31299.6875,4683.125,31299.6875,0.680640709595057,0.088454127381615,2025,"PAHO",2025-09-01,1176,1176,1176,44,1,TRUE,"applied_mean","not_missing",2,"2025/2026","Observed",12210,13644,16985,18758,NA,16985,"North & Central America","Honduras",1.04831416379902,31299.6875,31.3196031835427,"Normal","Average - typical case load at this point",-0.624449427164715,"Normal",28.957543534219,"Average - typical case load at this point","Honduras"
"HND",9,10,1.23478118675628,3839.1875,1.10723066426391,35138.875,3839.1875,35138.875,0.779237236784639,0.0985965271895816,2025,"PAHO",2025-10-01,1216,1216,1216,40,1,TRUE,"applied_mean","not_missing",2,"2025/2026","Observed",13426,14860,16985,18758,NA,16985,"North & Central America","Honduras",1.10723066426391,35138.875,29.6265246327295,"Normal","Average - typical case load at this point",-0.650192101308903,"Normal",28.957543534219,"Average - typical case load at this point","Honduras"
"HND",10,11,1.29034175519808,3156.6875,1.15458504377124,38295.5625000001,3156.6875,38295.5625,0.864814922964073,0.0855776861794341,2025,"PAHO",2025-11-01,1235,1235,1235,36,1,TRUE,"applied_mean","not_missing",2,"2025/2026","Observed",14661,16095,16985,18758,NA,16985,"North & Central America","Honduras",1.15458504377124,38295.5625000001,28.8081457757575,"Normal","Average - typical case load at this point",-0.663140468033519,"Normal",28.957543534219,"Average - typical case load at this point","Honduras"
"HND",11,12,1.47293261944883,2055,1.19413724113002,40350.5625,2055,40350.5625,0.925913951008763,0.0610990280446899,2025,"PAHO",2025-12-01,1273,1273,1273,31,1,TRUE,"applied_mean","not_missing",2,"2025/2026","Observed",15934,17368,16985,18758,NA,16985,"North & Central America","Honduras",1.19413724113002,40350.5625,28.957543534219,"Normal","Average - typical case load at this point",-0.661234680474215,"Normal",28.957543534219,"Average - typical case load at this point","Honduras"
"HND",12,1,1.86554858062648,1936.8125,1.27199507663707,42287.375,1936.8125,42287.375,1,0.0740860489912372,2026,"PAHO",2026-01-01,1051,1051,1051,27,1,TRUE,"applied_mean","not_missing",2,"2025/2026","Observed",16985,1051,16985,15036,NA,16985,"North & Central America","Honduras",1.27199507663707,42287.375,28.14185809801,"Normal","Average - typical case load at this point",-0.674818133816857,"Low",11.4529684405865,"Below average - fewer cases than typical at this point","Honduras"
"HND",1,2,1.97909814830126,1636.375,1.97909814830126,1636.375,1636.375,1636.375,0.0566198082446306,0.0566198082446306,2026,"PAHO",2026-02-01,660,660,660,23,1,TRUE,"applied_mean","not_missing",2,"2026/2027","Observed",660,1711,12185,15036,NA,13346,"North & Central America","Honduras",1.97909814830126,1636.375,19.6058405017575,"Low","Below average - fewer cases than typical at this point",-0.83888999186622,"Low",11.4529684405865,"Below average - fewer cases than typical at this point","Honduras"
"HND",2,3,1.83289631002909,1758.5625,1.97231700063218,3394.9375,1758.5625,3394.9375,0.110973596100898,0.0543537878562669,2026,"PAHO",2026-03-01,714,714,714,18,1,TRUE,"applied_mean","not_missing",2,"2026/2027","Observed",1374,2425,12185,15036,NA,13346,"North & Central America","Honduras",1.97231700063218,3394.9375,19.7457638907849,"Low","Below average - fewer cases than typical at this point",-0.835763386467486,"Low",11.4529684405865,"Below average - fewer cases than typical at this point","Honduras"
"HND",3,4,1.68920794695596,1907.9375,1.94038114245656,5302.875,1907.9375,5302.875,0.172308663297333,0.0613350671964351,2026,"PAHO",2026-04-01,769,769,769,14,1,TRUE,"applied_mean","not_missing",2,"2026/2027","Observed",2143,3194,12185,15036,NA,13346,"North & Central America","Honduras",1.94038114245656,5302.875,20.0022835632536,"Low","Below average - fewer cases than typical at this point",-0.829893940327974,"Low",11.4529684405865,"Below average - fewer cases than typical at this point","Honduras"
"HND",4,5,1.4618319575885,2806.0625,1.79290370829528,8108.93749999999,2806.0625,8108.9375,0.252081230555283,0.07977256725795,2026,"PAHO",2026-05-01,820,820,820,10,0.999937539590942,TRUE,"applied_mean","not_missing",2,"2026/2027","Observed",2963,4014,12185,15036,NA,13346,"North & Central America","Honduras",1.79290370829528,8108.93749999999,18.7167095359911,"Low","Below average - fewer cases than typical at this point",-0.849632331361581,"Low",11.4529684405865,"Below average - fewer cases than typical at this point","Honduras"
"HND",5,6,0.847772981265074,5883.31249999999,1.34469204112819,13992.25,5883.3125,13992.25,0.368580260148946,0.116499029593664,2026,"PAHO",2026-06-01,1528,1529,1528,5,0.999830321426488,TRUE,"applied_mean","not_missing",2,"2026/2027","Observed",4491,5542,12185,15036,NA,13346,"North & Central America","Honduras",1.34469204112819,13992.25,21.1854321910236,"Low","Below average - fewer cases than typical at this point",-0.787378839713229,"Low",11.4529684405865,"Below average - fewer cases than typical at this point","Honduras"
"HND",6,7,0.776148153670458,6443.62500000001,1.16952501968048,20435.875,6443.625,20435.875,0.486289500729172,0.117709240580226,2026,"Estimates",2026-07-01,1999,NA,NA,NA,NA,NA,NA,NA,2,"2026/2027","Unobserved",6490,7541,12185,15036,1999.29145125513,13346,"North & Central America","Honduras",1.16952501968048,20435.875,23.8444404286448,"Low","Below average - fewer cases than typical at this point",-0.73798045924639,"Low",11.4529684405865,"Below average - fewer cases than typical at this point","Honduras"
"HND",7,8,0.722075695653292,6180.68750000001,1.06886310189192,26616.5625,6180.6875,26616.5625,0.592186582213442,0.10589708148427,2026,NA,2026-08-01,NA,NA,NA,NA,NA,NA,NA,NA,2,"2026/2027","Unobserved",6490,7541,12185,15036,NA,13346,"North & Central America","Honduras",1.06886310189192,26616.5625,20.1967466092649,"Low","Below average - fewer cases than typical at this point",-0.781753731132409,"Low",11.4529684405865,"Below average - fewer cases than typical at this point","Honduras"
"HND",8,9,0.806337593975081,4683.125,1.04831416379902,31299.6875,4683.125,31299.6875,0.680640709595057,0.088454127381615,2026,NA,2026-09-01,NA,NA,NA,NA,NA,NA,NA,NA,2,"2026/2027","Unobserved",6490,7541,12185,15036,NA,13346,"North & Central America","Honduras",1.04831416379902,31299.6875,17.7240645117702,"Low","Below average - fewer cases than typical at this point",-0.811558342561165,"Low",11.4529684405865,"Below average - fewer cases than typical at this point","Honduras"
"HND",9,10,1.23478118675628,3839.1875,1.10723066426391,35138.875,3839.1875,35138.875,0.779237236784639,0.0985965271895816,2026,NA,2026-10-01,NA,NA,NA,NA,NA,NA,NA,NA,2,"2026/2027","Unobserved",6490,7541,12185,15036,NA,13346,"North & Central America","Honduras",1.10723066426391,35138.875,14.7789338055805,"Low","Below average - fewer cases than typical at this point",-0.857890640294576,"Low",11.4529684405865,"Below average - fewer cases than typical at this point","Honduras"
"HND",10,11,1.29034175519808,3156.6875,1.15458504377124,38295.5625000001,3156.6875,38295.5625,0.864814922964073,0.0855776861794341,2026,NA,2026-11-01,NA,NA,NA,NA,NA,NA,NA,NA,2,"2026/2027","Unobserved",6490,7541,12185,15036,NA,13346,"North & Central America","Honduras",1.15458504377124,38295.5625000001,12.751556347414,"Low","Below average - fewer cases than typical at this point",-0.892403047541893,"Low",11.4529684405865,"Below average - fewer cases than typical at this point","Honduras"
"HND",11,12,1.47293261944883,2055,1.19413724113002,40350.5625,2055,40350.5625,0.925913951008763,0.0610990280446899,2026,NA,2026-12-01,NA,NA,NA,NA,NA,NA,NA,NA,2,"2026/2027","Unobserved",6490,7541,12185,15036,NA,13346,"North & Central America","Honduras",1.19413724113002,40350.5625,11.4529684405865,"Low","Below average - fewer cases than typical at this point",-0.91699141618992,"Low",11.4529684405865,"Below average - fewer cases than typical at this point","Honduras"
"IND",10,1,2.14562392903655,7139.75000000001,2.18098731750378,117237.9375,7139.75,117237.9375,0.917111770253867,0.0715033093065821,2025,"SEARO",2025-01-01,4700,4700,NA,19,NA,FALSE,"no_lookup_match",NA,4,"2024/2025","Observed",4700,4700,12023,142772,NA,12023,"South Asia","India",2.18098731750378,117237.9375,0.194926091717652,"Extremely Low","Rare good event - unusually low cases to date",-1.41759872023634,"Normal",58.7212807995759,"Average - typical case load at this point","India"
"IND",11,2,2.25465961787274,4578.9375,2.27876158332452,121816.875,4578.9375,121816.875,0.962202672390375,0.0450909021365083,2025,"SEARO",2025-02-01,3806,3806,NA,18,NA,FALSE,"no_lookup_match",NA,4,"2024/2025","Observed",8506,8506,12023,142772,NA,12023,"South Asia","India",2.27876158332452,121816.875,0.517775390793016,"Extremely Low","Rare good event - unusually low cases to date",-1.40413712332427,"Normal",58.7212807995759,"Average - typical case load at this point","India"
"IND",12,3,2.25549223559132,3819.3125,2.35416624296857,125636.1875,3819.3125,125636.1875,1,0.0377973276096245,2025,"SEARO",2025-03-01,3517,3517,NA,17,NA,FALSE,"no_lookup_match",NA,4,"2024/2025","Observed",12023,12023,12023,142772,NA,12023,"South Asia","India",2.35416624296857,125636.1875,0.90149146083931,"Extremely Low","Rare good event - unusually low cases to date",-1.38748561933605,"Normal",58.7212807995759,"Average - typical case load at this point","India"
"IND",1,4,2.16536600468838,2528.6875,2.16536600468838,2528.6875,2528.6875,2528.6875,0.0202968224806565,0.0202968224806565,2025,"SEARO",2025-04-01,2700,2700,NA,16,NA,FALSE,"no_lookup_match",NA,4,"2025/2026","Observed",2700,14723,118354,142772,NA,118354,"South Asia","India",2.16536600468838,2528.6875,62.7425649125722,"Normal","Average - typical case load at this point",0.0996491687585914,"Normal",58.7212807995759,"Average - typical case load at this point","India"
"IND",2,5,2.09126205700382,3701.4375,2.12348827647143,6230.12499999999,3701.4375,6230.125,0.0496227399746386,0.0293259174939821,2025,"SEARO",2025-05-01,3766,3766,NA,15,NA,FALSE,"no_lookup_match",NA,4,"2025/2026","Observed",6466,18489,118354,142772,NA,118354,"South Asia","India",2.12348827647143,6230.12499999999,61.2045171627291,"Normal","Average - typical case load at this point",0.055161502410515,"Normal",58.7212807995759,"Average - typical case load at this point","India"
"IND",3,6,2.18246644931763,5614.75,2.16858302104124,11844.875,5614.75,11844.875,0.0940681924032025,0.0444454524285639,2025,"SEARO",2025-06-01,6459,6459,NA,14,NA,FALSE,"no_lookup_match",NA,4,"2025/2026","Observed",12925,24948,118354,142772,NA,118354,"South Asia","India",2.16858302104124,11844.875,63.9517442700423,"Normal","Average - typical case load at this point",0.134273964135528,"Normal",58.7212807995759,"Average - typical case load at this point","India"
"IND",4,7,1.85319540587303,10917.625,2.03661667013326,22762.5000000001,10917.625,22762.5,0.177054673815853,0.0829864814126505,2025,"SEARO",2025-07-01,10302,10302,NA,13,NA,FALSE,"no_lookup_match",NA,4,"2025/2026","Observed",23227,35250,118354,142772,NA,118354,"South Asia","India",2.03661667013326,22762.5000000001,60.4204201021433,"Normal","Average - typical case load at this point",0.0291206442477034,"Normal",58.7212807995759,"Average - typical case load at this point","India"
"IND",5,8,1.94803932474747,14635.3125,2.00858995252484,37397.8125000001,14635.3125,37397.8125,0.289060585698756,0.112005911882903,2025,"SEARO",2025-08-01,14303,14303,NA,12,NA,FALSE,"no_lookup_match",NA,4,"2025/2026","Observed",37530,49553,118354,142772,NA,118354,"South Asia","India",2.00858995252484,37397.8125000001,59.5716013203956,"Normal","Average - typical case load at this point",0.00500931301052528,"Normal",58.7212807995759,"Average - typical case load at this point","India"
"IND",6,9,1.92469293145731,19743.0625,1.98835385660018,57140.875,19743.0625,57140.875,0.439456977044145,0.15039639134539,2025,"SEARO",2025-09-01,18803,18803,NA,11,NA,FALSE,"no_lookup_match",NA,4,"2025/2026","Observed",56333,68356,118354,142772,NA,118354,"South Asia","India",1.98835385660018,57140.875,58.6588558764359,"Normal","Average - typical case load at this point",-0.019935932954673,"Normal",58.7212807995759,"Average - typical case load at this point","India"
"IND",7,10,1.94474568377791,25690.5,1.99172651828654,82831.3749999999,25690.5,82831.375,0.636109511805815,0.19665253476167,2025,"SEARO",2025-10-01,22659,22659,NA,10,NA,FALSE,"no_lookup_match",NA,4,"2025/2026","Observed",78992,91015,118354,142772,NA,118354,"South Asia","India",1.99172651828654,82831.3749999999,56.8575755039006,"Normal","Average - typical case load at this point",-0.0654146908784715,"Normal",58.7212807995759,"Average - typical case load at this point","India"
"IND",8,11,1.98702461794394,17910.0625,1.9990342656323,100741.4375,17910.0625,100741.4375,0.774342769067599,0.138233257261784,2025,"SEARO",2025-11-01,22175,22175,NA,9,NA,FALSE,"no_lookup_match",NA,4,"2025/2026","Observed",101167,113190,118354,142772,NA,118354,"South Asia","India",1.9990342656323,100741.4375,59.6300708858698,"Normal","Average - typical case load at this point",0.00597256683427512,"Normal",58.7212807995759,"Average - typical case load at this point","India"
"IND",9,12,1.93093262040229,9356.74999999999,1.99585373687423,110098.1875,9356.75,110098.1875,0.845608460947285,0.0712656918796861,2025,"SEARO",2025-12-01,7539,7539,NA,8,NA,FALSE,"no_lookup_match",NA,4,"2025/2026","Observed",108706,120729,118354,142772,NA,118354,"South Asia","India",1.99585373687423,110098.1875,58.7212807995759,"Normal","Average - typical case load at this point",-0.0178639699693571,"Normal",58.7212807995759,"Average - typical case load at this point","India"
"IND",10,1,2.14562392903655,7139.75000000001,2.18098731750378,117237.9375,7139.75,117237.9375,0.917111770253867,0.0715033093065821,2026,"SEARO",2026-01-01,3544,3544,NA,7,NA,FALSE,"no_lookup_match",NA,4,"2025/2026","Observed",112250,3544,118354,243844,NA,118354,"South Asia","India",2.18098731750378,117237.9375,56.5392417604979,"Normal","Average - typical case load at this point",-0.0628312014036954,"Low",6.72278288416369,"Below average - fewer cases than typical at this point","India"
"IND",11,2,2.25465961787274,4578.9375,2.27876158332452,121816.875,4578.9375,121816.875,0.962202672390375,0.0450909021365083,2026,"SEARO",2026-02-01,3019,3019,NA,6,NA,FALSE,"no_lookup_match",NA,4,"2025/2026","Observed",115269,6563,118354,243844,NA,118354,"South Asia","India",2.27876158332452,121816.875,55.6045231736792,"Normal","Average - typical case load at this point",-0.0811406174948922,"Low",6.72278288416369,"Below average - fewer cases than typical at this point","India"
"IND",12,3,2.25549223559132,3819.3125,2.35416624296857,125636.1875,3819.3125,125636.1875,1,0.0377973276096245,2026,"SEARO",2026-03-01,3085,3085,NA,5,NA,FALSE,"no_lookup_match",NA,4,"2025/2026","Observed",118354,9648,118354,243844,NA,118354,"South Asia","India",2.35416624296857,125636.1875,55.1441842543704,"Normal","Average - typical case load at this point",-0.0889327256447091,"Low",6.72278288416369,"Below average - fewer cases than typical at this point","India"
"IND",1,4,2.16536600468838,2528.6875,2.16536600468838,2528.6875,2528.6875,2528.6875,0.0202968224806565,0.0202968224806565,2026,"SEARO",2026-04-01,2918,2918,NA,4,NA,FALSE,"no_lookup_match",NA,4,"2026/2027","Observed",2918,12566,141280,243844,NA,130536,"South Asia","India",2.16536600468838,2528.6875,67.0714631657223,"Normal","Average - typical case load at this point",0.226455553519617,"Low",6.72278288416369,"Below average - fewer cases than typical at this point","India"
"IND",2,5,2.09126205700382,3701.4375,2.12348827647143,6230.12499999999,3701.4375,6230.125,0.0496227399746386,0.0293259174939821,2026,"SEARO",2026-05-01,3747,3747,NA,3,NA,FALSE,"no_lookup_match",NA,4,"2026/2027","Observed",6665,16313,141280,243844,NA,130536,"South Asia","India",2.12348827647143,6230.12499999999,62.8937956652647,"Normal","Average - typical case load at this point",0.101699452509899,"Low",6.72278288416369,"Below average - fewer cases than typical at this point","India"
"IND",3,6,2.18246644931763,5614.75,2.16858302104124,11844.875,5614.75,11844.875,0.0940681924032025,0.0444454524285639,2026,"SEARO",2026-06-01,6625,6625,NA,2,NA,FALSE,"no_lookup_match",NA,4,"2026/2027","Observed",13290,22938,141280,243844,NA,130536,"South Asia","India",2.16858302104124,11844.875,65.5082298538586,"Normal","Average - typical case load at this point",0.17964833923977,"Low",6.72278288416369,"Below average - fewer cases than typical at this point","India"
"IND",4,7,1.85319540587303,10917.625,2.03661667013326,22762.5000000001,10917.625,22762.5,0.177054673815853,0.0829864814126505,2026,"Estimates",2026-07-01,9822,0,NA,1,NA,FALSE,"no_lookup_match",NA,4,"2026/2027","Unobserved",23112,32760,141280,243844,9821.78202111283,130536,"South Asia","India",2.03661667013326,22762.5000000001,60.1491877586836,"Normal","Average - typical case load at this point",0.021911012194988,"Low",6.72278288416369,"Below average - fewer cases than typical at this point","India"
"IND",5,8,1.94803932474747,14635.3125,2.00858995252484,37397.8125000001,14635.3125,37397.8125,0.289060585698756,0.112005911882903,2026,"SEARO",2026-08-01,NA,0,NA,0,NA,FALSE,"no_lookup_match",NA,4,"2026/2027","Unobserved",23112,32760,141280,243844,NA,130536,"South Asia","India",2.00858995252484,37397.8125000001,34.9666763901541,"Normal","Average - typical case load at this point",-0.541368180971835,"Low",6.72278288416369,"Below average - fewer cases than typical at this point","India"
"IND",6,9,1.92469293145731,19743.0625,1.98835385660018,57140.875,19743.0625,57140.875,0.439456977044145,0.15039639134539,2026,"SEARO",2026-09-01,NA,0,NA,-1,NA,FALSE,"no_lookup_match",NA,4,"2026/2027","Unobserved",23112,32760,141280,243844,NA,130536,"South Asia","India",1.98835385660018,57140.875,19.5538788551196,"Low","Below average - fewer cases than typical at this point",-0.839730614913096,"Low",6.72278288416369,"Below average - fewer cases than typical at this point","India"
"IND",7,10,1.94474568377791,25690.5,1.99172651828654,82831.3749999999,25690.5,82831.375,0.636109511805815,0.19665253476167,2026,"SEARO",2026-10-01,NA,0,NA,-2,NA,FALSE,"no_lookup_match",NA,4,"2026/2027","Unobserved",23112,32760,141280,243844,NA,130536,"South Asia","India",1.99172651828654,82831.3749999999,10.8973021879079,"Low","Below average - fewer cases than typical at this point",-1.01748968388881,"Low",6.72278288416369,"Below average - fewer cases than typical at this point","India"
"IND",8,11,1.98702461794394,17910.0625,1.9990342656323,100741.4375,17910.0625,100741.4375,0.774342769067599,0.138233257261784,2026,"SEARO",2026-11-01,NA,0,NA,-3,NA,FALSE,"no_lookup_match",NA,4,"2026/2027","Unobserved",23112,32760,141280,243844,NA,130536,"South Asia","India",1.9990342656323,100741.4375,7.80639722554916,"Low","Below average - fewer cases than typical at this point",-1.08949215162475,"Low",6.72278288416369,"Below average - fewer cases than typical at this point","India"
"IND",9,12,1.93093262040229,9356.74999999999,1.99585373687423,110098.1875,9356.75,110098.1875,0.845608460947285,0.0712656918796861,2026,"SEARO",2026-12-01,NA,0,NA,-4,NA,FALSE,"no_lookup_match",NA,4,"2026/2027","Unobserved",23112,32760,141280,243844,NA,130536,"South Asia","India",1.99585373687423,110098.1875,6.72278288416369,"Low","Below average - fewer cases than typical at this point",-1.11617051672202,"Low",6.72278288416369,"Below average - fewer cases than typical at this point","India"
"JAM",9,1,0.346994960529307,217.625,0.763229340892673,1727,217.625,1727,0.822876681471682,0.0858165264263451,2025,"PAHO",2025-01-01,46,46,NA,79,NA,FALSE,"no_lookup_match","current_month_missing",5,"2024/2025","Observed",46,46,165,817,NA,165,"Caribbean","Jamaica",0.763229340892673,1727,5.57504495992297,"Low","Below average - fewer cases than typical at this point",-0.850172317873094,"Normal",33.5275913503927,"Average - typical case load at this point","Jamaica"
"JAM",10,2,0.478076883586611,154.5,0.798506617311575,1881.5,154.5,1881.5,0.903034949769813,0.0801582682981309,2025,"PAHO",2025-02-01,38,38,NA,75,NA,FALSE,"no_lookup_match","current_month_missing",5,"2024/2025","Observed",84,84,165,817,NA,165,"Caribbean","Jamaica",0.798506617311575,1881.5,7.43977389523033,"Low","Below average - fewer cases than typical at this point",-0.853516259125352,"Normal",33.5275913503927,"Average - typical case load at this point","Jamaica"
"JAM",11,3,0.482052338305445,84.25,0.817986481570524,1965.75,84.25,1965.75,0.956683217021868,0.053648267252055,2025,"PAHO",2025-03-01,37,37,NA,70,NA,FALSE,"no_lookup_match","current_month_missing",5,"2024/2025","Observed",121,121,165,817,NA,165,"Caribbean","Jamaica",0.817986481570524,1965.75,9.11115215315861,"Low","Below average - fewer cases than typical at this point",-0.848578369936155,"Normal",33.5275913503927,"Average - typical case load at this point","Jamaica"
"JAM",12,4,0.820340262834658,40.875,0.844136000606093,2006.625,40.875,2006.625,1,0.0433167829781324,2025,"PAHO",2025-04-01,44,44,NA,66,NA,FALSE,"no_lookup_match","current_month_missing",5,"2024/2025","Observed",165,165,165,817,NA,165,"Caribbean","Jamaica",0.844136000606093,2006.625,10.8466353790566,"Low","Below average - fewer cases than typical at this point",-0.843043268991853,"Normal",33.5275913503927,"Average - typical case load at this point","Jamaica"
"JAM",1,5,0.658305444336508,58.75,0.658305444336508,58.75,58.75,58.75,0.0544038486426024,0.0544038486426024,2025,"PAHO",2025-05-01,30,30,NA,63,NA,FALSE,"no_lookup_match","current_month_missing",5,"2025/2026","Observed",30,195,540,817,NA,540,"Caribbean","Jamaica",0.658305444336508,58.75,48.1569841527354,"Normal","Average - typical case load at this point",-0.394842646856763,"Normal",33.5275913503927,"Average - typical case load at this point","Jamaica"
"JAM",2,6,0.82981431923391,68.5625,0.81127194040446,127.3125,68.5625,127.3125,0.111322014678327,0.0569181660357249,2025,"PAHO",2025-06-01,65,65,NA,57,NA,FALSE,"no_lookup_match","current_month_missing",5,"2025/2026","Observed",95,260,540,817,NA,540,"Caribbean","Jamaica",0.81127194040446,127.3125,55.3762097552252,"Normal","Average - typical case load at this point",-0.227878528828782,"Normal",33.5275913503927,"Average - typical case load at this point","Jamaica"
"JAM",3,7,0.654191788778336,106.5625,0.80233342696775,233.875,106.5625,233.875,0.185641909437412,0.0743198947590843,2025,"PAHO",2025-07-01,48,48,NA,53,NA,FALSE,"no_lookup_match","current_month_missing",5,"2025/2026","Observed",143,308,540,817,NA,540,"Caribbean","Jamaica",0.80233342696775,233.875,49.3553268638333,"Normal","Average - typical case load at this point",-0.347451662724358,"Normal",33.5275913503927,"Average - typical case load at this point","Jamaica"
"JAM",4,8,0.38209510397493,85.5625,0.848574544464044,319.4375,85.5625,319.4375,0.231810647275473,0.0461687378380617,2025,"PAHO",2025-08-01,17,17,NA,49,1,TRUE,"applied_mean","previous_month_missing",5,"2025/2026","Observed",160,325,540,817,NA,540,"Caribbean","Jamaica",0.848574544464044,319.4375,42.5718680744713,"Normal","Average - typical case load at this point",-0.459169992280828,"Normal",33.5275913503927,"Average - typical case load at this point","Jamaica"
"JAM",5,9,0.40758495682435,265.8125,0.734252388112474,585.25,265.8125,585.25,0.337970050836082,0.106159403560609,2025,"PAHO",2025-09-01,54,54,54,44,1,TRUE,"applied_mean","not_missing",5,"2025/2026","Observed",214,379,540,817,NA,540,"Caribbean","Jamaica",0.734252388112474,585.25,37.3196372462893,"Normal","Average - typical case load at this point",-0.543219638860902,"Normal",33.5275913503927,"Average - typical case load at this point","Jamaica"
"JAM",6,10,0.402460502697907,250,0.665164099841648,835.249999999999,250,835.25,0.437640042206067,0.0996699913699845,2025,"PAHO",2025-10-01,33,33,33,40,1,TRUE,"applied_mean","not_missing",5,"2025/2026","Observed",247,412,540,817,NA,540,"Caribbean","Jamaica",0.665164099841648,835.249999999999,34.8503121196801,"Normal","Average - typical case load at this point",-0.574165366705423,"Normal",33.5275913503927,"Average - typical case load at this point","Jamaica"
"JAM",7,11,0.387408631159233,355.75,0.614632210540501,1191,355.75,1191,0.55703412693702,0.119394084730954,2025,"PAHO",2025-11-01,117,117,117,36,1,TRUE,"applied_mean","not_missing",5,"2025/2026","Observed",364,529,540,817,NA,540,"Caribbean","Jamaica",0.614632210540501,1191,37.3085867464655,"Normal","Average - typical case load at this point",-0.544238640665598,"Normal",33.5275913503927,"Average - typical case load at this point","Jamaica"
"JAM",8,12,0.691471575407252,318.375,0.690616936856461,1509.375,318.375,1509.375,0.737060155045337,0.180026028108316,2025,"PAHO",2025-12-01,73,73,73,31,1,TRUE,"applied_mean","not_missing",5,"2025/2026","Observed",437,602,540,817,NA,540,"Caribbean","Jamaica",0.690616936856461,1509.375,33.5275913503927,"Normal","Average - typical case load at this point",-0.590294596165374,"Normal",33.5275913503927,"Average - typical case load at this point","Jamaica"
"JAM",9,1,0.346994960529307,217.625,0.763229340892673,1727,217.625,1727,0.822876681471682,0.0858165264263451,2026,"PAHO",2026-01-01,44,44,44,27,1,TRUE,"applied_mean","not_missing",5,"2025/2026","Observed",481,44,540,1204,NA,540,"Caribbean","Jamaica",0.763229340892673,1727,30.4310090983487,"Normal","Average - typical case load at this point",-0.630169368274762,"Low",10.2865561074242,"Below average - fewer cases than typical at this point","Jamaica"
"JAM",10,2,0.478076883586611,154.5,0.798506617311575,1881.5,154.5,1881.5,0.903034949769813,0.0801582682981309,2026,"PAHO",2026-02-01,18,18,18,23,1,TRUE,"applied_mean","not_missing",5,"2025/2026","Observed",499,62,540,1204,NA,540,"Caribbean","Jamaica",0.798506617311575,1881.5,28.3969609706166,"Normal","Average - typical case load at this point",-0.656459654097802,"Low",10.2865561074242,"Below average - fewer cases than typical at this point","Jamaica"
"JAM",11,3,0.482052338305445,84.25,0.817986481570524,1965.75,84.25,1965.75,0.956683217021868,0.053648267252055,2026,"PAHO",2026-03-01,16,16,16,18,1,TRUE,"applied_mean","not_missing",5,"2025/2026","Observed",515,78,540,1204,NA,540,"Caribbean","Jamaica",0.817986481570524,1965.75,27.5973579050915,"Normal","Average - typical case load at this point",-0.667339785979064,"Low",10.2865561074242,"Below average - fewer cases than typical at this point","Jamaica"
"JAM",12,4,0.820340262834658,40.875,0.844136000606093,2006.625,40.875,2006.625,1,0.0433167829781324,2026,"PAHO",2026-04-01,25,25,25,14,1,TRUE,"applied_mean","not_missing",5,"2025/2026","Observed",540,103,540,1204,NA,540,"Caribbean","Jamaica",0.844136000606093,2006.625,27.4196848472826,"Normal","Average - typical case load at this point",-0.671378991046047,"Low",10.2865561074242,"Below average - fewer cases than typical at this point","Jamaica"
"JAM",1,5,0.658305444336508,58.75,0.658305444336508,58.75,58.75,58.75,0.0544038486426024,0.0544038486426024,2026,"PAHO",2026-05-01,11,11,11,10,1,TRUE,"applied_mean","not_missing",5,"2026/2027","Observed",11,114,278,1204,NA,382,"Caribbean","Jamaica",0.658305444336508,58.75,27.7589402015219,"Normal","Average - typical case load at this point",-0.655782135214275,"Low",10.2865561074242,"Below average - fewer cases than typical at this point","Jamaica"
"JAM",2,6,0.82981431923391,68.5625,0.81127194040446,127.3125,68.5625,127.3125,0.111322014678327,0.0569181660357249,2026,"PAHO",2026-06-01,20,20,20,5,1,TRUE,"applied_mean","not_missing",5,"2026/2027","Observed",31,134,278,1204,NA,382,"Caribbean","Jamaica",0.81127194040446,127.3125,26.8183131358352,"Normal","Average - typical case load at this point",-0.679227877998359,"Low",10.2865561074242,"Below average - fewer cases than typical at this point","Jamaica"
"JAM",3,7,0.654191788778336,106.5625,0.80233342696775,233.875,106.5625,233.875,0.185641909437412,0.0743198947590843,2026,"Estimates",2026-07-01,40,NA,NA,NA,NA,NA,NA,NA,5,"2026/2027","Unobserved",71,174,278,1204,40.1327431699055,382,"Caribbean","Jamaica",0.80233342696775,233.875,31.3184841421333,"Normal","Average - typical case load at this point",-0.622736611457825,"Low",10.2865561074242,"Below average - fewer cases than typical at this point","Jamaica"
"JAM",4,8,0.38209510397493,85.5625,0.848574544464044,319.4375,85.5625,319.4375,0.231810647275473,0.0461687378380617,2026,NA,2026-08-01,NA,NA,NA,NA,NA,NA,NA,NA,5,"2026/2027","Unobserved",71,174,278,1204,NA,382,"Caribbean","Jamaica",0.848574544464044,319.4375,23.8052236097494,"Low","Below average - fewer cases than typical at this point",-0.715484405847233,"Low",10.2865561074242,"Below average - fewer cases than typical at this point","Jamaica"
"JAM",5,9,0.40758495682435,265.8125,0.734252388112474,585.25,265.8125,585.25,0.337970050836082,0.106159403560609,2026,NA,2026-09-01,NA,NA,NA,NA,NA,NA,NA,NA,5,"2026/2027","Unobserved",71,174,278,1204,NA,382,"Caribbean","Jamaica",0.734252388112474,585.25,17.9650086446199,"Low","Below average - fewer cases than typical at this point",-0.752459796051769,"Low",10.2865561074242,"Below average - fewer cases than typical at this point","Jamaica"
"JAM",6,10,0.402460502697907,250,0.665164099841648,835.249999999999,250,835.25,0.437640042206067,0.0996699913699845,2026,NA,2026-10-01,NA,NA,NA,NA,NA,NA,NA,NA,5,"2026/2027","Unobserved",71,174,278,1204,NA,382,"Caribbean","Jamaica",0.665164099841648,835.249999999999,16.1462812723041,"Low","Below average - fewer cases than typical at this point",-0.745951349774109,"Low",10.2865561074242,"Below average - fewer cases than typical at this point","Jamaica"
"JAM",7,11,0.387408631159233,355.75,0.614632210540501,1191,355.75,1191,0.55703412693702,0.119394084730954,2026,NA,2026-11-01,NA,NA,NA,NA,NA,NA,NA,NA,5,"2026/2027","Unobserved",71,174,278,1204,NA,382,"Caribbean","Jamaica",0.614632210540501,1191,14.5303011644237,"Low","Below average - fewer cases than typical at this point",-0.737058376717617,"Low",10.2865561074242,"Below average - fewer cases than typical at this point","Jamaica"
"JAM",8,12,0.691471575407252,318.375,0.690616936856461,1509.375,318.375,1509.375,0.737060155045337,0.180026028108316,2026,NA,2026-12-01,NA,NA,NA,NA,NA,NA,NA,NA,5,"2026/2027","Unobserved",71,174,278,1204,NA,382,"Caribbean","Jamaica",0.690616936856461,1509.375,10.2865561074242,"Low","Below average - fewer cases than typical at this point",-0.791761267988688,"Low",10.2865561074242,"Below average - fewer cases than typical at this point","Jamaica"
"KEN",11,1,0.283975446569764,203.833333333334,0.889177257894066,1371.66666666666,203.833333333333,1371.66666666667,0.886636121304807,0.137590413982102,2025,"WHO",2025-01-01,855,855,NA,18,NA,FALSE,"no_lookup_match",NA,3,"2024/2025","Observed",855,855,1528,9005,NA,1528,"Sub-Saharan Africa","Kenya",0.889177257894066,1371.66666666666,48.2313481717367,"Normal","Average - typical case load at this point",-0.355071089410732,"Extremely High",98.6840668172009,"Rare bad event - unusually high cases to date","Kenya"
"KEN",12,2,0.33710828320215,163.833333333333,0.905919683929719,1535.5,163.833333333333,1535.5,1,0.113363878695193,2025,"WHO",2025-02-01,673,673,NA,17,NA,FALSE,"no_lookup_match",NA,3,"2024/2025","Observed",1528,1528,1528,9005,NA,1528,"Sub-Saharan Africa","Kenya",0.905919683929719,1535.5,63.6972579506311,"Normal","Average - typical case load at this point",-0.00464759435117159,"Extremely High",98.6840668172009,"Rare bad event - unusually high cases to date","Kenya"
"KEN",1,3,0.302574900768946,11.8333333333333,0.302574900768946,11.8333333333333,11.8333333333333,11.8333333333333,0.0188339513083072,0.0188339513083072,2025,"Estimates",2025-03-01,29,NA,NA,NA,NA,NA,NA,NA,3,"2025/2026","Unobserved",29,1557,7443,9005,28.7782775990935,7757,"Sub-Saharan Africa","Kenya",0.302574900768946,11.8333333333333,87.5551043101297,"High","Above average - more cases than typical at this point",0.787975533598254,"Extremely High",98.6840668172009,"Rare bad event - unusually high cases to date","Kenya"
"KEN",2,4,NA,NA,NA,NA,10,21.8333333333333,0.0354202864489049,0.0165863351405976,2025,"WHO",2025-04-01,64,64,NA,15,NA,FALSE,"no_lookup_match",NA,3,"2025/2026","Observed",93,1621,7443,9005,NA,7757,"Sub-Saharan Africa","Kenya",NA,NA,NA,"Unknown","Cannot determine",NA,"Extremely High",98.6840668172009,"Rare bad event - unusually high cases to date","Kenya"
"KEN",3,5,0.253873791084432,35.3333333333333,0.52762574125256,57.1666666666667,35.3333333333333,57.1666666666667,0.0594711961009668,0.0240509096520619,2025,"WHO",2025-05-01,816,816,NA,14,NA,FALSE,"no_lookup_match",NA,3,"2025/2026","Observed",909,2437,7443,9005,NA,7757,"Sub-Saharan Africa","Kenya",0.52762574125256,57.1666666666667,99.9951360709095,"Extremely High","Rare bad event - unusually high cases to date",10.7740691284482,"Extremely High",98.6840668172009,"Rare bad event - unusually high cases to date","Kenya"
"KEN",4,6,1.05055701342053,185.166666666667,1.40659529332906,242.333333333333,185.166666666667,242.333333333333,0.245711087999323,0.186239891898356,2025,"Estimates",2025-06-01,285,NA,NA,NA,NA,NA,NA,NA,3,"2025/2026","Unobserved",1194,2722,7443,9005,284.574554820688,7757,"Sub-Saharan Africa","Kenya",1.40659529332906,242.333333333333,99.7414485549653,"Extremely High","Rare bad event - unusually high cases to date",4.64407815567303,"Extremely High",98.6840668172009,"Rare bad event - unusually high cases to date","Kenya"
"KEN",5,7,0.488107617426959,104.333333333333,1.70953944219854,346.666666666667,104.333333333333,346.666666666667,0.340067697788997,0.0943566097896739,2025,"WHO",2025-07-01,1241,1241,1241,12,1,TRUE,"applied_mean",NA,3,"2025/2026","Observed",2435,3963,7443,9005,NA,7757,"Sub-Saharan Africa","Kenya",1.70953944219854,346.666666666667,99.9957783692243,"Extremely High","Rare bad event - unusually high cases to date",7.85704242698939,"Extremely High",98.6840668172009,"Rare bad event - unusually high cases to date","Kenya"
"KEN",6,8,0.716905166373617,173.833333333333,1.37856625469778,520.500000000001,173.833333333333,520.5,0.45975306139805,0.119685363609053,2025,"WHO",2025-08-01,740,740,740,11,1,TRUE,"applied_mean",NA,3,"2025/2026","Observed",3175,4703,7443,9005,NA,7757,"Sub-Saharan Africa","Kenya",1.37856625469778,520.500000000001,99.941036197684,"Extremely High","Rare bad event - unusually high cases to date",5.98000372004916,"Extremely High",98.6840668172009,"Rare bad event - unusually high cases to date","Kenya"
"KEN",7,9,0.357578568204209,177.333333333333,1.09338814164101,697.833333333333,177.333333333333,697.833333333333,0.54688511761976,0.0871320562217105,2025,"WHO",2025-09-01,650,650,650,10,1,TRUE,"applied_mean",NA,3,"2025/2026","Observed",3825,5353,7443,9005,NA,7757,"Sub-Saharan Africa","Kenya",1.09338814164101,697.833333333333,99.6855846476418,"Extremely High","Rare bad event - unusually high cases to date",4.68216301659849,"Extremely High",98.6840668172009,"Rare bad event - unusually high cases to date","Kenya"
"KEN",8,10,0.343966688824922,151,0.954936209073054,848.833333333333,151,848.833333333333,0.612256091103887,0.065370973484127,2025,"WHO",2025-10-01,932,932,932,9,1,TRUE,"applied_mean",NA,3,"2025/2026","Observed",4757,6285,7443,9005,NA,7757,"Sub-Saharan Africa","Kenya",0.954936209073054,848.833333333333,99.574739171972,"Extremely High","Rare bad event - unusually high cases to date",4.4966975533741,"Extremely High",98.6840668172009,"Rare bad event - unusually high cases to date","Kenya"
"KEN",9,11,0.448118546058244,185.5,0.857376537482003,1034.33333333334,185.5,1034.33333333333,0.694241185971818,0.0819850948679305,2025,"WHO",2025-11-01,313,313,313,8,1,TRUE,"applied_mean",NA,3,"2025/2026","Observed",5070,6598,7443,9005,NA,7757,"Sub-Saharan Africa","Kenya",0.857376537482003,1034.33333333334,98.9269328543895,"Extremely High","Rare bad event - unusually high cases to date",3.61127566761241,"Extremely High",98.6840668172009,"Rare bad event - unusually high cases to date","Kenya"
"KEN",10,12,0.281793519847279,133.5,0.833468567531114,1167.83333333333,133.5,1167.83333333333,0.749045707322705,0.0548045213508872,2025,"WHO",2025-12-01,461,461,461,7,1,TRUE,"applied_mean",NA,3,"2025/2026","Observed",5531,7059,7443,9005,NA,7757,"Sub-Saharan Africa","Kenya",0.833468567531114,1167.83333333333,98.6840668172009,"Extremely High","Rare bad event - unusually high cases to date",3.40965649668629,"Extremely High",98.6840668172009,"Rare bad event - unusually high cases to date","Kenya"
"KEN",11,1,0.283975446569764,203.833333333334,0.889177257894066,1371.66666666666,203.833333333333,1371.66666666667,0.886636121304807,0.137590413982102,2026,"WHO",2026-01-01,1284,1284,1284,6,1,TRUE,"applied_mean",NA,3,"2025/2026","Observed",6815,1284,7443,37349,NA,7757,"Sub-Saharan Africa","Kenya",0.889177257894066,1371.66666666666,99.0694150754516,"Extremely High","Rare bad event - unusually high cases to date",3.74084573553374,"Extremely High",99.7233840356679,"Rare bad event - unusually high cases to date","Kenya"
"KEN",12,2,0.33710828320215,163.833333333333,0.905919683929719,1535.5,163.833333333333,1535.5,1,0.113363878695193,2026,"WHO",2026-02-01,942,942,942,5,1,TRUE,"applied_mean",NA,3,"2025/2026","Observed",7757,2226,7443,37349,NA,7757,"Sub-Saharan Africa","Kenya",0.905919683929719,1535.5,99.1753176497176,"Extremely High","Rare bad event - unusually high cases to date",3.85533443410807,"Extremely High",99.7233840356679,"Rare bad event - unusually high cases to date","Kenya"
"KEN",1,3,0.302574900768946,11.8333333333333,0.302574900768946,11.8333333333333,11.8333333333333,11.8333333333333,0.0188339513083072,0.0188339513083072,2026,"WHO",2026-03-01,1337,1337,1337,4,1,TRUE,"applied_mean",NA,3,"2026/2027","Observed",1337,3563,28289,37349,NA,22504,"Sub-Saharan Africa","Kenya",0.302574900768946,11.8333333333333,100,"Extremely High","Rare bad event - unusually high cases to date",60.8271210450458,"Extremely High",99.7233840356679,"Rare bad event - unusually high cases to date","Kenya"
"KEN",2,4,NA,NA,NA,NA,10,21.8333333333333,0.0354202864489049,0.0165863351405976,2026,"WHO",2026-04-01,1687,1304,1687,3,1.2939672801636,TRUE,"applied_mean",NA,3,"2026/2027","Observed",3024,5250,28289,37349,NA,22504,"Sub-Saharan Africa","Kenya",NA,NA,NA,"Unknown","Cannot determine",NA,"Extremely High",99.7233840356679,"Rare bad event - unusually high cases to date","Kenya"
"KEN",3,5,0.253873791084432,35.3333333333333,0.52762574125256,57.1666666666667,35.3333333333333,57.1666666666667,0.0594711961009668,0.0240509096520619,2026,"WHO",2026-05-01,2825,2088,2825,2,1.35276073619632,TRUE,"applied_mean",NA,3,"2026/2027","Observed",5849,8075,28289,37349,NA,22504,"Sub-Saharan Africa","Kenya",0.52762574125256,57.1666666666667,100,"Extremely High","Rare bad event - unusually high cases to date",73.2556596131294,"Extremely High",99.7233840356679,"Rare bad event - unusually high cases to date","Kenya"
"KEN",4,6,1.05055701342053,185.166666666667,1.40659529332906,242.333333333333,185.166666666667,242.333333333333,0.245711087999323,0.186239891898356,2026,"WHO",2026-06-01,1102,1102,NA,1,NA,FALSE,"insufficient_n_rf",NA,3,"2026/2027","Observed",6951,9177,28289,37349,NA,22504,"Sub-Saharan Africa","Kenya",1.40659529332906,242.333333333333,100,"Extremely High","Rare bad event - unusually high cases to date",32.7379043646499,"Extremely High",99.7233840356679,"Rare bad event - unusually high cases to date","Kenya"
"KEN",5,7,0.488107617426959,104.333333333333,1.70953944219854,346.666666666667,104.333333333333,346.666666666667,0.340067697788997,0.0943566097896739,2026,"Estimates",2026-07-01,702,NA,NA,NA,NA,NA,NA,NA,3,"2026/2027","Unobserved",7653,9879,28289,37349,702.296246664543,22504,"Sub-Saharan Africa","Kenya",1.70953944219854,346.666666666667,99.9999999999999,"Extremely High","Rare bad event - unusually high cases to date",27.4889885007471,"Extremely High",99.7233840356679,"Rare bad event - unusually high cases to date","Kenya"
"KEN",6,8,0.716905166373617,173.833333333333,1.37856625469778,520.500000000001,173.833333333333,520.5,0.45975306139805,0.119685363609053,2026,NA,2026-08-01,NA,NA,NA,NA,NA,NA,NA,NA,3,"2026/2027","Unobserved",7653,9879,28289,37349,NA,22504,"Sub-Saharan Africa","Kenya",1.37856625469778,520.500000000001,99.9999994231639,"Extremely High","Rare bad event - unusually high cases to date",16.0679512274442,"Extremely High",99.7233840356679,"Rare bad event - unusually high cases to date","Kenya"
"KEN",7,9,0.357578568204209,177.333333333333,1.09338814164101,697.833333333333,177.333333333333,697.833333333333,0.54688511761976,0.0871320562217105,2026,NA,2026-09-01,NA,NA,NA,NA,NA,NA,NA,NA,3,"2026/2027","Unobserved",7653,9879,28289,37349,NA,22504,"Sub-Saharan Africa","Kenya",1.09338814164101,697.833333333333,99.9991681285209,"Extremely High","Rare bad event - unusually high cases to date",10.4136515933311,"Extremely High",99.7233840356679,"Rare bad event - unusually high cases to date","Kenya"
"KEN",8,10,0.343966688824922,151,0.954936209073054,848.833333333333,151,848.833333333333,0.612256091103887,0.065370973484127,2026,NA,2026-10-01,NA,NA,NA,NA,NA,NA,NA,NA,3,"2026/2027","Unobserved",7653,9879,28289,37349,NA,22504,"Sub-Saharan Africa","Kenya",0.954936209073054,848.833333333333,99.9839194591871,"Extremely High","Rare bad event - unusually high cases to date",7.82880624404016,"Extremely High",99.7233840356679,"Rare bad event - unusually high cases to date","Kenya"
"KEN",9,11,0.448118546058244,185.5,0.857376537482003,1034.33333333334,185.5,1034.33333333333,0.694241185971818,0.0819850948679305,2026,NA,2026-11-01,NA,NA,NA,NA,NA,NA,NA,NA,3,"2026/2027","Unobserved",7653,9879,28289,37349,NA,22504,"Sub-Saharan Africa","Kenya",0.857376537482003,1034.33333333334,99.8799729739966,"Extremely High","Rare bad event - unusually high cases to date",5.9226472004718,"Extremely High",99.7233840356679,"Rare bad event - unusually high cases to date","Kenya"
"KEN",10,12,0.281793519847279,133.5,0.833468567531114,1167.83333333333,133.5,1167.83333333333,0.749045707322705,0.0548045213508872,2026,NA,2026-12-01,NA,NA,NA,NA,NA,NA,NA,NA,3,"2026/2027","Unobserved",7653,9879,28289,37349,NA,22504,"Sub-Saharan Africa","Kenya",0.833468567531114,1167.83333333333,99.7233840356679,"Extremely High","Rare bad event - unusually high cases to date",5.06792253113412,"Extremely High",99.7233840356679,"Rare bad event - unusually high cases to date","Kenya"
"KHM",12,1,0.658669304753035,791.875000000001,1.49141059639954,22943,791.875,22943,1,0.0389158613258132,2025,"WHO",2025-01-01,761,761,NA,18,NA,FALSE,"no_lookup_match",NA,2,"2024/2025","Observed",761,761,761,65568,NA,761,"East & Southeast Asia","Cambodia",1.49141059639954,22943,0.831543474023034,"Extremely Low","Rare good event - unusually low cases to date",-1.18068757467702,"Extremely High",96.1150401472244,"Rare bad event - unusually high cases to date","Cambodia"
"KHM",1,2,0.767005771347839,396.4375,0.767005771347839,396.4375,396.4375,396.4375,0.022370383973675,0.022370383973675,2025,"WHO",2025-02-01,498,498,NA,17,NA,FALSE,"no_lookup_match",NA,2,"2025/2026","Observed",498,1259,65000,65568,NA,65000,"East & Southeast Asia","Cambodia",0.767005771347839,396.4375,72.1554081126203,"Normal","Average - typical case load at this point",0.22414974597137,"Extremely High",96.1150401472244,"Rare bad event - unusually high cases to date","Cambodia"
"KHM",2,3,0.732832878651007,513.875,0.715352233405694,910.3125,513.875,910.3125,0.048258016979807,0.0258876330061319,2025,"WHO",2025-03-01,600,600,NA,16,NA,FALSE,"no_lookup_match",NA,2,"2025/2026","Observed",1098,1859,65000,65568,NA,65000,"East & Southeast Asia","Cambodia",0.715352233405694,910.3125,71.1477765325624,"Normal","Average - typical case load at this point",0.174314790308556,"Extremely High",96.1150401472244,"Rare bad event - unusually high cases to date","Cambodia"
"KHM",3,4,1.13003450281431,657.4375,1.14024778749005,1567.75,657.4375,1567.75,0.0770227128620988,0.0287646958822918,2025,"WHO",2025-04-01,935,935,NA,15,NA,FALSE,"no_lookup_match",NA,2,"2025/2026","Observed",2033,2794,65000,65568,NA,65000,"East & Southeast Asia","Cambodia",1.14024778749005,1567.75,72.5701149238952,"Normal","Average - typical case load at this point",0.316775302613224,"Extremely High",96.1150401472244,"Rare bad event - unusually high cases to date","Cambodia"
"KHM",4,5,1.28021947015443,1453.625,1.40240497702034,3021.375,1453.625,3021.375,0.139847760133425,0.0628250472713258,2025,"WHO",2025-05-01,3233,3233,NA,14,NA,FALSE,"no_lookup_match",NA,2,"2025/2026","Observed",5266,6027,65000,65568,NA,65000,"East & Southeast Asia","Cambodia",1.40240497702034,3021.375,84.0435673119932,"High","Above average - more cases than typical at this point",0.879579539799769,"Extremely High",96.1150401472244,"Rare bad event - unusually high cases to date","Cambodia"
"KHM",5,6,1.01159822329271,3400.8125,1.23766169273383,6422.18749999999,3400.8125,6422.1875,0.271557303695584,0.131709543562159,2025,"WHO",2025-06-01,6602,6602,NA,13,NA,FALSE,"no_lookup_match",NA,2,"2025/2026","Observed",11868,12629,65000,65568,NA,65000,"East & Southeast Asia","Cambodia",1.23766169273383,6422.18749999999,85.277955828202,"High","Above average - more cases than typical at this point",0.943276107619246,"Extremely High",96.1150401472244,"Rare bad event - unusually high cases to date","Cambodia"
"KHM",6,7,1.05820605954759,4697.18749999999,1.22121066048929,11119.375,4697.1875,11119.375,0.454950074675519,0.183392770979935,2025,"WHO",2025-07-01,14728,14728,14728,12,1,TRUE,"applied_mean",NA,2,"2025/2026","Observed",26596,27357,65000,65568,NA,65000,"East & Southeast Asia","Cambodia",1.22121066048929,11119.375,92.0510026478301,"High","Above average - more cases than typical at this point",1.53803893173677,"Extremely High",96.1150401472244,"Rare bad event - unusually high cases to date","Cambodia"
"KHM",7,8,1.57695169973995,3647,1.34086446275241,14766.375,3647,14766.375,0.62322636994517,0.168276295269651,2025,"WHO",2025-08-01,9948,9948,9948,11,1,TRUE,"applied_mean",NA,2,"2025/2026","Observed",36544,37305,65000,65568,NA,65000,"East & Southeast Asia","Cambodia",1.34086446275241,14766.375,93.3507266975702,"High","Above average - more cases than typical at this point",1.70769121783392,"Extremely High",96.1150401472244,"Rare bad event - unusually high cases to date","Cambodia"
"KHM",8,9,1.51002413364875,2713.125,1.38211935227483,17479.5,2713.125,17479.5,0.744746853775012,0.121520483829843,2025,"WHO",2025-09-01,7408,7408,7408,10,1,TRUE,"applied_mean",NA,2,"2025/2026","Observed",43952,44713,65000,65568,NA,65000,"East & Southeast Asia","Cambodia",1.38211935227483,17479.5,93.8538063787102,"High","Above average - more cases than typical at this point",1.78041627719308,"Extremely High",96.1150401472244,"Rare bad event - unusually high cases to date","Cambodia"
"KHM",9,10,1.44019523372387,2190.3125,1.4200299980978,19669.8125,2190.3125,19669.8125,0.843525640357736,0.0987787865827243,2025,"WHO",2025-10-01,8685,8685,8685,9,1,TRUE,"applied_mean",NA,2,"2025/2026","Observed",52637,53398,65000,65568,NA,65000,"East & Southeast Asia","Cambodia",1.4200299980978,19669.8125,95.1444806765869,"Extremely High","Rare bad event - unusually high cases to date",1.99716874791911,"Extremely High",96.1150401472244,"Rare bad event - unusually high cases to date","Cambodia"
"KHM",10,11,1.425825163062,1504.8125,1.45305020725597,21174.625,1504.8125,21174.625,0.914508086293203,0.0709824459354669,2025,"WHO",2025-11-01,6058,6058,6058,8,1,TRUE,"applied_mean",NA,2,"2025/2026","Observed",58695,59456,65000,65568,NA,65000,"East & Southeast Asia","Cambodia",1.45305020725597,21174.625,95.8367648222817,"Extremely High","Rare bad event - unusually high cases to date",2.13588001569587,"Extremely High",96.1150401472244,"Rare bad event - unusually high cases to date","Cambodia"
"KHM",11,12,1.27482496552421,976.499999999998,1.47289908814809,22151.125,976.5,22151.125,0.961084138674187,0.0465760523809834,2025,"WHO",2025-12-01,3560,3560,3560,7,1,TRUE,"applied_mean",NA,2,"2025/2026","Observed",62255,63016,65000,65568,NA,65000,"East & Southeast Asia","Cambodia",1.47289908814809,22151.125,96.1150401472244,"Extremely High","Rare bad event - unusually high cases to date",2.19716467705495,"Extremely High",96.1150401472244,"Rare bad event - unusually high cases to date","Cambodia"
"KHM",12,1,0.658669304753035,791.875000000001,1.49141059639954,22943,791.875,22943,1,0.0389158613258132,2026,"WHO",2026-01-01,2745,2745,2745,6,1,TRUE,"applied_mean",NA,2,"2025/2026","Observed",65000,2745,65000,72232,NA,65000,"East & Southeast Asia","Cambodia",1.49141059639954,22943,96.2956577469958,"Extremely High","Rare bad event - unusually high cases to date",2.23857980922332,"Normal",72.7274532453467,"Average - typical case load at this point","Cambodia"
"KHM",1,2,0.767005771347839,396.4375,0.767005771347839,396.4375,396.4375,396.4375,0.022370383973675,0.022370383973675,2026,"WHO",2026-02-01,1339,1339,1339,5,1,TRUE,"applied_mean",NA,2,"2026/2027","Observed",1339,4084,62123,72232,NA,63284,"East & Southeast Asia","Cambodia",0.767005771347839,396.4375,95.329742383338,"Extremely High","Rare bad event - unusually high cases to date",2.08024758091952,"Normal",72.7274532453467,"Average - typical case load at this point","Cambodia"
"KHM",2,3,0.732832878651007,513.875,0.715352233405694,910.3125,513.875,910.3125,0.048258016979807,0.0258876330061319,2026,"WHO",2026-03-01,1275,1275,1275,4,1,TRUE,"applied_mean",NA,2,"2026/2027","Observed",2614,5359,62123,72232,NA,63284,"East & Southeast Asia","Cambodia",0.715352233405694,910.3125,92.5658960006669,"High","Above average - more cases than typical at this point",1.58229998968395,"Normal",72.7274532453467,"Average - typical case load at this point","Cambodia"
"KHM",3,4,1.13003450281431,657.4375,1.14024778749005,1567.75,657.4375,1567.75,0.0770227128620988,0.0287646958822918,2026,"WHO",2026-04-01,2351,2351,2351,3,1.00002837684449,TRUE,"applied_mean",NA,2,"2026/2027","Observed",4965,7710,62123,72232,NA,63284,"East & Southeast Asia","Cambodia",1.14024778749005,1567.75,96.4308229093503,"Extremely High","Rare bad event - unusually high cases to date",2.31308951489045,"Normal",72.7274532453467,"Average - typical case load at this point","Cambodia"
"KHM",4,5,1.28021947015443,1453.625,1.40240497702034,3021.375,1453.625,3021.375,0.139847760133425,0.0628250472713258,2026,"WHO",2026-05-01,3810,2595,3810,2,1.46815281414555,TRUE,"applied_mean",NA,2,"2026/2027","Observed",8775,11520,62123,72232,NA,63284,"East & Southeast Asia","Cambodia",1.40240497702034,3021.375,96.3244634794208,"Extremely High","Rare bad event - unusually high cases to date",2.25461751057769,"Normal",72.7274532453467,"Average - typical case load at this point","Cambodia"
"KHM",5,6,1.01159822329271,3400.8125,1.23766169273383,6422.18749999999,3400.8125,6422.1875,0.271557303695584,0.131709543562159,2026,"WHO",2026-06-01,8095,8095,NA,1,NA,FALSE,"no_lookup_match",NA,2,"2026/2027","Observed",16870,19615,62123,72232,NA,63284,"East & Southeast Asia","Cambodia",1.23766169273383,6422.18749999999,94.0151340849031,"High","Above average - more cases than typical at this point",1.80967888779419,"Normal",72.7274532453467,"Average - typical case load at this point","Cambodia"
"KHM",6,7,1.05820605954759,4697.18749999999,1.22121066048929,11119.375,4697.1875,11119.375,0.454950074675519,0.183392770979935,2026,"Estimates",2026-07-01,11921,NA,NA,NA,NA,NA,NA,NA,2,"2026/2027","Unobserved",28791,31536,62123,72232,11920.5301136957,63284,"East & Southeast Asia","Cambodia",1.22121066048929,11119.375,93.6675618018198,"High","Above average - more cases than typical at this point",1.75617405196887,"Normal",72.7274532453467,"Average - typical case load at this point","Cambodia"
"KHM",7,8,1.57695169973995,3647,1.34086446275241,14766.375,3647,14766.375,0.62322636994517,0.168276295269651,2026,NA,2026-08-01,NA,NA,NA,NA,NA,NA,NA,NA,2,"2026/2027","Unobserved",28791,31536,62123,72232,NA,63284,"East & Southeast Asia","Cambodia",1.34086446275241,14766.375,87.3738284913407,"High","Above average - more cases than typical at this point",1.09974016661202,"Normal",72.7274532453467,"Average - typical case load at this point","Cambodia"
"KHM",8,9,1.51002413364875,2713.125,1.38211935227483,17479.5,2713.125,17479.5,0.744746853775012,0.121520483829843,2026,NA,2026-09-01,NA,NA,NA,NA,NA,NA,NA,NA,2,"2026/2027","Unobserved",28791,31536,62123,72232,NA,63284,"East & Southeast Asia","Cambodia",1.38211935227483,17479.5,81.9821723300731,"High","Above average - more cases than typical at this point",0.76075847462346,"Normal",72.7274532453467,"Average - typical case load at this point","Cambodia"
"KHM",9,10,1.44019523372387,2190.3125,1.4200299980978,19669.8125,2190.3125,19669.8125,0.843525640357736,0.0987787865827243,2026,NA,2026-10-01,NA,NA,NA,NA,NA,NA,NA,NA,2,"2026/2027","Unobserved",28791,31536,62123,72232,NA,63284,"East & Southeast Asia","Cambodia",1.4200299980978,19669.8125,77.6025241935558,"High","Above average - more cases than typical at this point",0.552566111953301,"Normal",72.7274532453467,"Average - typical case load at this point","Cambodia"
"KHM",10,11,1.425825163062,1504.8125,1.45305020725597,21174.625,1504.8125,21174.625,0.914508086293203,0.0709824459354669,2026,NA,2026-11-01,NA,NA,NA,NA,NA,NA,NA,NA,2,"2026/2027","Unobserved",28791,31536,62123,72232,NA,63284,"East & Southeast Asia","Cambodia",1.45305020725597,21174.625,74.6349621972769,"Normal","Average - typical case load at this point",0.433568778418276,"Normal",72.7274532453467,"Average - typical case load at this point","Cambodia"
"KHM",11,12,1.27482496552421,976.499999999998,1.47289908814809,22151.125,976.5,22151.125,0.961084138674187,0.0465760523809834,2026,NA,2026-12-01,NA,NA,NA,NA,NA,NA,NA,NA,2,"2026/2027","Unobserved",28791,31536,62123,72232,NA,63284,"East & Southeast Asia","Cambodia",1.47289908814809,22151.125,72.7274532453467,"Normal","Average - typical case load at this point",0.363777784816559,"Normal",72.7274532453467,"Average - typical case load at this point","Cambodia"
"KIR",10,1,0.231532101819154,70,0.852742669424771,451.125,70,451.125,0.764660261518736,0.199864116630927,2025,"WHO",2025-01-01,0,0,NA,18,NA,FALSE,"no_lookup_match",NA,4,"2024/2025","Observed",0,0,5,2500,NA,5,"Pacific Islands","Kiribati",0.852742669424771,451.125,0.475197286763225,"Extremely Low","Rare good event - unusually low cases to date",-0.922569133931001,"High",93.6442202191371,"Above average - more cases than typical at this point","Kiribati"
"KIR",11,2,0.171949659992417,48,1.00486916861704,499.125,48,499.125,0.875002528511728,0.110342266992991,2025,"WHO",2025-02-01,0,0,NA,17,NA,FALSE,"no_lookup_match",NA,4,"2024/2025","Observed",0,0,5,2500,NA,5,"Pacific Islands","Kiribati",1.00486916861704,499.125,0.194937194363241,"Extremely Low","Rare good event - unusually low cases to date",-1.00142407047993,"High",93.6442202191371,"Above average - more cases than typical at this point","Kiribati"
"KIR",12,3,0.251400309805775,49,1.09648487250093,548.125,49,548.125,1,0.124997471488272,2025,"WHO",2025-03-01,5,5,NA,16,NA,FALSE,"no_lookup_match",NA,4,"2024/2025","Observed",5,5,5,2500,NA,5,"Pacific Islands","Kiribati",1.09648487250093,548.125,0.750662092699781,"Extremely Low","Rare good event - unusually low cases to date",-1.03654354547264,"High",93.6442202191371,"Above average - more cases than typical at this point","Kiribati"
"KIR",1,4,0.363846506761754,11.125,0.363846506761754,11.125,11.125,11.125,0.016513984468929,0.016513984468929,2025,"WHO",2025-04-01,21,21,NA,15,NA,FALSE,"no_lookup_match",NA,4,"2025/2026","Observed",21,26,1412,2500,NA,1412,"Pacific Islands","Kiribati",0.363846506761754,11.125,83.4009142650752,"High","Above average - more cases than typical at this point",0.526875477667598,"High",93.6442202191371,"Above average - more cases than typical at this point","Kiribati"
"KIR",2,5,0.333019488469882,43.125,0.329952773914913,54.25,43.125,54.25,0.159560787137511,0.143046802668582,2025,"WHO",2025-05-01,95,95,NA,14,NA,FALSE,"no_lookup_match",NA,4,"2025/2026","Observed",116,121,1412,2500,NA,1412,"Pacific Islands","Kiribati",0.329952773914913,54.25,85.3540164703782,"High","Above average - more cases than typical at this point",0.651848101233648,"High",93.6442202191371,"Above average - more cases than typical at this point","Kiribati"
"KIR",3,6,0.179841074985171,68.375,0.268685782969812,122.625,68.375,122.625,0.231662813485541,0.0721020263480295,2025,"WHO",2025-06-01,380,380,NA,13,NA,FALSE,"no_lookup_match",NA,4,"2025/2026","Observed",496,501,1412,2500,NA,1412,"Pacific Islands","Kiribati",0.268685782969812,122.625,93.4896096967841,"High","Above average - more cases than typical at this point",1.57657009402107,"High",93.6442202191371,"Above average - more cases than typical at this point","Kiribati"
"KIR",4,7,0.184801623535672,74.6249999999999,0.235338556754427,197.25,74.625,197.25,0.294846432362849,0.0631836188773081,2025,"WHO",2025-07-01,494,494,NA,12,NA,FALSE,"no_lookup_match",NA,4,"2025/2026","Observed",990,995,1412,2500,NA,1412,"Pacific Islands","Kiribati",0.235338556754427,197.25,95.1542575354917,"Extremely High","Rare bad event - unusually high cases to date",1.9485289301055,"High",93.6442202191371,"Above average - more cases than typical at this point","Kiribati"
"KIR",5,8,NA,NA,0.226890527781926,234.25,37,234.25,0.332190399075794,0.0373439667129452,2025,"WHO",2025-08-01,163,163,NA,11,NA,FALSE,"no_lookup_match",NA,4,"2025/2026","Observed",1153,1158,1412,2500,NA,1412,"Pacific Islands","Kiribati",0.226890527781926,234.25,94.9051248279429,"High","Above average - more cases than typical at this point",1.8673069426198,"High",93.6442202191371,"Above average - more cases than typical at this point","Kiribati"
"KIR",6,9,NA,NA,0.218573038503296,273.875,39.625,273.875,0.368444086591966,0.0362536875161719,2025,"WHO",2025-09-01,198,198,NA,10,NA,FALSE,"no_lookup_match",NA,4,"2025/2026","Observed",1351,1356,1412,2500,NA,1412,"Pacific Islands","Kiribati",0.218573038503296,273.875,94.8386406010583,"High","Above average - more cases than typical at this point",1.83797152760909,"High",93.6442202191371,"Above average - more cases than typical at this point","Kiribati"
"KIR",7,10,NA,NA,0.216729042769518,294.5,20.625,294.5,0.397396410162262,0.0289523235702961,2025,"WHO",2025-10-01,40,40,NA,9,NA,FALSE,"no_lookup_match",NA,4,"2025/2026","Observed",1391,1396,1412,2500,NA,1412,"Pacific Islands","Kiribati",0.216729042769518,294.5,94.4547819996716,"High","Above average - more cases than typical at this point",1.73269510563794,"High",93.6442202191371,"Above average - more cases than typical at this point","Kiribati"
"KIR",8,11,0.194663453044975,32.125,0.310917156102475,326.625,32.125,326.625,0.450591033629778,0.0531946234675157,2025,"WHO",2025-11-01,12,12,NA,8,NA,FALSE,"no_lookup_match",NA,4,"2025/2026","Observed",1403,1408,1412,2500,NA,1412,"Pacific Islands","Kiribati",0.310917156102475,326.625,94.5001378419017,"High","Above average - more cases than typical at this point",1.83666485950333,"High",93.6442202191371,"Above average - more cases than typical at this point","Kiribati"
"KIR",9,12,0.21444184210792,54.5000000000001,0.397268274941062,381.125,54.5,381.125,0.564796144887809,0.114205111258031,2025,"WHO",2025-12-01,4,4,NA,7,NA,FALSE,"no_lookup_match",NA,4,"2025/2026","Observed",1407,1412,1412,2500,NA,1412,"Pacific Islands","Kiribati",0.397268274941062,381.125,93.6442202191371,"High","Above average - more cases than typical at this point",1.69567541795287,"High",93.6442202191371,"Above average - more cases than typical at this point","Kiribati"
"KIR",10,1,0.231532101819154,70,0.852742669424771,451.125,70,451.125,0.764660261518736,0.199864116630927,2026,"WHO",2026-01-01,1,1,NA,6,NA,FALSE,"no_lookup_match",NA,4,"2025/2026","Observed",1408,1,1412,303,NA,1412,"Pacific Islands","Kiribati",0.852742669424771,451.125,94.7713590094679,"High","Above average - more cases than typical at this point",1.95684863403763,"Normal",70.8692343722641,"Average - typical case load at this point","Kiribati"
"KIR",11,2,0.171949659992417,48,1.00486916861704,499.125,48,499.125,0.875002528511728,0.110342266992991,2026,"WHO",2026-02-01,4,4,NA,5,NA,FALSE,"no_lookup_match",NA,4,"2025/2026","Observed",1412,5,1412,303,NA,1412,"Pacific Islands","Kiribati",1.00486916861704,499.125,94.1144663820694,"High","Above average - more cases than typical at this point",1.83155521831077,"Normal",70.8692343722641,"Average - typical case load at this point","Kiribati"
"KIR",12,3,0.251400309805775,49,1.09648487250093,548.125,49,548.125,1,0.124997471488272,2026,"WHO",2026-03-01,0,0,NA,4,NA,FALSE,"no_lookup_match",NA,4,"2025/2026","Observed",1412,5,1412,303,NA,1412,"Pacific Islands","Kiribati",1.09648487250093,548.125,92.9245707795803,"High","Above average - more cases than typical at this point",1.64868870949629,"Normal",70.8692343722641,"Average - typical case load at this point","Kiribati"
"KIR",1,4,0.363846506761754,11.125,0.363846506761754,11.125,11.125,11.125,0.016513984468929,0.016513984468929,2026,"WHO",2026-04-01,0,0,NA,3,NA,FALSE,"no_lookup_match",NA,4,"2026/2027","Observed",0,5,0,303,NA,1333,"Pacific Islands","Kiribati",0.363846506761754,11.125,28.4750011416754,"Normal","Average - typical case load at this point",-0.593568576106535,"Normal",70.8692343722641,"Average - typical case load at this point","Kiribati"
"KIR",2,5,0.333019488469882,43.125,0.329952773914913,54.25,43.125,54.25,0.159560787137511,0.143046802668582,2026,"Estimates",2026-05-01,202,NA,NA,NA,NA,NA,NA,NA,4,"2026/2027","Unobserved",202,207,0,303,201.982085368038,1333,"Pacific Islands","Kiribati",0.329952773914913,54.25,93.142849137652,"High","Above average - more cases than typical at this point",1.55968513291128,"Normal",70.8692343722641,"Average - typical case load at this point","Kiribati"
"KIR",3,6,0.179841074985171,68.375,0.268685782969812,122.625,68.375,122.625,0.231662813485541,0.0721020263480295,2026,"Estimates",2026-06-01,102,NA,NA,NA,NA,NA,NA,NA,4,"2026/2027","Unobserved",304,309,0,303,101.808061203418,1333,"Pacific Islands","Kiribati",0.268685782969812,122.625,87.5732807789287,"High","Above average - more cases than typical at this point",0.765853098903438,"Normal",70.8692343722641,"Average - typical case load at this point","Kiribati"
"KIR",4,7,0.184801623535672,74.6249999999999,0.235338556754427,197.25,74.625,197.25,0.294846432362849,0.0631836188773081,2026,"Estimates",2026-07-01,89,NA,NA,NA,NA,NA,NA,NA,4,"2026/2027","Unobserved",393,398,0,303,89.2152698547591,1333,"Pacific Islands","Kiribati",0.235338556754427,197.25,84.7499675718188,"High","Above average - more cases than typical at this point",0.481141013015644,"Normal",70.8692343722641,"Average - typical case load at this point","Kiribati"
"KIR",5,8,NA,NA,0.226890527781926,234.25,37,234.25,0.332190399075794,0.0373439667129452,2026,NA,2026-08-01,NA,NA,NA,NA,NA,NA,NA,NA,4,"2026/2027","Unobserved",393,398,0,303,NA,1333,"Pacific Islands","Kiribati",0.226890527781926,234.25,82.5303753722707,"High","Above average - more cases than typical at this point",0.322650315255394,"Normal",70.8692343722641,"Average - typical case load at this point","Kiribati"
"KIR",6,9,NA,NA,0.218573038503296,273.875,39.625,273.875,0.368444086591966,0.0362536875161719,2026,NA,2026-09-01,NA,NA,NA,NA,NA,NA,NA,NA,4,"2026/2027","Unobserved",393,398,0,303,NA,1333,"Pacific Islands","Kiribati",0.218573038503296,273.875,80.586143179115,"High","Above average - more cases than typical at this point",0.203271076454852,"Normal",70.8692343722641,"Average - typical case load at this point","Kiribati"
"KIR",7,10,NA,NA,0.216729042769518,294.5,20.625,294.5,0.397396410162262,0.0289523235702961,2026,NA,2026-10-01,NA,NA,NA,NA,NA,NA,NA,NA,4,"2026/2027","Unobserved",393,398,0,303,NA,1333,"Pacific Islands","Kiribati",0.216729042769518,294.5,79.6527067493844,"High","Above average - more cases than typical at this point",0.155650221527895,"Normal",70.8692343722641,"Average - typical case load at this point","Kiribati"
"KIR",8,11,0.194663453044975,32.125,0.310917156102475,326.625,32.125,326.625,0.450591033629778,0.0531946234675157,2026,NA,2026-11-01,NA,NA,NA,NA,NA,NA,NA,NA,4,"2026/2027","Unobserved",393,398,0,303,NA,1333,"Pacific Islands","Kiribati",0.310917156102475,326.625,75.658750000755,"High","Above average - more cases than typical at this point",0.113258511252615,"Normal",70.8692343722641,"Average - typical case load at this point","Kiribati"
"KIR",9,12,0.21444184210792,54.5000000000001,0.397268274941062,381.125,54.5,381.125,0.564796144887809,0.114205111258031,2026,NA,2026-12-01,NA,NA,NA,NA,NA,NA,NA,NA,4,"2026/2027","Unobserved",393,398,0,303,NA,1333,"Pacific Islands","Kiribati",0.397268274941062,381.125,70.8692343722641,"Normal","Average - typical case load at this point",0.0196282642507031,"Normal",70.8692343722641,"Average - typical case load at this point","Kiribati"
"KNA",10,1,0.337622312075385,24.5,2.14950969470086,137.5,24.5,137.5,0.960613961748788,0.110682170142429,2025,"WHO",2025-01-01,0,0,NA,18,NA,FALSE,"no_lookup_match",NA,4,"2024/2025","Observed",0,0,4,13,NA,4,"Caribbean","Saint Kitts And Nevis",2.14950969470086,137.5,0.0126935693854105,"Extremely Low","Rare good event - unusually low cases to date",-1.45479347856405,"Extremely Low",0.238178298820903,"Rare good event - unusually low cases to date","Saint Kitts And Nevis"
"KNA",11,2,1.17761439544517,5.16666666666667,2.10855677727932,142.666666666667,5.16666666666667,142.666666666667,0.991473057797343,0.0308590960485542,2025,"PAHO",2025-02-01,4,4,NA,75,NA,FALSE,"no_lookup_match","current_month_missing",4,"2024/2025","Observed",4,4,4,13,NA,4,"Caribbean","Saint Kitts And Nevis",2.10855677727932,142.666666666667,0.213920050548082,"Extremely Low","Rare good event - unusually low cases to date",-1.40105874986401,"Extremely Low",0.238178298820903,"Rare good event - unusually low cases to date","Saint Kitts And Nevis"
"KNA",12,3,0.147516922522646,2.5,2.04292842180951,145.166666666667,2.5,145.166666666667,1,0.00852694220265754,2025,"WHO",2025-03-01,0,0,NA,16,NA,FALSE,"no_lookup_match",NA,4,"2024/2025","Observed",4,4,4,13,NA,4,"Caribbean","Saint Kitts And Nevis",2.04292842180951,145.166666666667,0.241190479664954,"Extremely Low","Rare good event - unusually low cases to date",-1.38024830923679,"Extremely Low",0.238178298820903,"Rare good event - unusually low cases to date","Saint Kitts And Nevis"
"KNA",1,4,2.96198731504469,1.66666666666667,2.96198731504469,1.66666666666667,1.66666666666667,1.66666666666667,0.0170233764811229,0.0170233764811229,2025,"WHO",2025-04-01,0,0,NA,15,NA,FALSE,"no_lookup_match",NA,4,"2025/2026","Observed",0,4,20,13,NA,20,"Caribbean","Saint Kitts And Nevis",2.96198731504469,1.66666666666667,26.6535469804602,"Normal","Average - typical case load at this point",-1.03273432984676,"Extremely Low",0.238178298820903,"Rare good event - unusually low cases to date","Saint Kitts And Nevis"
"KNA",2,5,0.531478703055805,6.66666666666667,0.502435359051334,8.33333333333334,6.66666666666667,8.33333333333333,0.0849146912002327,0.0678913147191098,2025,"WHO",2025-05-01,0,0,NA,14,NA,FALSE,"no_lookup_match",NA,4,"2025/2026","Observed",0,4,20,13,NA,20,"Caribbean","Saint Kitts And Nevis",0.502435359051334,8.33333333333334,23.6802076776088,"Low","Below average - fewer cases than typical at this point",-0.688378512656307,"Extremely Low",0.238178298820903,"Rare good event - unusually low cases to date","Saint Kitts And Nevis"
"KNA",3,6,1.66592602956819,16.5,1.48982135948266,24.8333333333333,16.5,24.8333333333333,0.28918557038214,0.204270879181907,2025,"WHO",2025-06-01,0,0,NA,13,NA,FALSE,"no_lookup_match",NA,4,"2025/2026","Observed",0,4,20,13,NA,20,"Caribbean","Saint Kitts And Nevis",1.48982135948266,24.8333333333333,1.38640216911712,"Extremely Low","Rare good event - unusually low cases to date",-1.18553843752746,"Extremely Low",0.238178298820903,"Rare good event - unusually low cases to date","Saint Kitts And Nevis"
"KNA",4,7,2.49110032662763,2.33333333333333,1.48175762738633,27.1666666666667,2.33333333333333,27.1666666666667,0.314000850595808,0.0248152802136677,2025,"WHO",2025-07-01,0,0,0,12,1,TRUE,"applied_mean",NA,4,"2025/2026","Observed",0,4,20,13,NA,20,"Caribbean","Saint Kitts And Nevis",1.48175762738633,27.1666666666667,1.241595817277,"Extremely Low","Rare good event - unusually low cases to date",-1.18537671712044,"Extremely Low",0.238178298820903,"Rare good event - unusually low cases to date","Saint Kitts And Nevis"
"KNA",5,8,2.5622018464792,2.66666666666667,NA,NA,2.66666666666667,29.8333333333333,0.344192474895497,0.0301916242996892,2025,"WHO",2025-08-01,0,0,0,11,1,TRUE,"applied_mean",NA,4,"2025/2026","Observed",0,4,20,13,NA,20,"Caribbean","Saint Kitts And Nevis",NA,NA,NA,"Unknown","Cannot determine",NA,"Extremely Low",0.238178298820903,"Rare good event - unusually low cases to date","Saint Kitts And Nevis"
"KNA",6,9,1.57896148111805,7.16666666666667,NA,NA,7.16666666666667,37,0.421558759354827,0.0773662844593299,2025,"PAHO",2025-09-01,3,3,3,44,1,TRUE,"applied_mean","not_missing",4,"2025/2026","Observed",3,7,20,13,NA,20,"Caribbean","Saint Kitts And Nevis",NA,NA,NA,"Unknown","Cannot determine",NA,"Extremely Low",0.238178298820903,"Rare good event - unusually low cases to date","Saint Kitts And Nevis"
"KNA",7,10,6.90099786106798,17,7.55048739303175,54,17,54,0.572432683856624,0.150873924501798,2025,"PAHO",2025-10-01,2,2,2,40,1,TRUE,"applied_mean","not_missing",4,"2025/2026","Observed",5,9,20,13,NA,20,"Caribbean","Saint Kitts And Nevis",7.55048739303175,54,0.00774243455975134,"Extremely Low","Rare good event - unusually low cases to date",-2.33545199783092,"Extremely Low",0.238178298820903,"Rare good event - unusually low cases to date","Saint Kitts And Nevis"
"KNA",8,11,0.599818748389156,36.8333333333334,4.37485137022863,90.8333333333333,36.8333333333333,90.8333333333333,0.740381937297947,0.167949253441322,2025,"WHO",2025-11-01,0,0,0,8,0.994672718585762,TRUE,"applied_mean",NA,4,"2025/2026","Observed",5,9,20,13,NA,20,"Caribbean","Saint Kitts And Nevis",4.37485137022863,90.8333333333333,0.0192099751775834,"Extremely Low","Rare good event - unusually low cases to date",-1.9305358099744,"Extremely Low",0.238178298820903,"Rare good event - unusually low cases to date","Saint Kitts And Nevis"
"KNA",9,12,0.511513784165169,22.1666666666667,2.83410228447822,113,22.1666666666667,113,0.84993179160636,0.109549854308413,2025,"PAHO",2025-12-01,2,2,2,32,1.00227046970342,TRUE,"applied_mean","not_missing",4,"2025/2026","Observed",7,11,20,13,NA,20,"Caribbean","Saint Kitts And Nevis",2.83410228447822,113,0.238178298820903,"Extremely Low","Rare good event - unusually low cases to date",-1.55975427628,"Extremely Low",0.238178298820903,"Rare good event - unusually low cases to date","Saint Kitts And Nevis"
"KNA",10,1,0.337622312075385,24.5,2.14950969470086,137.5,24.5,137.5,0.960613961748788,0.110682170142429,2026,"PAHO",2026-01-01,2,2,2,27,1.01287168172264,TRUE,"applied_mean","not_missing",4,"2025/2026","Observed",9,2,20,999,NA,20,"Caribbean","Saint Kitts And Nevis",2.14950969470086,137.5,0.794500519689015,"Extremely Low","Rare good event - unusually low cases to date",-1.3595706326944,"Extremely Low",0.409080420842923,"Rare good event - unusually low cases to date","Saint Kitts And Nevis"
"KNA",11,2,1.17761439544517,5.16666666666667,2.10855677727932,142.666666666667,5.16666666666667,142.666666666667,0.991473057797343,0.0308590960485542,2026,"PAHO",2026-02-01,3,3,3,23,1.00808465196103,TRUE,"applied_mean","not_missing",4,"2025/2026","Observed",12,5,20,999,NA,20,"Caribbean","Saint Kitts And Nevis",2.10855677727932,142.666666666667,1.30792969601049,"Extremely Low","Rare good event - unusually low cases to date",-1.32022843737186,"Extremely Low",0.409080420842923,"Rare good event - unusually low cases to date","Saint Kitts And Nevis"
"KNA",12,3,0.147516922522646,2.5,2.04292842180951,145.166666666667,2.5,145.166666666667,1,0.00852694220265754,2026,"PAHO",2026-03-01,8,8,8,19,1.00317103078952,TRUE,"applied_mean","not_missing",4,"2025/2026","Observed",20,13,20,999,NA,20,"Caribbean","Saint Kitts And Nevis",2.04292842180951,145.166666666667,3.37902208346596,"Extremely Low","Rare good event - unusually low cases to date",-1.22380930370346,"Extremely Low",0.409080420842923,"Rare good event - unusually low cases to date","Saint Kitts And Nevis"
"KNA",1,4,2.96198731504469,1.66666666666667,2.96198731504469,1.66666666666667,1.66666666666667,1.66666666666667,0.0170233764811229,0.0170233764811229,2026,"WHO",2026-04-01,4,4,4,3,0.999881291547958,TRUE,"applied_mean",NA,4,"2026/2027","Observed",4,17,235,999,NA,29,"Caribbean","Saint Kitts And Nevis",2.96198731504469,1.66666666666667,93.9156098543646,"High","Above average - more cases than typical at this point",1.44582806178547,"Extremely Low",0.409080420842923,"Rare good event - unusually low cases to date","Saint Kitts And Nevis"
"KNA",2,5,0.531478703055805,6.66666666666667,0.502435359051334,8.33333333333334,6.66666666666667,8.33333333333333,0.0849146912002327,0.0678913147191098,2026,"Estimates",2026-05-01,1,NA,NA,2,1.19385655496767,FALSE,"applied_mean",NA,4,"2026/2027","Unobserved",5,18,235,999,1.3578262943822,29,"Caribbean","Saint Kitts And Nevis",0.502435359051334,8.33333333333334,58.6579989494592,"Normal","Average - typical case load at this point",-0.275351405062523,"Extremely Low",0.409080420842923,"Rare good event - unusually low cases to date","Saint Kitts And Nevis"
"KNA",3,6,1.66592602956819,16.5,1.48982135948266,24.8333333333333,16.5,24.8333333333333,0.28918557038214,0.204270879181907,2026,"Estimates",2026-06-01,4,NA,NA,1,NA,FALSE,"no_lookup_match",NA,4,"2026/2027","Unobserved",9,22,235,999,4.08541758363815,29,"Caribbean","Saint Kitts And Nevis",1.48982135948266,24.8333333333333,24.8645123487472,"Low","Below average - fewer cases than typical at this point",-0.755880211846366,"Extremely Low",0.409080420842923,"Rare good event - unusually low cases to date","Saint Kitts And Nevis"
"KNA",4,7,2.49110032662763,2.33333333333333,1.48175762738633,27.1666666666667,2.33333333333333,27.1666666666667,0.314000850595808,0.0248152802136677,2026,"Estimates",2026-07-01,0,NA,NA,NA,NA,NA,NA,NA,4,"2026/2027","Unobserved",9,22,235,999,0.496305604273354,29,"Caribbean","Saint Kitts And Nevis",1.48175762738633,27.1666666666667,22.5499339283037,"Low","Below average - fewer cases than typical at this point",-0.792675228013052,"Extremely Low",0.409080420842923,"Rare good event - unusually low cases to date","Saint Kitts And Nevis"
"KNA",5,8,2.5622018464792,2.66666666666667,NA,NA,2.66666666666667,29.8333333333333,0.344192474895497,0.0301916242996892,2026,NA,2026-08-01,NA,NA,NA,NA,NA,NA,NA,NA,4,"2026/2027","Unobserved",9,22,235,999,NA,29,"Caribbean","Saint Kitts And Nevis",NA,NA,NA,"Unknown","Cannot determine",NA,"Extremely Low",0.409080420842923,"Rare good event - unusually low cases to date","Saint Kitts And Nevis"
"KNA",6,9,1.57896148111805,7.16666666666667,NA,NA,7.16666666666667,37,0.421558759354827,0.0773662844593299,2026,NA,2026-09-01,NA,NA,NA,NA,NA,NA,NA,NA,4,"2026/2027","Unobserved",9,22,235,999,NA,29,"Caribbean","Saint Kitts And Nevis",NA,NA,NA,"Unknown","Cannot determine",NA,"Extremely Low",0.409080420842923,"Rare good event - unusually low cases to date","Saint Kitts And Nevis"
"KNA",7,10,6.90099786106798,17,7.55048739303175,54,17,54,0.572432683856624,0.150873924501798,2026,NA,2026-10-01,NA,NA,NA,NA,NA,NA,NA,NA,4,"2026/2027","Unobserved",9,22,235,999,NA,29,"Caribbean","Saint Kitts And Nevis",7.55048739303175,54,0.0825947045706153,"Extremely Low","Rare good event - unusually low cases to date",-2.14480285515085,"Extremely Low",0.409080420842923,"Rare good event - unusually low cases to date","Saint Kitts And Nevis"
"KNA",8,11,0.599818748389156,36.8333333333334,4.37485137022863,90.8333333333333,36.8333333333333,90.8333333333333,0.740381937297947,0.167949253441322,2026,NA,2026-11-01,NA,NA,NA,NA,NA,NA,NA,NA,4,"2026/2027","Unobserved",9,22,235,999,NA,29,"Caribbean","Saint Kitts And Nevis",4.37485137022863,90.8333333333333,0.106686137506449,"Extremely Low","Rare good event - unusually low cases to date",-1.84056909261637,"Extremely Low",0.409080420842923,"Rare good event - unusually low cases to date","Saint Kitts And Nevis"
"KNA",9,12,0.511513784165169,22.1666666666667,2.83410228447822,113,22.1666666666667,113,0.84993179160636,0.109549854308413,2026,NA,2026-12-01,NA,NA,NA,NA,NA,NA,NA,NA,4,"2026/2027","Unobserved",9,22,235,999,NA,29,"Caribbean","Saint Kitts And Nevis",2.83410228447822,113,0.409080420842923,"Extremely Low","Rare good event - unusually low cases to date",-1.53032495031246,"Extremely Low",0.409080420842923,"Rare good event - unusually low cases to date","Saint Kitts And Nevis"
"LAO",12,1,0.765146224912296,316.875,1.19184624964927,15619.875,316.875,15619.875,1,0.0308004928052419,2025,"WHO",2025-01-01,253,253,NA,18,NA,FALSE,"no_lookup_match",NA,2,"2024/2025","Observed",253,253,253,12634,NA,253,"East & Southeast Asia","Lao People's Democratic Republic",1.19184624964927,15619.875,0.820795204789421,"Extremely Low","Rare good event - unusually low cases to date",-1.07399325341938,"Normal",52.5753958390738,"Average - typical case load at this point","Lao People's Democratic Republic"
"LAO",1,2,0.948230788825078,241.3125,0.948230788825078,241.3125,241.3125,241.3125,0.0192964558831778,0.0192964558831778,2025,"WHO",2025-02-01,165,165,NA,17,NA,FALSE,"no_lookup_match",NA,2,"2025/2026","Observed",165,418,12430,12634,NA,12430,"East & Southeast Asia","Lao People's Democratic Republic",0.948230788825078,241.3125,50.4034176102016,"Normal","Average - typical case load at this point",-0.307341556691414,"Normal",52.5753958390738,"Average - typical case load at this point","Lao People's Democratic Republic"
"LAO",2,3,1.0615154726294,273.25,1.05694072579257,514.5625,273.25,514.5625,0.0426573893351105,0.0233609334519327,2025,"WHO",2025-03-01,138,138,NA,16,NA,FALSE,"no_lookup_match",NA,2,"2025/2026","Observed",303,556,12430,12634,NA,12430,"East & Southeast Asia","Lao People's Democratic Republic",1.05694072579257,514.5625,43.6712326445326,"Normal","Average - typical case load at this point",-0.422260345225605,"Normal",52.5753958390738,"Average - typical case load at this point","Lao People's Democratic Republic"
"LAO",3,4,0.956594627868521,392.6875,1.06039541775543,907.25,392.6875,907.25,0.0685257614442771,0.0258683721091666,2025,"WHO",2025-04-01,173,173,NA,15,NA,FALSE,"no_lookup_match",NA,2,"2025/2026","Observed",476,729,12430,12634,NA,12430,"East & Southeast Asia","Lao People's Democratic Republic",1.06039541775543,907.25,39.8159827533079,"Normal","Average - typical case load at this point",-0.489195438172256,"Normal",52.5753958390738,"Average - typical case load at this point","Lao People's Democratic Republic"
"LAO",4,5,1.23022667110811,824.250000000001,1.22567653281769,1731.5,824.25,1731.5,0.12676678600099,0.0582410245567132,2025,"WHO",2025-05-01,614,614,NA,14,NA,FALSE,"no_lookup_match",NA,2,"2025/2026","Observed",1090,1343,12430,12634,NA,12430,"East & Southeast Asia","Lao People's Democratic Republic",1.22567653281769,1731.5,43.5928428709441,"Normal","Average - typical case load at this point",-0.410023211345217,"Normal",52.5753958390738,"Average - typical case load at this point","Lao People's Democratic Republic"
"LAO",5,6,0.991327951362401,1838.6875,1.15637744960911,3570.18750000001,1838.6875,3570.1875,0.236300578606482,0.109533792605492,2025,"WHO",2025-06-01,1271,1271,NA,13,NA,FALSE,"no_lookup_match",NA,2,"2025/2026","Observed",2361,2614,12430,12634,NA,12430,"East & Southeast Asia","Lao People's Democratic Republic",1.15637744960911,3570.18750000001,46.2708490177464,"Normal","Average - typical case load at this point",-0.36415150455623,"Normal",52.5753958390738,"Average - typical case load at this point","Lao People's Democratic Republic"
"LAO",6,7,0.867636409536776,3511.25,1.04391785440238,7081.43749999999,3511.25,7081.4375,0.429921436511435,0.193620857904953,2025,"WHO",2025-07-01,2741,2741,2741,12,1,TRUE,"applied_mean",NA,2,"2025/2026","Observed",5102,5355,12430,12634,NA,12430,"East & Southeast Asia","Lao People's Democratic Republic",1.04391785440238,7081.43749999999,50.7919021582692,"Normal","Average - typical case load at this point",-0.285575878368625,"Normal",52.5753958390738,"Average - typical case load at this point","Lao People's Democratic Republic"
"LAO",7,8,1.04070615742484,2951.4375,1.05702552478338,10032.875,2951.4375,10032.875,0.609548541971067,0.179627105459631,2025,"WHO",2025-08-01,2506,2506,2506,11,1,TRUE,"applied_mean",NA,2,"2025/2026","Observed",7608,7861,12430,12634,NA,12430,"East & Southeast Asia","Lao People's Democratic Republic",1.05702552478338,10032.875,52.487988922931,"Normal","Average - typical case load at this point",-0.248475638570985,"Normal",52.5753958390738,"Average - typical case load at this point","Lao People's Democratic Republic"
"LAO",8,9,1.0270084796246,2336.875,1.07032572275168,12369.75,2336.875,12369.75,0.751276525395475,0.141727983424408,2025,"WHO",2025-09-01,1369,1369,1369,10,1,TRUE,"applied_mean",NA,2,"2025/2026","Observed",8977,9230,12430,12634,NA,12430,"East & Southeast Asia","Lao People's Democratic Republic",1.07032572275168,12369.75,50.7279468906498,"Normal","Average - typical case load at this point",-0.283746249460747,"Normal",52.5753958390738,"Average - typical case load at this point","Lao People's Democratic Republic"
"LAO",9,10,1.1689130501551,1600.375,1.10079434169019,13970.125,1600.375,13970.125,0.859510123757925,0.10823359836245,2025,"WHO",2025-10-01,1552,1552,1552,9,1,TRUE,"applied_mean",NA,2,"2025/2026","Observed",10529,10782,12430,12634,NA,12430,"East & Southeast Asia","Lao People's Democratic Republic",1.10079434169019,13970.125,51.7692804753177,"Normal","Average - typical case load at this point",-0.258425961796588,"Normal",52.5753958390738,"Average - typical case load at this point","Lao People's Democratic Republic"
"LAO",10,11,1.48192684951688,834.9375,1.12821174902687,14805.0625,834.9375,14805.0625,0.922068927607146,0.0625588038492216,2025,"WHO",2025-11-01,890,890,890,8,1,TRUE,"applied_mean",NA,2,"2025/2026","Observed",11419,11672,12430,12634,NA,12430,"East & Southeast Asia","Lao People's Democratic Republic",1.12821174902687,14805.0625,52.3461922415977,"Normal","Average - typical case load at this point",-0.242920120025973,"Normal",52.5753958390738,"Average - typical case load at this point","Lao People's Democratic Republic"
"LAO",11,12,1.60483881866054,497.9375,1.16617348419297,15303,497.9375,15303,0.969199507194758,0.0471305795876119,2025,"WHO",2025-12-01,573,573,573,7,1,TRUE,"applied_mean",NA,2,"2025/2026","Observed",11992,12245,12430,12634,NA,12430,"East & Southeast Asia","Lao People's Democratic Republic",1.16617348419297,15303,52.5753958390738,"Normal","Average - typical case load at this point",-0.233640236152583,"Normal",52.5753958390738,"Average - typical case load at this point","Lao People's Democratic Republic"
"LAO",12,1,0.765146224912296,316.875,1.19184624964927,15619.875,316.875,15619.875,1,0.0308004928052419,2026,"WHO",2026-01-01,438,438,438,6,1,TRUE,"applied_mean",NA,2,"2025/2026","Observed",12430,438,12430,8709,NA,12430,"East & Southeast Asia","Lao People's Democratic Republic",1.19184624964927,15619.875,52.9342306817224,"Normal","Average - typical case load at this point",-0.222940853573101,"Low",19.8347198549246,"Below average - fewer cases than typical at this point","Lao People's Democratic Republic"
"LAO",1,2,0.948230788825078,241.3125,0.948230788825078,241.3125,241.3125,241.3125,0.0192964558831778,0.0192964558831778,2026,"WHO",2026-02-01,214,214,214,5,1,TRUE,"applied_mean",NA,2,"2026/2027","Observed",214,652,6856,8709,NA,9367,"East & Southeast Asia","Lao People's Democratic Republic",0.948230788825078,241.3125,59.371237658578,"Normal","Average - typical case load at this point",-0.109998575163102,"Low",19.8347198549246,"Below average - fewer cases than typical at this point","Lao People's Democratic Republic"
"LAO",2,3,1.0615154726294,273.25,1.05694072579257,514.5625,273.25,514.5625,0.0426573893351105,0.0233609334519327,2026,"WHO",2026-03-01,238,238,238,4,1,TRUE,"applied_mean",NA,2,"2026/2027","Observed",452,890,6856,8709,NA,9367,"East & Southeast Asia","Lao People's Democratic Republic",1.05694072579257,514.5625,58.0001563489001,"Normal","Average - typical case load at this point",-0.124869307406449,"Low",19.8347198549246,"Below average - fewer cases than typical at this point","Lao People's Democratic Republic"
"LAO",3,4,0.956594627868521,392.6875,1.06039541775543,907.25,392.6875,907.25,0.0685257614442771,0.0258683721091666,2026,"WHO",2026-04-01,203,203,203,3,1,TRUE,"applied_mean",NA,2,"2026/2027","Observed",655,1093,6856,8709,NA,9367,"East & Southeast Asia","Lao People's Democratic Republic",1.06039541775543,907.25,50.6933343890459,"Normal","Average - typical case load at this point",-0.286143882385975,"Low",19.8347198549246,"Below average - fewer cases than typical at this point","Lao People's Democratic Republic"
"LAO",4,5,1.23022667110811,824.250000000001,1.22567653281769,1731.5,824.25,1731.5,0.12676678600099,0.0582410245567132,2026,"WHO",2026-05-01,281,267,281,2,1.05107625175925,TRUE,"applied_mean",NA,2,"2026/2027","Observed",936,1374,6856,8709,NA,9367,"East & Southeast Asia","Lao People's Democratic Republic",1.22567653281769,1731.5,38.1819053228501,"Normal","Average - typical case load at this point",-0.508454348597225,"Low",19.8347198549246,"Below average - fewer cases than typical at this point","Lao People's Democratic Republic"
"LAO",5,6,0.991327951362401,1838.6875,1.15637744960911,3570.18750000001,1838.6875,3570.1875,0.236300578606482,0.109533792605492,2026,"WHO",2026-06-01,684,684,NA,1,NA,FALSE,"insufficient_n_rf",NA,2,"2026/2027","Observed",1620,2058,6856,8709,NA,9367,"East & Southeast Asia","Lao People's Democratic Republic",1.15637744960911,3570.18750000001,33.6370037213901,"Normal","Average - typical case load at this point",-0.587306527971675,"Low",19.8347198549246,"Below average - fewer cases than typical at this point","Lao People's Democratic Republic"
"LAO",6,7,0.867636409536776,3511.25,1.04391785440238,7081.43749999999,3511.25,7081.4375,0.429921436511435,0.193620857904953,2026,"Estimates",2026-07-01,2407,NA,NA,NA,NA,NA,NA,NA,2,"2026/2027","Unobserved",4027,4465,6856,8709,2406.70726375857,9367,"East & Southeast Asia","Lao People's Democratic Republic",1.04391785440238,7081.43749999999,42.6489362497695,"Normal","Average - typical case load at this point",-0.440667448194029,"Low",19.8347198549246,"Below average - fewer cases than typical at this point","Lao People's Democratic Republic"
"LAO",7,8,1.04070615742484,2951.4375,1.05702552478338,10032.875,2951.4375,10032.875,0.609548541971067,0.179627105459631,2026,NA,2026-08-01,NA,NA,NA,NA,NA,NA,NA,NA,2,"2026/2027","Unobserved",4027,4465,6856,8709,NA,9367,"East & Southeast Asia","Lao People's Democratic Republic",1.05702552478338,10032.875,31.9208805441739,"Normal","Average - typical case load at this point",-0.615418784804377,"Low",19.8347198549246,"Below average - fewer cases than typical at this point","Lao People's Democratic Republic"
"LAO",8,9,1.0270084796246,2336.875,1.07032572275168,12369.75,2336.875,12369.75,0.751276525395475,0.141727983424408,2026,NA,2026-09-01,NA,NA,NA,NA,NA,NA,NA,NA,2,"2026/2027","Unobserved",4027,4465,6856,8709,NA,9367,"East & Southeast Asia","Lao People's Democratic Republic",1.07032572275168,12369.75,26.3231064651258,"Normal","Average - typical case load at this point",-0.697730166587175,"Low",19.8347198549246,"Below average - fewer cases than typical at this point","Lao People's Democratic Republic"
"LAO",9,10,1.1689130501551,1600.375,1.10079434169019,13970.125,1600.375,13970.125,0.859510123757925,0.10823359836245,2026,NA,2026-10-01,NA,NA,NA,NA,NA,NA,NA,NA,2,"2026/2027","Unobserved",4027,4465,6856,8709,NA,9367,"East & Southeast Asia","Lao People's Democratic Republic",1.10079434169019,13970.125,22.9605456663035,"Low","Below average - fewer cases than typical at this point",-0.746721389484172,"Low",19.8347198549246,"Below average - fewer cases than typical at this point","Lao People's Democratic Republic"
"LAO",10,11,1.48192684951688,834.9375,1.12821174902687,14805.0625,834.9375,14805.0625,0.922068927607146,0.0625588038492216,2026,NA,2026-11-01,NA,NA,NA,NA,NA,NA,NA,NA,2,"2026/2027","Unobserved",4027,4465,6856,8709,NA,9367,"East & Southeast Asia","Lao People's Democratic Republic",1.12821174902687,14805.0625,21.2068589017174,"Low","Below average - fewer cases than typical at this point",-0.773230924162633,"Low",19.8347198549246,"Below average - fewer cases than typical at this point","Lao People's Democratic Republic"
"LAO",11,12,1.60483881866054,497.9375,1.16617348419297,15303,497.9375,15303,0.969199507194758,0.0471305795876119,2026,NA,2026-12-01,NA,NA,NA,NA,NA,NA,NA,NA,2,"2026/2027","Unobserved",4027,4465,6856,8709,NA,9367,"East & Southeast Asia","Lao People's Democratic Republic",1.16617348419297,15303,19.8347198549246,"Low","Below average - fewer cases than typical at this point",-0.795689309228789,"Low",19.8347198549246,"Below average - fewer cases than typical at this point","Lao People's Democratic Republic"
"LCA",11,1,0.558781351832759,11.5454545454545,0.999512828764122,305.363636363637,11.5454545454545,305.363636363636,0.96354169279278,0.0946833422678151,2025,"PAHO",2025-01-01,8,8,NA,79,NA,FALSE,"no_lookup_match","current_month_missing",3,"2024/2025","Observed",8,8,18,54,NA,18,"Caribbean","Saint Lucia",0.999512828764122,305.363636363637,2.90374655800986,"Extremely Low","Rare good event - unusually low cases to date",-0.971975064337126,"Low",12.1999908255453,"Below average - fewer cases than typical at this point","Saint Lucia"
"LCA",12,2,0.56311082994739,4.54545454545454,1.03780807095449,309.909090909091,4.54545454545455,309.909090909091,1,0.0364583072072204,2025,"PAHO",2025-02-01,10,10,NA,75,NA,FALSE,"no_lookup_match","current_month_missing",3,"2024/2025","Observed",18,18,18,54,NA,18,"Caribbean","Saint Lucia",1.03780807095449,309.909090909091,5.45711642421388,"Low","Below average - fewer cases than typical at this point",-0.957956678015909,"Low",12.1999908255453,"Below average - fewer cases than typical at this point","Saint Lucia"
"LCA",1,3,0.916740461439758,6.54545454545454,0.916740461439758,6.54545454545454,6.54545454545455,6.54545454545455,0.0294325515021122,0.0294325515021122,2025,"PAHO",2025-03-01,6,6,NA,70,NA,FALSE,"no_lookup_match","current_month_missing",3,"2025/2026","Observed",6,24,30,54,NA,30,"Caribbean","Saint Lucia",0.916740461439758,6.54545454545454,63.6065310859373,"Normal","Average - typical case load at this point",-0.0747271746651173,"Low",12.1999908255453,"Below average - fewer cases than typical at this point","Saint Lucia"
"LCA",2,4,1.47221120142144,6.90909090909091,1.13299004247944,13.4545454545455,6.90909090909091,13.4545454545455,0.0640625028057447,0.0346299513036325,2025,"PAHO",2025-04-01,6,6,NA,66,NA,FALSE,"no_lookup_match","current_month_missing",3,"2025/2026","Observed",12,30,30,54,NA,30,"Caribbean","Saint Lucia",1.13299004247944,13.4545454545455,59.6691516881993,"Normal","Average - typical case load at this point",-0.110513381053154,"Low",12.1999908255453,"Below average - fewer cases than typical at this point","Saint Lucia"
"LCA",3,5,1.36164622647653,10.5454545454545,1.20361644059817,24,10.5454545454545,24,0.114756222495871,0.0506937196901261,2025,"PAHO",2025-05-01,1,1,NA,62,NA,FALSE,"no_lookup_match","current_month_missing",3,"2025/2026","Observed",13,31,30,54,NA,30,"Caribbean","Saint Lucia",1.20361644059817,24,40.4980235045234,"Normal","Average - typical case load at this point",-0.490681505486061,"Low",12.1999908255453,"Below average - fewer cases than typical at this point","Saint Lucia"
"LCA",4,6,1.2181034178363,10.4545454545455,1.2870894258015,34.4545454545455,10.4545454545455,34.4545454545455,0.155607923580876,0.0408517010850048,2025,"PAHO",2025-06-01,8,8,NA,57,NA,FALSE,"no_lookup_match","current_month_missing",3,"2025/2026","Observed",21,39,30,54,NA,30,"Caribbean","Saint Lucia",1.2870894258015,34.4545454545455,42.8924938479569,"Normal","Average - typical case load at this point",-0.434973623085377,"Low",12.1999908255453,"Below average - fewer cases than typical at this point","Saint Lucia"
"LCA",5,7,0.964456091301499,20.7272727272727,1.22468153154478,55.1818181818182,20.7272727272727,55.1818181818182,0.231990583040022,0.0763826594591463,2025,"PAHO",2025-07-01,3,3,NA,53,NA,FALSE,"no_lookup_match","current_month_missing",3,"2025/2026","Observed",24,42,30,54,NA,30,"Caribbean","Saint Lucia",1.22468153154478,55.1818181818182,32.2477981052159,"Normal","Average - typical case load at this point",-0.618515291275705,"Low",12.1999908255453,"Below average - fewer cases than typical at this point","Saint Lucia"
"LCA",6,8,0.612564964932272,41.4545454545455,0.989835792458502,96.6363636363634,41.4545454545455,96.6363636363636,0.328604260907829,0.0966136778678071,2025,"PAHO",2025-08-01,1,1,NA,49,1,TRUE,"applied_mean","previous_month_missing",3,"2025/2026","Observed",25,43,30,54,NA,30,"Caribbean","Saint Lucia",0.989835792458502,96.6363636363634,23.7058264820344,"Low","Below average - fewer cases than typical at this point",-0.733772832554398,"Low",12.1999908255453,"Below average - fewer cases than typical at this point","Saint Lucia"
"LCA",7,9,0.735566384287964,101.636363636364,0.897588729814173,198.272727272727,101.636363636364,198.272727272727,0.59925189171593,0.270647630808101,2025,"PAHO",2025-09-01,2,2,2,44,1,TRUE,"applied_mean","not_missing",3,"2025/2026","Observed",27,45,30,54,NA,30,"Caribbean","Saint Lucia",0.897588729814173,198.272727272727,15.3078737197997,"Low","Below average - fewer cases than typical at this point",-0.816550618942164,"Low",12.1999908255453,"Below average - fewer cases than typical at this point","Saint Lucia"
"LCA",8,10,0.82004440240247,30.9090909090909,0.92252286229738,229.181818181818,30.9090909090909,229.181818181818,0.706154271240115,0.106902379524185,2025,"PAHO",2025-10-01,3,3,3,40,1,TRUE,"applied_mean","not_missing",3,"2025/2026","Observed",30,48,30,54,NA,30,"Caribbean","Saint Lucia",0.92252286229738,229.181818181818,14.2108566483432,"Low","Below average - fewer cases than typical at this point",-0.833078209740196,"Low",12.1999908255453,"Below average - fewer cases than typical at this point","Saint Lucia"
"LCA",9,11,0.576725251634771,50.8181818181819,0.853692238114337,280,50.8181818181818,280,0.814529605070268,0.108375333830153,2025,"PAHO",2025-11-01,1,1,1,36,1,TRUE,"applied_mean","not_missing",3,"2025/2026","Observed",31,49,30,54,NA,30,"Caribbean","Saint Lucia",0.853692238114337,280,13.8123521950389,"Low","Below average - fewer cases than typical at this point",-0.82040996903653,"Low",12.1999908255453,"Below average - fewer cases than typical at this point","Saint Lucia"
"LCA",10,12,1.28913614270656,13.8181818181818,0.871538591630283,293.818181818181,13.8181818181818,293.818181818182,0.868858350524964,0.0543287454546963,2025,"WHO",2025-12-01,-2,-2,-2,7,1,TRUE,"applied_mean",NA,3,"2025/2026","Observed",29,47,30,54,NA,30,"Caribbean","Saint Lucia",0.871538591630283,293.818181818181,12.1999908255453,"Low","Below average - fewer cases than typical at this point",-0.8401740891459,"Low",12.1999908255453,"Below average - fewer cases than typical at this point","Saint Lucia"
"LCA",11,1,0.558781351832759,11.5454545454545,0.999512828764122,305.363636363637,11.5454545454545,305.363636363636,0.96354169279278,0.0946833422678151,2026,"WHO",2026-01-01,0,0,0,6,1,TRUE,"applied_mean",NA,3,"2025/2026","Observed",29,0,30,30,NA,30,"Caribbean","Saint Lucia",0.999512828764122,305.363636363637,9.350847703072,"Low","Below average - fewer cases than typical at this point",-0.903333596938203,"Extremely Low",3.5201479179917,"Rare good event - unusually low cases to date","Saint Lucia"
"LCA",12,2,0.56311082994739,4.54545454545454,1.03780807095449,309.909090909091,4.54545454545455,309.909090909091,1,0.0364583072072204,2026,"PAHO",2026-02-01,1,1,1,23,1,TRUE,"applied_mean","not_missing",3,"2025/2026","Observed",30,1,30,30,NA,30,"Caribbean","Saint Lucia",1.03780807095449,309.909090909091,8.88557363107753,"Low","Below average - fewer cases than typical at this point",-0.918576334976949,"Extremely Low",3.5201479179917,"Rare good event - unusually low cases to date","Saint Lucia"
"LCA",1,3,0.916740461439758,6.54545454545454,0.916740461439758,6.54545454545454,6.54545454545455,6.54545454545455,0.0294325515021122,0.0294325515021122,2026,"PAHO",2026-03-01,3,3,3,18,1,TRUE,"applied_mean","not_missing",3,"2026/2027","Observed",3,4,26,30,NA,26,"Caribbean","Saint Lucia",0.916740461439758,6.54545454545454,44.7125856820629,"Normal","Average - typical case load at this point",-0.485726635323264,"Extremely Low",3.5201479179917,"Rare good event - unusually low cases to date","Saint Lucia"
"LCA",2,4,1.47221120142144,6.90909090909091,1.13299004247944,13.4545454545455,6.90909090909091,13.4545454545455,0.0640625028057447,0.0346299513036325,2026,"WHO",2026-04-01,0,0,0,3,1,TRUE,"applied_mean",NA,3,"2026/2027","Observed",3,4,26,30,NA,26,"Caribbean","Saint Lucia",1.13299004247944,13.4545454545455,22.4650305545642,"Low","Below average - fewer cases than typical at this point",-0.794314926319543,"Extremely Low",3.5201479179917,"Rare good event - unusually low cases to date","Saint Lucia"
"LCA",3,5,1.36164622647653,10.5454545454545,1.20361644059817,24,10.5454545454545,24,0.114756222495871,0.0506937196901261,2026,"WHO",2026-05-01,0,0,0,2,1.56666666666667,TRUE,"applied_mean",NA,3,"2026/2027","Observed",3,4,26,30,NA,26,"Caribbean","Saint Lucia",1.20361644059817,24,11.7519017439737,"Low","Below average - fewer cases than typical at this point",-0.936755601382479,"Extremely Low",3.5201479179917,"Rare good event - unusually low cases to date","Saint Lucia"
"LCA",4,6,1.2181034178363,10.4545454545455,1.2870894258015,34.4545454545455,10.4545454545455,34.4545454545455,0.155607923580876,0.0408517010850048,2026,"PAHO",2026-06-01,2,2,2,5,1,TRUE,"applied_mean","not_missing",3,"2026/2027","Observed",5,6,26,30,NA,26,"Caribbean","Saint Lucia",1.2870894258015,34.4545454545455,11.187314073075,"Low","Below average - fewer cases than typical at this point",-0.95223955324096,"Extremely Low",3.5201479179917,"Rare good event - unusually low cases to date","Saint Lucia"
"LCA",5,7,0.964456091301499,20.7272727272727,1.22468153154478,55.1818181818182,20.7272727272727,55.1818181818182,0.231990583040022,0.0763826594591463,2026,"PAHO",2026-07-01,1,1,1,3,1,TRUE,"applied_mean","not_missing",3,"2026/2027","Observed",6,7,26,30,NA,26,"Caribbean","Saint Lucia",1.22468153154478,55.1818181818182,8.45475460847274,"Low","Below average - fewer cases than typical at this point",-0.975559103732234,"Extremely Low",3.5201479179917,"Rare good event - unusually low cases to date","Saint Lucia"
"LCA",6,8,0.612564964932272,41.4545454545455,0.989835792458502,96.6363636363634,41.4545454545455,96.6363636363636,0.328604260907829,0.0966136778678071,2026,NA,2026-08-01,NA,NA,NA,NA,NA,NA,NA,NA,3,"2026/2027","Unobserved",6,7,26,30,NA,26,"Caribbean","Saint Lucia",0.989835792458502,96.6363636363634,7.09905065894944,"Low","Below average - fewer cases than typical at this point",-0.928390246264892,"Extremely Low",3.5201479179917,"Rare good event - unusually low cases to date","Saint Lucia"
"LCA",7,9,0.735566384287964,101.636363636364,0.897588729814173,198.272727272727,101.636363636364,198.272727272727,0.59925189171593,0.270647630808101,2026,NA,2026-09-01,NA,NA,NA,NA,NA,NA,NA,NA,3,"2026/2027","Unobserved",6,7,26,30,NA,26,"Caribbean","Saint Lucia",0.897588729814173,198.272727272727,4.58808969196538,"Extremely Low","Rare good event - unusually low cases to date",-0.916669086551315,"Extremely Low",3.5201479179917,"Rare good event - unusually low cases to date","Saint Lucia"
"LCA",8,10,0.82004440240247,30.9090909090909,0.92252286229738,229.181818181818,30.9090909090909,229.181818181818,0.706154271240115,0.106902379524185,2026,NA,2026-10-01,NA,NA,NA,NA,NA,NA,NA,NA,3,"2026/2027","Unobserved",6,7,26,30,NA,26,"Caribbean","Saint Lucia",0.92252286229738,229.181818181818,3.75468468223294,"Extremely Low","Rare good event - unusually low cases to date",-0.933458240489358,"Extremely Low",3.5201479179917,"Rare good event - unusually low cases to date","Saint Lucia"
"LCA",9,11,0.576725251634771,50.8181818181819,0.853692238114337,280,50.8181818181818,280,0.814529605070268,0.108375333830153,2026,NA,2026-11-01,NA,NA,NA,NA,NA,NA,NA,NA,3,"2026/2027","Unobserved",6,7,26,30,NA,26,"Caribbean","Saint Lucia",0.853692238114337,280,3.8803865976759,"Extremely Low","Rare good event - unusually low cases to date",-0.902780447855458,"Extremely Low",3.5201479179917,"Rare good event - unusually low cases to date","Saint Lucia"
"LCA",10,12,1.28913614270656,13.8181818181818,0.871538591630283,293.818181818181,13.8181818181818,293.818181818182,0.868858350524964,0.0543287454546963,2026,NA,2026-12-01,NA,NA,NA,NA,NA,NA,NA,NA,3,"2026/2027","Unobserved",6,7,26,30,NA,26,"Caribbean","Saint Lucia",0.871538591630283,293.818181818181,3.5201479179917,"Extremely Low","Rare good event - unusually low cases to date",-0.913144924900762,"Extremely Low",3.5201479179917,"Rare good event - unusually low cases to date","Saint Lucia"
"LKA",12,1,3.20742331069043,7276.875,3.28629785745415,59437.8125000001,7276.875,59437.8125,1,0.134049076211139,2025,"SEARO",2025-01-01,4942,4942,NA,19,NA,FALSE,"no_lookup_match",NA,2,"2024/2025","Observed",4942,4942,4942,59429,NA,4942,"South Asia","Sri Lanka",3.28629785745415,59437.8125000001,0.131579471824557,"Extremely Low","Rare good event - unusually low cases to date",-1.6620411439432,"Normal",50.003574365823,"Average - typical case load at this point","Sri Lanka"
"LKA",1,2,4.78602457451789,4363.49999999999,4.78602457451789,4363.49999999999,4363.5,4363.5,0.0890894109941871,0.0890894109941871,2025,"SEARO",2025-02-01,3666,3666,NA,18,NA,FALSE,"no_lookup_match",NA,2,"2025/2026","Observed",3666,8608,54389,59429,NA,54389,"South Asia","Sri Lanka",4.78602457451789,4363.49999999999,41.5015514023695,"Normal","Average - typical case load at this point",-0.349509230844533,"Normal",50.003574365823,"Average - typical case load at this point","Sri Lanka"
"LKA",2,3,3.06473137428624,3596.3125,4.28533242619434,7959.8125,3596.3125,7959.8125,0.151208206220534,0.0621187952263468,2025,"SEARO",2025-03-01,3771,3771,NA,17,NA,FALSE,"no_lookup_match",NA,2,"2025/2026","Observed",7437,12379,54389,59429,NA,54389,"South Asia","Sri Lanka",4.28533242619434,7959.8125,50.9496380388008,"Normal","Average - typical case load at this point",-0.13593099915637,"Normal",50.003574365823,"Average - typical case load at this point","Sri Lanka"
"LKA",3,4,1.70937739690396,3836.0625,3.45746632231124,11795.875,3836.0625,11795.875,0.208916741357625,0.0577085351370915,2025,"SEARO",2025-04-01,5171,5171,NA,16,NA,FALSE,"no_lookup_match",NA,2,"2025/2026","Observed",12608,17550,54389,59429,NA,54389,"South Asia","Sri Lanka",3.45746632231124,11795.875,61.9670043423433,"Normal","Average - typical case load at this point",0.127999436883948,"Normal",50.003574365823,"Average - typical case load at this point","Sri Lanka"
"LKA",4,5,2.01517789241611,4466.81249999999,3.18261440419022,16262.6875,4466.8125,16262.6875,0.279556911570857,0.0706401702132315,2025,"SEARO",2025-05-01,6035,6035,NA,15,NA,FALSE,"no_lookup_match",NA,2,"2025/2026","Observed",18643,23585,54389,59429,NA,54389,"South Asia","Sri Lanka",3.18261440419022,16262.6875,66.8338818986399,"Normal","Average - typical case load at this point",0.261090566685754,"Normal",50.003574365823,"Average - typical case load at this point","Sri Lanka"
"LKA",5,6,2.18952103883636,6223.18749999999,3.01462743599652,22485.875,6223.1875,22485.875,0.379397402304803,0.0998404907339462,2025,"SEARO",2025-06-01,5468,5468,NA,14,NA,FALSE,"no_lookup_match",NA,2,"2025/2026","Observed",24111,29053,54389,59429,NA,54389,"South Asia","Sri Lanka",3.01462743599652,22485.875,62.3539687484071,"Normal","Average - typical case load at this point",0.125477163449863,"Normal",50.003574365823,"Average - typical case load at this point","Sri Lanka"
"LKA",6,7,1.45272450640784,8700,2.51309300906251,31185.8749999999,8700,31185.875,0.505422421464096,0.126025019159292,2025,"SEARO",2025-07-01,4838,4838,NA,13,NA,FALSE,"no_lookup_match",NA,2,"2025/2026","Observed",28949,33891,54389,59429,NA,54389,"South Asia","Sri Lanka",2.51309300906251,31185.8749999999,53.8473038270682,"Normal","Average - typical case load at this point",-0.113702644328383,"Normal",50.003574365823,"Average - typical case load at this point","Sri Lanka"
"LKA",7,8,2.22931747150319,4748.75,2.52760592980915,35934.625,4748.75,35934.625,0.58424438356522,0.0788219621011243,2025,"SEARO",2025-08-01,2746,2746,NA,12,NA,FALSE,"no_lookup_match",NA,2,"2025/2026","Observed",31695,36637,54389,59429,NA,54389,"South Asia","Sri Lanka",2.52760592980915,35934.625,50.7109951455101,"Normal","Average - typical case load at this point",-0.187565835840264,"Normal",50.003574365823,"Average - typical case load at this point","Sri Lanka"
"LKA",8,9,3.70018545929503,2972,2.63917804231037,38906.6250000001,2972,38906.625,0.637202935361132,0.0529585517959123,2025,"SEARO",2025-09-01,2403,2403,NA,11,NA,FALSE,"no_lookup_match",NA,2,"2025/2026","Observed",34098,39040,54389,59429,NA,54389,"South Asia","Sri Lanka",2.63917804231037,38906.6250000001,49.9645010065692,"Normal","Average - typical case load at this point",-0.200778389437993,"Normal",50.003574365823,"Average - typical case load at this point","Sri Lanka"
"LKA",9,10,2.92995280395351,3361.93749999999,2.7264507879414,42268.5624999999,3361.9375,42268.5625,0.69464736936204,0.0574444340009073,2025,"SEARO",2025-10-01,2717,2717,NA,10,NA,FALSE,"no_lookup_match",NA,2,"2025/2026","Observed",36815,41757,54389,59429,NA,54389,"South Asia","Sri Lanka",2.7264507879414,42268.5624999999,49.3039001706392,"Normal","Average - typical case load at this point",-0.213033372058035,"Normal",50.003574365823,"Average - typical case load at this point","Sri Lanka"
"LKA",10,11,2.28240505981242,4265.25,2.82015330944318,46533.8124999999,4265.25,46533.8125,0.766384833423163,0.0717374640611237,2025,"SEARO",2025-11-01,3806,3806,NA,9,NA,FALSE,"no_lookup_match",NA,2,"2025/2026","Observed",40621,45563,54389,59429,NA,54389,"South Asia","Sri Lanka",2.82015330944318,46533.8124999999,49.1560103531033,"Normal","Average - typical case load at this point",-0.21337752392351,"Normal",50.003574365823,"Average - typical case load at this point","Sri Lanka"
"LKA",11,12,2.28376279500718,5627.125,3.01380901909274,52160.9375,5627.125,52160.9375,0.865950923788861,0.0995660903656975,2025,"SEARO",2025-12-01,5900,5900,NA,8,NA,FALSE,"no_lookup_match",NA,2,"2025/2026","Observed",46521,51463,54389,59429,NA,54389,"South Asia","Sri Lanka",3.01380901909274,52160.9375,50.003574365823,"Normal","Average - typical case load at this point",-0.187704299578529,"Normal",50.003574365823,"Average - typical case load at this point","Sri Lanka"
"LKA",12,1,3.20742331069043,7276.875,3.28629785745415,59437.8125000001,7276.875,59437.8125,1,0.134049076211139,2026,"SEARO",2026-01-01,7868,7868,NA,7,NA,FALSE,"no_lookup_match",NA,2,"2025/2026","Observed",54389,7868,54389,121163,NA,54389,"South Asia","Sri Lanka",3.28629785745415,59437.8125000001,51.1069307882306,"Normal","Average - typical case load at this point",-0.153981264212822,"Normal",37.7246256191386,"Average - typical case load at this point","Sri Lanka"
"LKA",1,2,4.78602457451789,4363.49999999999,4.78602457451789,4363.49999999999,4363.5,4363.5,0.0890894109941871,0.0890894109941871,2026,"SEARO",2026-02-01,5724,5724,NA,6,NA,FALSE,"no_lookup_match",NA,2,"2026/2027","Observed",5724,13592,93019,121163,NA,75754,"South Asia","Sri Lanka",4.78602457451789,4363.49999999999,77.9721699878853,"High","Above average - more cases than typical at this point",0.68173090833548,"Normal",37.7246256191386,"Average - typical case load at this point","Sri Lanka"
"LKA",2,3,3.06473137428624,3596.3125,4.28533242619434,7959.8125,3596.3125,7959.8125,0.151208206220534,0.0621187952263468,2026,"SEARO",2026-03-01,6016,6016,NA,5,NA,FALSE,"no_lookup_match",NA,2,"2026/2027","Observed",11740,19608,93019,121163,NA,75754,"South Asia","Sri Lanka",4.28533242619434,7959.8125,84.5268555196499,"High","Above average - more cases than typical at this point",0.982846936279112,"Normal",37.7246256191386,"Average - typical case load at this point","Sri Lanka"
"LKA",3,4,1.70937739690396,3836.0625,3.45746632231124,11795.875,3836.0625,11795.875,0.208916741357625,0.0577085351370915,2026,"SEARO",2026-04-01,5662,5662,NA,4,NA,FALSE,"no_lookup_match",NA,2,"2026/2027","Observed",17402,25270,93019,121163,NA,75754,"South Asia","Sri Lanka",3.45746632231124,11795.875,82.8261840914718,"High","Above average - more cases than typical at this point",0.883584230384512,"Normal",37.7246256191386,"Average - typical case load at this point","Sri Lanka"
"LKA",4,5,2.01517789241611,4466.81249999999,3.18261440419022,16262.6875,4466.8125,16262.6875,0.279556911570857,0.0706401702132315,2026,"SEARO",2026-05-01,8602,8602,NA,3,NA,FALSE,"no_lookup_match",NA,2,"2026/2027","Observed",26004,33872,93019,121163,NA,75754,"South Asia","Sri Lanka",3.18261440419022,16262.6875,86.1843162460113,"High","Above average - more cases than typical at this point",1.06850037584898,"Normal",37.7246256191386,"Average - typical case load at this point","Sri Lanka"
"LKA",5,6,2.18952103883636,6223.18749999999,3.01462743599652,22485.875,6223.1875,22485.875,0.379397402304803,0.0998404907339462,2026,"Estimates",2026-06-01,5430,0,NA,2,NA,FALSE,"no_lookup_match",NA,2,"2026/2027","Unobserved",31434,39302,93019,121163,5430.2244505286,75754,"South Asia","Sri Lanka",3.01462743599652,22485.875,78.9241716199976,"High","Above average - more cases than typical at this point",0.690891681067498,"Normal",37.7246256191386,"Average - typical case load at this point","Sri Lanka"
"LKA",6,7,1.45272450640784,8700,2.51309300906251,31185.8749999999,8700,31185.875,0.505422421464096,0.126025019159292,2026,"Estimates",2026-07-01,6854,0,NA,1,NA,FALSE,"no_lookup_match",NA,2,"2026/2027","Unobserved",38288,46156,93019,121163,6854.37476705476,75754,"South Asia","Sri Lanka",2.51309300906251,31185.8749999999,70.7157367173261,"Normal","Average - typical case load at this point",0.361008278446826,"Normal",37.7246256191386,"Average - typical case load at this point","Sri Lanka"
"LKA",7,8,2.22931747150319,4748.75,2.52760592980915,35934.625,4748.75,35934.625,0.58424438356522,0.0788219621011243,2026,"SEARO",2026-08-01,NA,0,NA,0,NA,FALSE,"no_lookup_match",NA,2,"2026/2027","Unobserved",38288,46156,93019,121163,NA,75754,"South Asia","Sri Lanka",2.52760592980915,35934.625,62.2536287544823,"Normal","Average - typical case load at this point",0.104115988777445,"Normal",37.7246256191386,"Average - typical case load at this point","Sri Lanka"
"LKA",8,9,3.70018545929503,2972,2.63917804231037,38906.6250000001,2972,38906.625,0.637202935361132,0.0529585517959123,2026,"SEARO",2026-09-01,NA,0,NA,-1,NA,FALSE,"no_lookup_match",NA,2,"2026/2027","Unobserved",38288,46156,93019,121163,NA,75754,"South Asia","Sri Lanka",2.63917804231037,38906.6250000001,57.18225171513,"Normal","Average - typical case load at this point",-0.0258299474727369,"Normal",37.7246256191386,"Average - typical case load at this point","Sri Lanka"
"LKA",9,10,2.92995280395351,3361.93749999999,2.7264507879414,42268.5624999999,3361.9375,42268.5625,0.69464736936204,0.0574444340009073,2026,"SEARO",2026-10-01,NA,0,NA,-2,NA,FALSE,"no_lookup_match",NA,2,"2026/2027","Unobserved",38288,46156,93019,121163,NA,75754,"South Asia","Sri Lanka",2.7264507879414,42268.5624999999,51.7645032362409,"Normal","Average - typical case load at this point",-0.155493340740618,"Normal",37.7246256191386,"Average - typical case load at this point","Sri Lanka"
"LKA",10,11,2.28240505981242,4265.25,2.82015330944318,46533.8124999999,4265.25,46533.8125,0.766384833423163,0.0717374640611237,2026,"SEARO",2026-11-01,NA,0,NA,-3,NA,FALSE,"no_lookup_match",NA,2,"2026/2027","Unobserved",38288,46156,93019,121163,NA,75754,"South Asia","Sri Lanka",2.82015330944318,46533.8124999999,45.4477207839818,"Normal","Average - typical case load at this point",-0.297569228516469,"Normal",37.7246256191386,"Average - typical case load at this point","Sri Lanka"
"LKA",11,12,2.28376279500718,5627.125,3.01380901909274,52160.9375,5627.125,52160.9375,0.865950923788861,0.0995660903656975,2026,"SEARO",2026-12-01,NA,0,NA,-4,NA,FALSE,"no_lookup_match",NA,2,"2026/2027","Unobserved",38288,46156,93019,121163,NA,75754,"South Asia","Sri Lanka",3.01380901909274,52160.9375,37.7246256191386,"Normal","Average - typical case load at this point",-0.461709020097159,"Normal",37.7246256191386,"Average - typical case load at this point","Sri Lanka"
"MAF",8,1,0.792820820760834,104.857142857143,1.01464255597164,521,104.857142857143,521,0.676773170096756,0.128085897953449,2025,"PAHO",2025-01-01,53,53,NA,79,NA,FALSE,"no_lookup_match","current_month_missing",6,"2024/2025","Observed",53,53,154,390,NA,154,"Caribbean","Saint Martin",1.01464255597164,521,9.58682975562636,"Low","Below average - fewer cases than typical at this point",-0.903945371920467,"Low",21.7818212723546,"Below average - fewer cases than typical at this point","Saint Martin"
"MAF",9,2,0.76915457209978,89.5714285714286,1.04460514972645,610.571428571428,89.5714285714286,610.571428571429,0.784608827508575,0.107835657411819,2025,"PAHO",2025-02-01,17,17,NA,75,NA,FALSE,"no_lookup_match","current_month_missing",6,"2024/2025","Observed",70,70,154,390,NA,154,"Caribbean","Saint Martin",1.04460514972645,610.571428571428,10.1917733205561,"Low","Below average - fewer cases than typical at this point",-0.904110470900612,"Low",21.7818212723546,"Below average - fewer cases than typical at this point","Saint Martin"
"MAF",10,3,0.645216872356217,51.0714285714285,1.04171585960181,661.642857142856,51.0714285714286,661.642857142857,0.842671191898835,0.0580623643902605,2025,"PAHO",2025-03-01,18,18,NA,70,NA,FALSE,"no_lookup_match","current_month_missing",6,"2024/2025","Observed",88,88,154,390,NA,154,"Caribbean","Saint Martin",1.04171585960181,661.642857142856,11.8053330064221,"Low","Below average - fewer cases than typical at this point",-0.884200963554701,"Low",21.7818212723546,"Below average - fewer cases than typical at this point","Saint Martin"
"MAF",11,4,0.651776341725401,38.7857142857142,1.07679318663396,700.428571428571,38.7857142857143,700.428571428571,0.904696501369141,0.0620253094703059,2025,"PAHO",2025-04-01,32,32,NA,66,NA,FALSE,"no_lookup_match","current_month_missing",6,"2024/2025","Observed",120,120,154,390,NA,154,"Caribbean","Saint Martin",1.07679318663396,700.428571428571,14.3574741459072,"Low","Below average - fewer cases than typical at this point",-0.859245975875018,"Low",21.7818212723546,"Below average - fewer cases than typical at this point","Saint Martin"
"MAF",12,5,0.659813220384339,60.2142857142857,1.11503660552734,760.642857142856,60.2142857142857,760.642857142857,1,0.0953034986308586,2025,"PAHO",2025-05-01,34,34,NA,62,NA,FALSE,"no_lookup_match","current_month_missing",6,"2024/2025","Observed",154,154,154,390,NA,154,"Caribbean","Saint Martin",1.11503660552734,760.642857142856,16.1507609954325,"Low","Below average - fewer cases than typical at this point",-0.841547770202641,"Low",21.7818212723546,"Below average - fewer cases than typical at this point","Saint Martin"
"MAF",1,6,0.886649271703714,52.7857142857143,0.886649271703714,52.7857142857143,52.7857142857143,52.7857142857143,0.0783264742011549,0.0783264742011549,2025,"PAHO",2025-06-01,30,30,NA,59,NA,FALSE,"no_lookup_match","current_month_missing",6,"2025/2026","Observed",30,184,68,390,NA,95,"Caribbean","Saint Martin",0.886649271703714,52.7857142857143,46.0803474570189,"Normal","Average - typical case load at this point",-0.4030927773898,"Low",21.7818212723546,"Below average - fewer cases than typical at this point","Saint Martin"
"MAF",2,7,0.921135279683278,25.5714285714286,0.91204137022801,78.3571428571429,25.5714285714286,78.3571428571429,0.116800677459286,0.0384742032581314,2025,"Estimates",2025-07-01,6,NA,NA,NA,NA,NA,NA,"current_month_missing",6,"2025/2026","Unobserved",36,190,68,390,5.92502730175224,95,"Caribbean","Saint Martin",0.91204137022801,78.3571428571429,39.2096237250334,"Normal","Average - typical case load at this point",-0.513265929139118,"Low",21.7818212723546,"Below average - fewer cases than typical at this point","Saint Martin"
"MAF",3,8,0.469521170166653,32.2857142857142,0.842369157513992,110.642857142857,32.2857142857143,110.642857142857,0.154994104704511,0.038193427245225,2025,"Estimates",2025-08-01,6,NA,NA,NA,NA,NA,NA,"current_month_missing",6,"2025/2026","Unobserved",42,196,68,390,5.88178779576465,95,"Caribbean","Saint Martin",0.842369157513992,110.642857142857,35.6560119374963,"Normal","Average - typical case load at this point",-0.567252253265953,"Low",21.7818212723546,"Below average - fewer cases than typical at this point","Saint Martin"
"MAF",4,9,0.823232204527585,37.2857142857143,0.844579948910748,147.928571428572,37.2857142857143,147.928571428571,0.203786542077302,0.0487924373727909,2025,"WHO",2025-09-01,20,20,20,10,1,TRUE,"applied_mean",NA,6,"2025/2026","Observed",62,216,68,390,NA,95,"Caribbean","Saint Martin",0.844579948910748,147.928571428572,37.9902515554357,"Normal","Average - typical case load at this point",-0.532316174078988,"Low",21.7818212723546,"Below average - fewer cases than typical at this point","Saint Martin"
"MAF",5,10,0.976499267766485,68.4999999999999,0.910401773803955,216.428571428571,68.5,216.428571428571,0.304337657177829,0.100551115100527,2025,"Estimates",2025-10-01,15,NA,NA,NA,NA,NA,NA,"current_month_missing",6,"2025/2026","Unobserved",77,231,68,390,15.4848717254811,95,"Caribbean","Saint Martin",0.910401773803955,216.428571428571,32.202360942355,"Normal","Average - typical case load at this point",-0.613397813220192,"Low",21.7818212723546,"Below average - fewer cases than typical at this point","Saint Martin"
"MAF",6,11,0.687936558611644,124.285714285714,0.863317206601237,340.714285714285,124.285714285714,340.714285714286,0.447820802102719,0.14348314492489,2025,"WHO",2025-11-01,5,5,5,8,1,TRUE,"applied_mean",NA,6,"2025/2026","Observed",82,236,68,390,NA,95,"Caribbean","Saint Martin",0.863317206601237,340.714285714285,24.8673603358977,"Low","Below average - fewer cases than typical at this point",-0.704637486509983,"Low",21.7818212723546,"Below average - fewer cases than typical at this point","Saint Martin"
"MAF",7,12,0.838830213220164,75.4285714285714,0.882843807708384,416.142857142858,75.4285714285714,416.142857142857,0.548687272143307,0.100866470040588,2025,"PAHO",2025-12-01,5,5,NA,32,NA,FALSE,"no_lookup_match","current_month_missing",6,"2025/2026","Observed",87,241,68,390,NA,95,"Caribbean","Saint Martin",0.882843807708384,416.142857142858,21.7818212723546,"Low","Below average - fewer cases than typical at this point",-0.742375685879569,"Low",21.7818212723546,"Below average - fewer cases than typical at this point","Saint Martin"
"MAF",8,1,0.792820820760834,104.857142857143,1.01464255597164,521,104.857142857143,521,0.676773170096756,0.128085897953449,2026,"WHO",2026-01-01,0,0,0,6,1,TRUE,"applied_mean",NA,6,"2025/2026","Observed",87,0,68,8,NA,95,"Caribbean","Saint Martin",1.01464255597164,521,15.2302428109835,"Low","Below average - fewer cases than typical at this point",-0.838274126951886,"Extremely Low",3.12688160083836,"Rare good event - unusually low cases to date","Saint Martin"
"MAF",9,2,0.76915457209978,89.5714285714286,1.04460514972645,610.571428571428,89.5714285714286,610.571428571429,0.784608827508575,0.107835657411819,2026,"PAHO",2026-02-01,4,4,NA,23,NA,FALSE,"no_lookup_match","current_month_missing",6,"2025/2026","Observed",91,4,68,8,NA,95,"Caribbean","Saint Martin",1.04460514972645,610.571428571428,13.1213808668866,"Low","Below average - fewer cases than typical at this point",-0.868987786116682,"Extremely Low",3.12688160083836,"Rare good event - unusually low cases to date","Saint Martin"
"MAF",10,3,0.645216872356217,51.0714285714285,1.04171585960181,661.642857142856,51.0714285714286,661.642857142857,0.842671191898835,0.0580623643902605,2026,"WHO",2026-03-01,1,1,1,4,1,TRUE,"applied_mean",NA,6,"2025/2026","Observed",92,5,68,8,NA,95,"Caribbean","Saint Martin",1.04171585960181,661.642857142856,12.319721783925,"Low","Below average - fewer cases than typical at this point",-0.878035448181888,"Extremely Low",3.12688160083836,"Rare good event - unusually low cases to date","Saint Martin"
"MAF",11,4,0.651776341725401,38.7857142857142,1.07679318663396,700.428571428571,38.7857142857143,700.428571428571,0.904696501369141,0.0620253094703059,2026,"PAHO",2026-04-01,3,3,NA,14,NA,FALSE,"no_lookup_match","current_month_missing",6,"2025/2026","Observed",95,8,68,8,NA,95,"Caribbean","Saint Martin",1.07679318663396,700.428571428571,11.4105184382175,"Low","Below average - fewer cases than typical at this point",-0.896255093713592,"Extremely Low",3.12688160083836,"Rare good event - unusually low cases to date","Saint Martin"
"MAF",12,5,0.659813220384339,60.2142857142857,1.11503660552734,760.642857142856,60.2142857142857,760.642857142857,1,0.0953034986308586,2026,"WHO",2026-05-01,0,0,0,2,1,TRUE,"applied_mean",NA,6,"2025/2026","Observed",95,8,68,8,NA,95,"Caribbean","Saint Martin",1.11503660552734,760.642857142856,9.89788426262685,"Low","Below average - fewer cases than typical at this point",-0.923393814967434,"Extremely Low",3.12688160083836,"Rare good event - unusually low cases to date","Saint Martin"
"MAF",1,6,0.886649271703714,52.7857142857143,0.886649271703714,52.7857142857143,52.7857142857143,52.7857142857143,0.0783264742011549,0.0783264742011549,2026,"Estimates",2026-06-01,5,NA,NA,1,NA,FALSE,"no_lookup_match",NA,6,"2026/2027","Unobserved",5,13,NA,8,5.32620024567854,68,"Caribbean","Saint Martin",0.886649271703714,52.7857142857143,12.8389728891002,"Low","Below average - fewer cases than typical at this point",-0.845357580168577,"Extremely Low",3.12688160083836,"Rare good event - unusually low cases to date","Saint Martin"
"MAF",2,7,0.921135279683278,25.5714285714286,0.91204137022801,78.3571428571429,25.5714285714286,78.3571428571429,0.116800677459286,0.0384742032581314,2026,"Estimates",2026-07-01,3,NA,NA,NA,NA,NA,NA,NA,6,"2026/2027","Unobserved",8,16,NA,8,2.61624582155294,68,"Caribbean","Saint Martin",0.91204137022801,78.3571428571429,12.4720575389175,"Low","Below average - fewer cases than typical at this point",-0.852558077912362,"Extremely Low",3.12688160083836,"Rare good event - unusually low cases to date","Saint Martin"
"MAF",3,8,0.469521170166653,32.2857142857142,0.842369157513992,110.642857142857,32.2857142857143,110.642857142857,0.154994104704511,0.038193427245225,2026,NA,2026-08-01,NA,NA,NA,NA,NA,NA,NA,NA,6,"2026/2027","Unobserved",8,16,NA,8,NA,68,"Caribbean","Saint Martin",0.842369157513992,110.642857142857,10.6359231749631,"Low","Below average - fewer cases than typical at this point",-0.848222151865946,"Extremely Low",3.12688160083836,"Rare good event - unusually low cases to date","Saint Martin"
"MAF",4,9,0.823232204527585,37.2857142857143,0.844579948910748,147.928571428572,37.2857142857143,147.928571428571,0.203786542077302,0.0487924373727909,2026,NA,2026-09-01,NA,NA,NA,NA,NA,NA,NA,NA,6,"2026/2027","Unobserved",8,16,NA,8,NA,68,"Caribbean","Saint Martin",0.844579948910748,147.928571428572,8.35622952681594,"Low","Below average - fewer cases than typical at this point",-0.866839056542591,"Extremely Low",3.12688160083836,"Rare good event - unusually low cases to date","Saint Martin"
"MAF",5,10,0.976499267766485,68.4999999999999,0.910401773803955,216.428571428571,68.5,216.428571428571,0.304337657177829,0.100551115100527,2026,NA,2026-10-01,NA,NA,NA,NA,NA,NA,NA,NA,6,"2026/2027","Unobserved",8,16,NA,8,NA,68,"Caribbean","Saint Martin",0.910401773803955,216.428571428571,5.132619937511,"Low","Below average - fewer cases than typical at this point",-0.916954313000267,"Extremely Low",3.12688160083836,"Rare good event - unusually low cases to date","Saint Martin"
"MAF",6,11,0.687936558611644,124.285714285714,0.863317206601237,340.714285714285,124.285714285714,340.714285714286,0.447820802102719,0.14348314492489,2026,NA,2026-11-01,NA,NA,NA,NA,NA,NA,NA,NA,6,"2026/2027","Unobserved",8,16,NA,8,NA,68,"Caribbean","Saint Martin",0.863317206601237,340.714285714285,3.95397489495321,"Extremely Low","Rare good event - unusually low cases to date",-0.906184818377554,"Extremely Low",3.12688160083836,"Rare good event - unusually low cases to date","Saint Martin"
"MAF",7,12,0.838830213220164,75.4285714285714,0.882843807708384,416.142857142858,75.4285714285714,416.142857142857,0.548687272143307,0.100866470040588,2026,NA,2026-12-01,NA,NA,NA,NA,NA,NA,NA,NA,6,"2026/2027","Unobserved",8,16,NA,8,NA,68,"Caribbean","Saint Martin",0.882843807708384,416.142857142858,3.12688160083836,"Extremely Low","Rare good event - unusually low cases to date",-0.920558738957435,"Extremely Low",3.12688160083836,"Rare good event - unusually low cases to date","Saint Martin"
"MDV",12,1,1.45481500807334,198.1875,3.05812058828241,2221.0625,198.1875,2221.0625,1,0.125720503133019,2025,"SEARO",2025-01-01,72,72,NA,19,NA,FALSE,"no_lookup_match",NA,2,"2024/2025","Observed",72,72,72,2805,NA,72,"South Asia","Maldives",3.05812058828241,2221.0625,0.0132719420397903,"Extremely Low","Rare good event - unusually low cases to date",-1.69089558894711,"Normal",68.1696322053718,"Average - typical case load at this point","Maldives"
"MDV",1,2,1.88632522939321,105,1.88632522939321,105,105,105,0.0480501982928266,0.0480501982928266,2025,"SEARO",2025-02-01,74,74,NA,18,NA,FALSE,"no_lookup_match",NA,2,"2025/2026","Observed",74,146,3011,2805,NA,3011,"South Asia","Maldives",1.88632522939321,105,42.4471236620274,"Normal","Average - typical case load at this point",-0.401896531319489,"Normal",68.1696322053718,"Average - typical case load at this point","Maldives"
"MDV",2,3,2.10441924737671,110.875,2.01232676528985,215.875,110.875,215.875,0.100262565976722,0.0522123676838951,2025,"SEARO",2025-03-01,69,69,NA,17,NA,FALSE,"no_lookup_match",NA,2,"2025/2026","Observed",143,215,3011,2805,NA,3011,"South Asia","Maldives",2.01232676528985,215.875,38.3755040929252,"Normal","Average - typical case load at this point",-0.47666214060416,"Normal",68.1696322053718,"Average - typical case load at this point","Maldives"
"MDV",3,4,1.71500443960502,144.5,2.08670948245382,360.375,144.5,360.375,0.162994309147874,0.0627317431711523,2025,"SEARO",2025-04-01,120,120,NA,16,NA,FALSE,"no_lookup_match",NA,2,"2025/2026","Observed",263,335,3011,2805,NA,3011,"South Asia","Maldives",2.08670948245382,360.375,42.4478361609939,"Normal","Average - typical case load at this point",-0.389197525677308,"Normal",68.1696322053718,"Average - typical case load at this point","Maldives"
"MDV",4,5,1.42054669252092,201.3125,1.9693231023201,561.687499999999,201.3125,561.6875,0.247027609675341,0.0840333005274667,2025,"SEARO",2025-05-01,116,116,NA,15,NA,FALSE,"no_lookup_match",NA,2,"2025/2026","Observed",379,451,3011,2805,NA,3011,"South Asia","Maldives",1.9693231023201,561.687499999999,39.3903504953939,"Normal","Average - typical case load at this point",-0.455630257249356,"Normal",68.1696322053718,"Average - typical case load at this point","Maldives"
"MDV",5,6,1.46817521056211,277.125,1.93098766718829,838.812500000001,277.125,838.8125,0.360220719994863,0.113193110319522,2025,"SEARO",2025-06-01,165,165,NA,14,NA,FALSE,"no_lookup_match",NA,2,"2025/2026","Observed",544,616,3011,2805,NA,3011,"South Asia","Maldives",1.93098766718829,838.812500000001,37.8263160615999,"Normal","Average - typical case load at this point",-0.487833298188768,"Normal",68.1696322053718,"Average - typical case load at this point","Maldives"
"MDV",6,7,2.03352987849968,300.5,2.10018526356306,1139.3125,300.5,1139.3125,0.492817739137757,0.132597019142894,2025,"SEARO",2025-07-01,168,168,NA,13,NA,FALSE,"no_lookup_match",NA,2,"2025/2026","Observed",712,784,3011,2805,NA,3011,"South Asia","Maldives",2.10018526356306,1139.3125,34.8020947811159,"Normal","Average - typical case load at this point",-0.54303975174752,"Normal",68.1696322053718,"Average - typical case load at this point","Maldives"
"MDV",7,8,2.28779033133281,207.75,2.22208064736564,1347.0625,207.75,1347.0625,0.585216513472557,0.0923987743348002,2025,"SEARO",2025-08-01,256,256,NA,12,NA,FALSE,"no_lookup_match",NA,2,"2025/2026","Observed",968,1040,3011,2805,NA,3011,"South Asia","Maldives",2.22208064736564,1347.0625,40.7142577484208,"Normal","Average - typical case load at this point",-0.419126459967421,"Normal",68.1696322053718,"Average - typical case load at this point","Maldives"
"MDV",8,9,2.19860484653026,166.4375,2.28127428225891,1513.5,166.4375,1513.5,0.658466958992694,0.0732504455201364,2025,"SEARO",2025-09-01,252,252,NA,11,NA,FALSE,"no_lookup_match",NA,2,"2025/2026","Observed",1220,1292,3011,2805,NA,3011,"South Asia","Maldives",2.28127428225891,1513.5,46.5173446849279,"Normal","Average - typical case load at this point",-0.292676178935606,"Normal",68.1696322053718,"Average - typical case load at this point","Maldives"
"MDV",9,10,1.44746297800032,200.25,2.29540755688019,1713.75,200.25,1713.75,0.742904368210831,0.0844374092181376,2025,"SEARO",2025-10-01,373,373,NA,10,NA,FALSE,"no_lookup_match",NA,2,"2025/2026","Observed",1593,1665,3011,2805,NA,3011,"South Asia","Maldives",2.29540755688019,1713.75,54.547250250883,"Normal","Average - typical case load at this point",-0.106678996412135,"Normal",68.1696322053718,"Average - typical case load at this point","Maldives"
"MDV",10,11,1.58916333627456,158,2.31894486420424,1871.75,158,1871.75,0.810606053870275,0.0677016856594432,2025,"SEARO",2025-11-01,376,376,NA,9,NA,FALSE,"no_lookup_match",NA,2,"2025/2026","Observed",1969,2041,3011,2805,NA,3011,"South Asia","Maldives",2.31894486420424,1871.75,61.7120884643953,"Normal","Average - typical case load at this point",0.0790711615334314,"Normal",68.1696322053718,"Average - typical case load at this point","Maldives"
"MDV",11,12,1.60296032292612,151.125,2.3184122920982,2022.875,151.125,2022.875,0.874279496866981,0.0636734429967068,2025,"SEARO",2025-12-01,411,411,NA,8,NA,FALSE,"no_lookup_match",NA,2,"2025/2026","Observed",2380,2452,3011,2805,NA,3011,"South Asia","Maldives",2.3184122920982,2022.875,68.1696322053718,"Normal","Average - typical case load at this point",0.268656784331213,"Normal",68.1696322053718,"Average - typical case load at this point","Maldives"
"MDV",12,1,1.45481500807334,198.1875,3.05812058828241,2221.0625,198.1875,2221.0625,1,0.125720503133019,2026,"SEARO",2026-01-01,631,631,NA,7,NA,FALSE,"no_lookup_match",NA,2,"2025/2026","Observed",3011,631,3011,13761,NA,3011,"South Asia","Maldives",3.05812058828241,2221.0625,77.2603382933644,"High","Above average - more cases than typical at this point",0.6215276820911,"Normal",73.1795016549193,"Average - typical case load at this point","Maldives"
"MDV",1,2,1.88632522939321,105,1.88632522939321,105,105,105,0.0480501982928266,0.0480501982928266,2026,"SEARO",2026-02-01,420,420,NA,6,NA,FALSE,"no_lookup_match",NA,2,"2026/2027","Observed",420,1051,9890,13761,NA,5286,"South Asia","Maldives",1.88632522939321,105,99.6165254815041,"Extremely High","Rare bad event - unusually high cases to date",4.08378733437546,"Normal",73.1795016549193,"Average - typical case load at this point","Maldives"
"MDV",2,3,2.10441924737671,110.875,2.01232676528985,215.875,110.875,215.875,0.100262565976722,0.0522123676838951,2026,"SEARO",2026-03-01,591,591,NA,5,NA,FALSE,"no_lookup_match",NA,2,"2026/2027","Observed",1011,1642,9890,13761,NA,5286,"South Asia","Maldives",2.01232676528985,215.875,99.911474799785,"Extremely High","Rare bad event - unusually high cases to date",5.20076822707213,"Normal",73.1795016549193,"Average - typical case load at this point","Maldives"
"MDV",3,4,1.71500443960502,144.5,2.08670948245382,360.375,144.5,360.375,0.162994309147874,0.0627317431711523,2026,"SEARO",2026-04-01,601,601,NA,4,NA,FALSE,"no_lookup_match",NA,2,"2026/2027","Observed",1612,2243,9890,13761,NA,5286,"South Asia","Maldives",2.08670948245382,360.375,99.8906802581329,"Extremely High","Rare bad event - unusually high cases to date",5.00261209834004,"Normal",73.1795016549193,"Average - typical case load at this point","Maldives"
"MDV",4,5,1.42054669252092,201.3125,1.9693231023201,561.687499999999,201.3125,561.6875,0.247027609675341,0.0840333005274667,2026,"Estimates",2026-05-01,253,0,NA,3,NA,FALSE,"no_lookup_match",NA,2,"2026/2027","Unobserved",1865,2496,9890,13761,253.024267888202,5286,"South Asia","Maldives",1.9693231023201,561.687499999999,98.9568100711879,"Extremely High","Rare bad event - unusually high cases to date",3.25051582429725,"Normal",73.1795016549193,"Average - typical case load at this point","Maldives"
"MDV",5,6,1.46817521056211,277.125,1.93098766718829,838.812500000001,277.125,838.8125,0.360220719994863,0.113193110319522,2026,"Estimates",2026-06-01,341,0,NA,2,NA,FALSE,"no_lookup_match",NA,2,"2026/2027","Unobserved",2206,2837,9890,13761,340.824455172082,5286,"South Asia","Maldives",1.93098766718829,838.812500000001,96.5583817810326,"Extremely High","Rare bad event - unusually high cases to date",2.26231787107892,"Normal",73.1795016549193,"Average - typical case load at this point","Maldives"
"MDV",6,7,2.03352987849968,300.5,2.10018526356306,1139.3125,300.5,1139.3125,0.492817739137757,0.132597019142894,2026,"Estimates",2026-07-01,399,0,NA,1,NA,FALSE,"no_lookup_match",NA,2,"2026/2027","Unobserved",2605,3236,9890,13761,399.249624639254,5286,"South Asia","Maldives",2.10018526356306,1139.3125,94.5546154186326,"High","Above average - more cases than typical at this point",1.86263349688916,"Normal",73.1795016549193,"Average - typical case load at this point","Maldives"
"MDV",7,8,2.28779033133281,207.75,2.22208064736564,1347.0625,207.75,1347.0625,0.585216513472557,0.0923987743348002,2026,"SEARO",2026-08-01,NA,0,NA,0,NA,FALSE,"no_lookup_match",NA,2,"2026/2027","Unobserved",2605,3236,9890,13761,NA,5286,"South Asia","Maldives",2.22208064736564,1347.0625,90.592626174257,"High","Above average - more cases than typical at this point",1.39089171636674,"Normal",73.1795016549193,"Average - typical case load at this point","Maldives"
"MDV",8,9,2.19860484653026,166.4375,2.28127428225891,1513.5,166.4375,1513.5,0.658466958992694,0.0732504455201364,2026,"SEARO",2026-09-01,NA,0,NA,-1,NA,FALSE,"no_lookup_match",NA,2,"2026/2027","Unobserved",2605,3236,9890,13761,NA,5286,"South Asia","Maldives",2.28127428225891,1513.5,86.7230589080129,"High","Above average - more cases than typical at this point",1.088436283844,"Normal",73.1795016549193,"Average - typical case load at this point","Maldives"
"MDV",9,10,1.44746297800032,200.25,2.29540755688019,1713.75,200.25,1713.75,0.742904368210831,0.0844374092181376,2026,"SEARO",2026-10-01,NA,0,NA,-2,NA,FALSE,"no_lookup_match",NA,2,"2026/2027","Unobserved",2605,3236,9890,13761,NA,5286,"South Asia","Maldives",2.29540755688019,1713.75,81.4831647093922,"High","Above average - more cases than typical at this point",0.787392592565762,"Normal",73.1795016549193,"Average - typical case load at this point","Maldives"
"MDV",10,11,1.58916333627456,158,2.31894486420424,1871.75,158,1871.75,0.810606053870275,0.0677016856594432,2026,"SEARO",2026-11-01,NA,0,NA,-3,NA,FALSE,"no_lookup_match",NA,2,"2026/2027","Unobserved",2605,3236,9890,13761,NA,5286,"South Asia","Maldives",2.31894486420424,1871.75,77.2565140541029,"High","Above average - more cases than typical at this point",0.596184361896013,"Normal",73.1795016549193,"Average - typical case load at this point","Maldives"
"MDV",11,12,1.60296032292612,151.125,2.3184122920982,2022.875,151.125,2022.875,0.874279496866981,0.0636734429967068,2026,"SEARO",2026-12-01,NA,0,NA,-4,NA,FALSE,"no_lookup_match",NA,2,"2026/2027","Unobserved",2605,3236,9890,13761,NA,5286,"South Asia","Maldives",2.3184122920982,2022.875,73.1795016549193,"Normal","Average - typical case load at this point",0.437919021571738,"Normal",73.1795016549193,"Average - typical case load at this point","Maldives"
"MEX",12,1,1.89554645045465,5399.5625,2.16245185605798,164131,5399.5625,164131,1,0.0359641624829545,2025,"PAHO",2025-01-01,11125,11125,NA,79,NA,FALSE,"no_lookup_match","current_month_missing",2,"2024/2025","Observed",11125,11125,11125,150619,NA,11125,"North & Central America","Mexico",2.16245185605798,164131,0.609709440172094,"Extremely Low","Rare good event - unusually low cases to date",-1.3708445469808,"Normal",49.7234424094056,"Average - typical case load at this point","Mexico"
"MEX",1,2,2.13611442516234,4487.25,2.13611442516234,4487.25,4487.25,4487.25,0.0311066520424616,0.0311066520424616,2025,"PAHO",2025-02-01,8287,8287,NA,75,NA,FALSE,"no_lookup_match","current_month_missing",2,"2025/2026","Observed",8287,19412,140318,150619,NA,140318,"North & Central America","Mexico",2.13611442516234,4487.25,88.800923140956,"High","Above average - more cases than typical at this point",1.2373246569691,"Normal",49.7234424094056,"Average - typical case load at this point","Mexico"
"MEX",2,3,2.31100672062842,4627.37500000001,2.25979622740268,9114.62499999999,4627.375,9114.625,0.0620279268811083,0.0309212748386467,2025,"PAHO",2025-03-01,9680,9680,NA,70,NA,FALSE,"no_lookup_match","current_month_missing",2,"2025/2026","Observed",17967,29092,140318,150619,NA,140318,"North & Central America","Mexico",2.25979622740268,9114.62499999999,91.3071110736203,"High","Above average - more cases than typical at this point",1.45982839396941,"Normal",49.7234424094056,"Average - typical case load at this point","Mexico"
"MEX",3,4,2.62718131253342,4321.4375,2.48850450603019,13436.0625,4321.4375,13436.0625,0.0913580718168218,0.0293301449357135,2025,"PAHO",2025-04-01,6002,6002,NA,66,NA,FALSE,"no_lookup_match","current_month_missing",2,"2025/2026","Observed",23969,35094,140318,150619,NA,140318,"North & Central America","Mexico",2.48850450603019,13436.0625,88.7325560821908,"High","Above average - more cases than typical at this point",1.23653522700666,"Normal",49.7234424094056,"Average - typical case load at this point","Mexico"
"MEX",4,5,3.02911157422824,5973.125,2.7464333760212,19409.1875,5973.125,19409.1875,0.132853289088819,0.0414952172719972,2025,"PAHO",2025-05-01,7905,7905,NA,62,NA,FALSE,"no_lookup_match","current_month_missing",2,"2025/2026","Observed",31874,42999,140318,150619,NA,140318,"North & Central America","Mexico",2.7464333760212,19409.1875,86.2109460624863,"High","Above average - more cases than typical at this point",1.06422193034171,"Normal",49.7234424094056,"Average - typical case load at this point","Mexico"
"MEX",5,6,2.06033596602064,10246.75,2.55011835667392,29655.9375,10246.75,29655.9375,0.196132328392684,0.0632790393038648,2025,"PAHO",2025-06-01,12409,12409,NA,57,NA,FALSE,"no_lookup_match","current_month_missing",2,"2025/2026","Observed",44283,55408,140318,150619,NA,140318,"North & Central America","Mexico",2.55011835667392,29655.9375,81.305199792128,"High","Above average - more cases than typical at this point",0.787602264904377,"Normal",49.7234424094056,"Average - typical case load at this point","Mexico"
"MEX",6,7,2.10551676749999,14021.9375,2.44383969899388,43677.8750000001,14021.9375,43677.875,0.282303317840666,0.0861709894479823,2025,"PAHO",2025-07-01,11822,11822,NA,53,NA,FALSE,"no_lookup_match","current_month_missing",2,"2025/2026","Observed",56105,67230,140318,150619,NA,140318,"North & Central America","Mexico",2.44383969899388,43677.8750000001,73.2016554336674,"Normal","Average - typical case load at this point",0.444767836970599,"Normal",49.7234424094056,"Average - typical case load at this point","Mexico"
"MEX",7,8,1.65024485515847,21118.6875,2.18952681795122,64796.5624999999,21118.6875,64796.5625,0.402808126207811,0.120504808367145,2025,"PAHO",2025-08-01,13638,13638,NA,49,1,TRUE,"applied_mean","previous_month_missing",2,"2025/2026","Observed",69743,80868,140318,150619,NA,140318,"North & Central America","Mexico",2.18952681795122,64796.5624999999,63.1593737956254,"Normal","Average - typical case load at this point",0.112955753273253,"Normal",49.7234424094056,"Average - typical case load at this point","Mexico"
"MEX",8,9,1.40767848538648,31406.1875,1.97438717464002,96202.7500000002,31406.1875,96202.75,0.573331169374682,0.170523043166871,2025,"PAHO",2025-09-01,21031,21031,21031,44,1,TRUE,"applied_mean","not_missing",2,"2025/2026","Observed",90774,101899,140318,150619,NA,140318,"North & Central America","Mexico",1.97438717464002,96202.7500000002,56.3409598172425,"Normal","Average - typical case load at this point",-0.0792910300610794,"Normal",49.7234424094056,"Average - typical case load at this point","Mexico"
"MEX",9,10,2.23173502994672,33039.1875,2.06572987592167,129241.9375,33039.1875,129241.9375,0.778385973581075,0.205054804206393,2025,"PAHO",2025-10-01,21250,21250,21250,40,1,TRUE,"applied_mean","not_missing",2,"2025/2026","Observed",112024,123149,140318,150619,NA,140318,"North & Central America","Mexico",2.06572987592167,129241.9375,51.4270778383224,"Normal","Average - typical case load at this point",-0.191474507698278,"Normal",49.7234424094056,"Average - typical case load at this point","Mexico"
"MEX",10,11,2.50383136744417,20915,2.13645666510585,150156.9375,20915,150156.9375,0.912368841278732,0.133982867697657,2025,"PAHO",2025-11-01,14725,14725,14725,36,1,TRUE,"applied_mean","not_missing",2,"2025/2026","Observed",126749,137874,140318,150619,NA,140318,"North & Central America","Mexico",2.13645666510585,150156.9375,49.6821641058545,"Normal","Average - typical case load at this point",-0.227856646645176,"Normal",49.7234424094056,"Average - typical case load at this point","Mexico"
"MEX",11,12,1.79617831384063,8574.50000000002,2.13541378666975,158731.4375,8574.5,158731.4375,0.964035837517045,0.0516669962383139,2025,"PAHO",2025-12-01,7328,7377,7328,31,0.99966176069811,TRUE,"applied_mean","not_missing",2,"2025/2026","Observed",134077,145202,140318,150619,NA,140318,"North & Central America","Mexico",2.13541378666975,158731.4375,49.7234424094056,"Normal","Average - typical case load at this point",-0.226970936170025,"Normal",49.7234424094056,"Average - typical case load at this point","Mexico"
"MEX",12,1,1.89554645045465,5399.5625,2.16245185605798,164131,5399.5625,164131,1,0.0359641624829545,2026,"PAHO",2026-01-01,6241,6246,6241,27,0.999252622706637,TRUE,"applied_mean","not_missing",2,"2025/2026","Observed",140318,6241,140318,126258,NA,140318,"North & Central America","Mexico",2.16245185605798,164131,50.2660802750217,"Normal","Average - typical case load at this point",-0.213350595383538,"Extremely Low",4.6543884540002,"Rare good event - unusually low cases to date","Mexico"
"MEX",1,2,2.13611442516234,4487.25,2.13611442516234,4487.25,4487.25,4487.25,0.0311066520424616,0.0311066520424616,2026,"PAHO",2026-02-01,4840,4850,4840,23,0.998660792537315,TRUE,"applied_mean","not_missing",2,"2026/2027","Observed",4840,11081,104150,126258,NA,104150,"North & Central America","Mexico",2.13611442516234,4487.25,63.3376282437335,"Normal","Average - typical case load at this point",0.114867102505651,"Extremely Low",4.6543884540002,"Rare good event - unusually low cases to date","Mexico"
"MEX",2,3,2.31100672062842,4627.37500000001,2.25979622740268,9114.62499999999,4627.375,9114.625,0.0620279268811083,0.0309212748386467,2026,"PAHO",2026-03-01,4945,4949,4945,18,0.998806570682624,TRUE,"applied_mean","not_missing",2,"2026/2027","Observed",9785,16026,104150,126258,NA,104150,"North & Central America","Mexico",2.25979622740268,9114.62499999999,62.9434165812543,"Normal","Average - typical case load at this point",0.110550271492933,"Extremely Low",4.6543884540002,"Rare good event - unusually low cases to date","Mexico"
"MEX",3,4,2.62718131253342,4321.4375,2.48850450603019,13436.0625,4321.4375,13436.0625,0.0913580718168218,0.0293301449357135,2026,"PAHO",2026-04-01,4597,4601,4597,14,0.998889117313821,TRUE,"applied_mean","not_missing",2,"2026/2027","Observed",14382,20623,104150,126258,NA,104150,"North & Central America","Mexico",2.48850450603019,13436.0625,62.5663473840068,"Normal","Average - typical case load at this point",0.111050221393281,"Extremely Low",4.6543884540002,"Rare good event - unusually low cases to date","Mexico"
"MEX",4,5,3.02911157422824,5973.125,2.7464333760212,19409.1875,5973.125,19409.1875,0.132853289088819,0.0414952172719972,2026,"PAHO",2026-05-01,4966,4975,4966,10,0.998750536645482,TRUE,"applied_mean","not_missing",2,"2026/2027","Observed",19348,25589,104150,126258,NA,104150,"North & Central America","Mexico",2.7464333760212,19409.1875,57.8260477695891,"Normal","Average - typical case load at this point",-0.005224072112018,"Extremely Low",4.6543884540002,"Rare good event - unusually low cases to date","Mexico"
"MEX",5,6,2.06033596602064,10246.75,2.55011835667392,29655.9375,10246.75,29655.9375,0.196132328392684,0.0632790393038648,2026,"PAHO",2026-06-01,8006,8003,8006,5,0.999143982742989,TRUE,"applied_mean","not_missing",2,"2026/2027","Observed",27354,33595,104150,126258,NA,104150,"North & Central America","Mexico",2.55011835667392,29655.9375,53.3612190246538,"Normal","Average - typical case load at this point",-0.123949097002101,"Extremely Low",4.6543884540002,"Rare good event - unusually low cases to date","Mexico"
"MEX",6,7,2.10551676749999,14021.9375,2.44383969899388,43677.8750000001,14021.9375,43677.875,0.282303317840666,0.0861709894479823,2026,"PAHO",2026-07-01,2048,1778,2048,4,1.0067977465121,TRUE,"applied_mean","not_missing",2,"2026/2027","Observed",29402,35643,104150,126258,NA,104150,"North & Central America","Mexico",2.44383969899388,43677.8750000001,35.9643157321392,"Normal","Average - typical case load at this point",-0.510934753180061,"Extremely Low",4.6543884540002,"Rare good event - unusually low cases to date","Mexico"
"MEX",7,8,1.65024485515847,21118.6875,2.18952681795122,64796.5624999999,21118.6875,64796.5625,0.402808126207811,0.120504808367145,2026,NA,2026-08-01,NA,NA,NA,NA,NA,NA,NA,NA,2,"2026/2027","Unobserved",29402,35643,104150,126258,NA,104150,"North & Central America","Mexico",2.18952681795122,64796.5624999999,21.3381995509838,"Low","Below average - fewer cases than typical at this point",-0.808262404804403,"Extremely Low",4.6543884540002,"Rare good event - unusually low cases to date","Mexico"
"MEX",8,9,1.40767848538648,31406.1875,1.97438717464002,96202.7500000002,31406.1875,96202.75,0.573331169374682,0.170523043166871,2026,NA,2026-09-01,NA,NA,NA,NA,NA,NA,NA,NA,2,"2026/2027","Unobserved",29402,35643,104150,126258,NA,104150,"North & Central America","Mexico",1.97438717464002,96202.7500000002,12.7839206953973,"Low","Below average - fewer cases than typical at this point",-0.975675851043515,"Extremely Low",4.6543884540002,"Rare good event - unusually low cases to date","Mexico"
"MEX",9,10,2.23173502994672,33039.1875,2.06572987592167,129241.9375,33039.1875,129241.9375,0.778385973581075,0.205054804206393,2026,NA,2026-10-01,NA,NA,NA,NA,NA,NA,NA,NA,2,"2026/2027","Unobserved",29402,35643,104150,126258,NA,104150,"North & Central America","Mexico",2.06572987592167,129241.9375,7.24364405473337,"Low","Below average - fewer cases than typical at this point",-1.11028413719351,"Extremely Low",4.6543884540002,"Rare good event - unusually low cases to date","Mexico"
"MEX",10,11,2.50383136744417,20915,2.13645666510585,150156.9375,20915,150156.9375,0.912368841278732,0.133982867697657,2026,NA,2026-11-01,NA,NA,NA,NA,NA,NA,NA,NA,2,"2026/2027","Unobserved",29402,35643,104150,126258,NA,104150,"North & Central America","Mexico",2.13645666510585,150156.9375,5.15745652907484,"Low","Below average - fewer cases than typical at this point",-1.17544807715751,"Extremely Low",4.6543884540002,"Rare good event - unusually low cases to date","Mexico"
"MEX",11,12,1.79617831384063,8574.50000000002,2.13541378666975,158731.4375,8574.5,158731.4375,0.964035837517045,0.0516669962383139,2026,NA,2026-12-01,NA,NA,NA,NA,NA,NA,NA,NA,2,"2026/2027","Unobserved",29402,35643,104150,126258,NA,104150,"North & Central America","Mexico",2.13541378666975,158731.4375,4.6543884540002,"Extremely Low","Rare good event - unusually low cases to date",-1.19061826106224,"Extremely Low",4.6543884540002,"Rare good event - unusually low cases to date","Mexico"
"MHL",8,1,0.333824186852444,185.4,1.40810742073851,693.2,185.4,693.2,0.761258968088342,0.113132026761582,2025,"WHO",2025-01-01,0,0,NA,18,NA,FALSE,"no_lookup_match",NA,6,"2024/2025","Observed",0,0,0,0,NA,0,"Pacific Islands","Marshall Islands",1.40810742073851,693.2,0.0161369029512397,"Extremely Low","Rare good event - unusually low cases to date",-1.18543363783153,"Unknown",0.00482888646526229,"Cannot determine","Marshall Islands"
"MHL",9,2,0.243760423615117,147.6,1.39837335820921,840.799999999999,147.6,840.8,0.854820523549553,0.0935615554612101,2025,"WHO",2025-02-01,0,0,NA,17,NA,FALSE,"no_lookup_match",NA,6,"2024/2025","Observed",0,0,0,0,NA,0,"Pacific Islands","Marshall Islands",1.39837335820921,840.799999999999,0.0129662372757215,"Extremely Low","Rare good event - unusually low cases to date",-1.18154624131808,"Unknown",0.00482888646526229,"Cannot determine","Marshall Islands"
"MHL",10,3,0.437574788674764,86.9999999999999,1.54278860529401,927.799999999998,87,927.8,0.951620816998461,0.0968002934489081,2025,"WHO",2025-03-01,0,0,NA,16,NA,FALSE,"no_lookup_match",NA,6,"2024/2025","Observed",0,0,0,0,NA,0,"Pacific Islands","Marshall Islands",1.54278860529401,927.799999999998,0.00514338453469015,"Extremely Low","Rare good event - unusually low cases to date",-1.24105900105753,"Unknown",0.00482888646526229,"Cannot determine","Marshall Islands"
"MHL",11,4,0.352926557784839,27.4,1.54587849770416,955.199999999998,27.4,955.2,0.978655215754475,0.0270343987560141,2025,"WHO",2025-04-01,0,0,NA,15,NA,FALSE,"no_lookup_match",NA,6,"2024/2025","Observed",0,0,0,0,NA,0,"Pacific Islands","Marshall Islands",1.54587849770416,955.199999999998,0.0048360718632695,"Extremely Low","Rare good event - unusually low cases to date",-1.24232874800213,"Unknown",0.00482888646526229,"Cannot determine","Marshall Islands"
"MHL",12,5,NA,NA,1.53947710814749,978,22.8,978,1,0.0213447842455253,2025,"WHO",2025-05-01,0,0,NA,14,NA,FALSE,"no_lookup_match",NA,6,"2024/2025","Observed",0,0,0,0,NA,0,"Pacific Islands","Marshall Islands",1.53947710814749,978,0.00482888646526229,"Extremely Low","Rare good event - unusually low cases to date",-1.23978127678681,"Unknown",0.00482888646526229,"Cannot determine","Marshall Islands"
"MHL",1,6,NA,NA,NA,NA,22,22,0.0349195390958301,0.0349195390958301,2025,"WHO",2025-06-01,0,0,NA,13,NA,FALSE,"no_lookup_match",NA,6,"2025/2026","Observed",0,0,0,0,NA,0,"Pacific Islands","Marshall Islands",NA,NA,NA,"Unknown","Cannot determine",NA,"Unknown",0.00482888646526229,"Cannot determine","Marshall Islands"
"MHL",2,7,NA,NA,NA,NA,22.4,44.4,0.0670655548769595,0.0321460157811294,2025,"WHO",2025-07-01,0,0,NA,12,NA,FALSE,"no_lookup_match",NA,6,"2025/2026","Observed",0,0,0,0,NA,0,"Pacific Islands","Marshall Islands",NA,NA,NA,"Unknown","Cannot determine",NA,"Unknown",0.00482888646526229,"Cannot determine","Marshall Islands"
"MHL",3,8,NA,NA,NA,NA,31.4,75.8,0.10754146421016,0.0404759093332003,2025,"WHO",2025-08-01,0,0,NA,11,NA,FALSE,"no_lookup_match",NA,6,"2025/2026","Observed",0,0,0,0,NA,0,"Pacific Islands","Marshall Islands",NA,NA,NA,"Unknown","Cannot determine",NA,"Unknown",0.00482888646526229,"Cannot determine","Marshall Islands"
"MHL",4,9,NA,NA,NA,NA,43,118.8,0.160902966098835,0.0533615018886753,2025,"WHO",2025-09-01,0,0,NA,10,NA,FALSE,"no_lookup_match",NA,6,"2025/2026","Observed",0,0,0,0,NA,0,"Pacific Islands","Marshall Islands",NA,NA,NA,"Unknown","Cannot determine",NA,"Unknown",0.00482888646526229,"Cannot determine","Marshall Islands"
"MHL",5,10,NA,NA,NA,NA,74.2,193,0.250319898256079,0.089416932157244,2025,"WHO",2025-10-01,0,0,NA,9,NA,FALSE,"no_lookup_match",NA,6,"2025/2026","Observed",0,0,0,0,NA,0,"Pacific Islands","Marshall Islands",NA,NA,NA,"Unknown","Cannot determine",NA,"Unknown",0.00482888646526229,"Cannot determine","Marshall Islands"
"MHL",6,11,NA,NA,NA,NA,122.8,315.8,0.401835347125691,0.151515448869612,2025,"WHO",2025-11-01,0,0,NA,8,NA,FALSE,"no_lookup_match",NA,6,"2025/2026","Observed",0,0,0,0,NA,0,"Pacific Islands","Marshall Islands",NA,NA,NA,"Unknown","Cannot determine",NA,"Unknown",0.00482888646526229,"Cannot determine","Marshall Islands"
"MHL",7,12,0.612480954221535,192,NA,NA,192,507.8,0.64812694132676,0.246291594201069,2025,"WHO",2025-12-01,0,0,NA,7,NA,FALSE,"no_lookup_match",NA,6,"2025/2026","Observed",0,0,0,0,NA,0,"Pacific Islands","Marshall Islands",NA,NA,NA,"Unknown","Cannot determine",NA,"Unknown",0.00482888646526229,"Cannot determine","Marshall Islands"
"MHL",8,1,0.333824186852444,185.4,1.40810742073851,693.2,185.4,693.2,0.761258968088342,0.113132026761582,2026,"WHO",2026-01-01,0,0,NA,6,NA,FALSE,"no_lookup_match",NA,6,"2025/2026","Observed",0,0,0,0,NA,0,"Pacific Islands","Marshall Islands",1.40810742073851,693.2,0.0161369029512397,"Extremely Low","Rare good event - unusually low cases to date",-1.18543363783153,"Unknown",0.00482888646526229,"Cannot determine","Marshall Islands"
"MHL",9,2,0.243760423615117,147.6,1.39837335820921,840.799999999999,147.6,840.8,0.854820523549553,0.0935615554612101,2026,"WHO",2026-02-01,0,0,NA,5,NA,FALSE,"no_lookup_match",NA,6,"2025/2026","Observed",0,0,0,0,NA,0,"Pacific Islands","Marshall Islands",1.39837335820921,840.799999999999,0.0129662372757215,"Extremely Low","Rare good event - unusually low cases to date",-1.18154624131808,"Unknown",0.00482888646526229,"Cannot determine","Marshall Islands"
"MHL",10,3,0.437574788674764,86.9999999999999,1.54278860529401,927.799999999998,87,927.8,0.951620816998461,0.0968002934489081,2026,"WHO",2026-03-01,0,0,NA,4,NA,FALSE,"no_lookup_match",NA,6,"2025/2026","Observed",0,0,0,0,NA,0,"Pacific Islands","Marshall Islands",1.54278860529401,927.799999999998,0.00514338453469015,"Extremely Low","Rare good event - unusually low cases to date",-1.24105900105753,"Unknown",0.00482888646526229,"Cannot determine","Marshall Islands"
"MHL",11,4,0.352926557784839,27.4,1.54587849770416,955.199999999998,27.4,955.2,0.978655215754475,0.0270343987560141,2026,"WHO",2026-04-01,0,0,NA,3,NA,FALSE,"no_lookup_match",NA,6,"2025/2026","Observed",0,0,0,0,NA,0,"Pacific Islands","Marshall Islands",1.54587849770416,955.199999999998,0.0048360718632695,"Extremely Low","Rare good event - unusually low cases to date",-1.24232874800213,"Unknown",0.00482888646526229,"Cannot determine","Marshall Islands"
"MHL",12,5,NA,NA,1.53947710814749,978,22.8,978,1,0.0213447842455253,2026,"Estimates",2026-05-01,0,NA,NA,NA,NA,NA,NA,NA,6,"2025/2026","Unobserved",0,0,0,0,0,0,"Pacific Islands","Marshall Islands",1.53947710814749,978,0.00482888646526229,"Extremely Low","Rare good event - unusually low cases to date",-1.23978127678681,"Unknown",0.00482888646526229,"Cannot determine","Marshall Islands"
"MHL",1,6,NA,NA,NA,NA,22,22,0.0349195390958301,0.0349195390958301,2026,"Estimates",2026-06-01,0,NA,NA,NA,NA,NA,NA,NA,6,"2026/2027","Unobserved",0,0,NA,0,0,0,"Pacific Islands","Marshall Islands",NA,NA,NA,"Unknown","Cannot determine",NA,"Unknown",0.00482888646526229,"Cannot determine","Marshall Islands"
"MHL",2,7,NA,NA,NA,NA,22.4,44.4,0.0670655548769595,0.0321460157811294,2026,"Estimates",2026-07-01,0,NA,NA,NA,NA,NA,NA,NA,6,"2026/2027","Unobserved",0,0,NA,0,0,0,"Pacific Islands","Marshall Islands",NA,NA,NA,"Unknown","Cannot determine",NA,"Unknown",0.00482888646526229,"Cannot determine","Marshall Islands"
"MHL",3,8,NA,NA,NA,NA,31.4,75.8,0.10754146421016,0.0404759093332003,2026,NA,2026-08-01,NA,NA,NA,NA,NA,NA,NA,NA,6,"2026/2027","Unobserved",0,0,NA,0,NA,0,"Pacific Islands","Marshall Islands",NA,NA,NA,"Unknown","Cannot determine",NA,"Unknown",0.00482888646526229,"Cannot determine","Marshall Islands"
"MHL",4,9,NA,NA,NA,NA,43,118.8,0.160902966098835,0.0533615018886753,2026,NA,2026-09-01,NA,NA,NA,NA,NA,NA,NA,NA,6,"2026/2027","Unobserved",0,0,NA,0,NA,0,"Pacific Islands","Marshall Islands",NA,NA,NA,"Unknown","Cannot determine",NA,"Unknown",0.00482888646526229,"Cannot determine","Marshall Islands"
"MHL",5,10,NA,NA,NA,NA,74.2,193,0.250319898256079,0.089416932157244,2026,NA,2026-10-01,NA,NA,NA,NA,NA,NA,NA,NA,6,"2026/2027","Unobserved",0,0,NA,0,NA,0,"Pacific Islands","Marshall Islands",NA,NA,NA,"Unknown","Cannot determine",NA,"Unknown",0.00482888646526229,"Cannot determine","Marshall Islands"
"MHL",6,11,NA,NA,NA,NA,122.8,315.8,0.401835347125691,0.151515448869612,2026,NA,2026-11-01,NA,NA,NA,NA,NA,NA,NA,NA,6,"2026/2027","Unobserved",0,0,NA,0,NA,0,"Pacific Islands","Marshall Islands",NA,NA,NA,"Unknown","Cannot determine",NA,"Unknown",0.00482888646526229,"Cannot determine","Marshall Islands"
"MHL",7,12,0.612480954221535,192,NA,NA,192,507.8,0.64812694132676,0.246291594201069,2026,NA,2026-12-01,NA,NA,NA,NA,NA,NA,NA,NA,6,"2026/2027","Unobserved",0,0,NA,0,NA,0,"Pacific Islands","Marshall Islands",NA,NA,NA,"Unknown","Cannot determine",NA,"Unknown",0.00482888646526229,"Cannot determine","Marshall Islands"
"MMR",12,1,0.199842519048785,37.625,2.88662791964624,17297.1249999999,37.625,17297.125,1,0.00350116214760789,2025,"SEARO",2025-01-01,172,172,NA,19,NA,FALSE,"no_lookup_match",NA,2,"2024/2025","Observed",172,172,172,12082,NA,172,"East & Southeast Asia","Myanmar",2.88662791964624,17297.1249999999,0.0006857556367143,"Extremely Low","Rare good event - unusually low cases to date",-1.68197290183819,"Normal",34.7132491195717,"Average - typical case load at this point","Myanmar"
"MMR",1,2,0.206764102777706,23.0625,0.206764102777706,23.0625,23.0625,23.0625,0.00266057465432388,0.00266057465432388,2025,"SEARO",2025-02-01,120,120,NA,18,NA,FALSE,"no_lookup_match",NA,2,"2025/2026","Observed",120,292,11998,12082,NA,11998,"East & Southeast Asia","Myanmar",0.206764102777706,23.0625,95.1503517952838,"Extremely High","Rare bad event - unusually high cases to date",1.90276375270355,"Normal",34.7132491195717,"Average - typical case load at this point","Myanmar"
"MMR",2,3,0.310369036703889,120.4375,0.302984081566995,143.5,120.4375,143.5,0.00907801134933879,0.00641743669501491,2025,"SEARO",2025-03-01,167,167,NA,17,NA,FALSE,"no_lookup_match",NA,2,"2025/2026","Observed",287,459,11998,12082,NA,11998,"East & Southeast Asia","Myanmar",0.302984081566995,143.5,84.3268475177564,"High","Above average - more cases than typical at this point",0.549859720893075,"Normal",34.7132491195717,"Average - typical case load at this point","Myanmar"
"MMR",3,4,0.391277610940617,288.25,0.372406552239336,431.75,288.25,431.75,0.0232874399896268,0.014209428640288,2025,"SEARO",2025-04-01,235,235,NA,16,NA,FALSE,"no_lookup_match",NA,2,"2025/2026","Observed",522,694,11998,12082,NA,11998,"East & Southeast Asia","Myanmar",0.372406552239336,431.75,74.5666315825229,"Normal","Average - typical case load at this point",0.127507667471797,"Normal",34.7132491195717,"Average - typical case load at this point","Myanmar"
"MMR",4,5,0.8403143934226,1533.25,0.83752264307136,1965,1533.25,1965,0.105874594522324,0.0825871545326973,2025,"SEARO",2025-05-01,699,699,NA,15,NA,FALSE,"no_lookup_match",NA,2,"2025/2026","Observed",1221,1393,11998,12082,NA,11998,"East & Southeast Asia","Myanmar",0.83752264307136,1965,49.0523449997132,"Normal","Average - typical case load at this point",-0.346430504830577,"Normal",34.7132491195717,"Average - typical case load at this point","Myanmar"
"MMR",5,6,2.23258778670315,3890.625,2.20303850847997,5855.62499999999,3890.625,5855.625,0.324252081290463,0.218377486768139,2025,"SEARO",2025-06-01,1744,1744,NA,14,NA,FALSE,"no_lookup_match",NA,2,"2025/2026","Observed",2965,3137,11998,12082,NA,11998,"East & Southeast Asia","Myanmar",2.20303850847997,5855.62499999999,25.1341455003117,"Normal","Average - typical case load at this point",-0.732567860694254,"Normal",34.7132491195717,"Average - typical case load at this point","Myanmar"
"MMR",6,7,2.45690369117973,4259.87500000001,2.43469309135207,10115.5,4259.875,10115.5,0.567843766868559,0.243591685578096,2025,"SEARO",2025-07-01,3065,3065,NA,13,NA,FALSE,"no_lookup_match",NA,2,"2025/2026","Observed",6030,6202,11998,12082,NA,11998,"East & Southeast Asia","Myanmar",2.43469309135207,10115.5,30.1557644354296,"Normal","Average - typical case load at this point",-0.630126455169954,"Normal",34.7132491195717,"Average - typical case load at this point","Myanmar"
"MMR",7,8,3.07330491280799,3100.0625,2.60296524493404,13215.5625,3100.0625,13215.5625,0.751144844646029,0.18330107777747,2025,"SEARO",2025-08-01,2415,2415,NA,12,NA,FALSE,"no_lookup_match",NA,2,"2025/2026","Observed",8445,8617,11998,12082,NA,11998,"East & Southeast Asia","Myanmar",2.60296524493404,13215.5625,32.3684613815203,"Normal","Average - typical case load at this point",-0.582338302526592,"Normal",34.7132491195717,"Average - typical case load at this point","Myanmar"
"MMR",8,9,3.12748365060103,1993.1875,2.72056798284771,15208.75,1993.1875,15208.75,0.871407207627335,0.120262362981307,2025,"SEARO",2025-09-01,1576,1576,NA,11,NA,FALSE,"no_lookup_match",NA,2,"2025/2026","Observed",10021,10193,11998,12082,NA,11998,"East & Southeast Asia","Myanmar",2.72056798284771,15208.75,33.2282869561844,"Normal","Average - typical case load at this point",-0.562569870740029,"Normal",34.7132491195717,"Average - typical case load at this point","Myanmar"
"MMR",9,10,NA,NA,2.80430573611132,16361.3125,1152.5625,16361.3125,0.941433916152088,0.0700267085247533,2025,"SEARO",2025-10-01,943,943,NA,10,NA,FALSE,"no_lookup_match",NA,2,"2025/2026","Observed",10964,11136,11998,12082,NA,11998,"East & Southeast Asia","Myanmar",2.80430573611132,16361.3125,33.6489991548445,"Normal","Average - typical case load at this point",-0.552376112170018,"Normal",34.7132491195717,"Average - typical case load at this point","Myanmar"
"MMR",10,11,1.01044241525467,720.625,2.84688753570365,17081.9375,720.625,17081.9375,0.985117404616895,0.0436834884648061,2025,"SEARO",2025-11-01,594,594,NA,9,NA,FALSE,"no_lookup_match",NA,2,"2025/2026","Observed",11558,11730,11998,12082,NA,11998,"East & Southeast Asia","Myanmar",2.84688753570365,17081.9375,33.9378312665323,"Normal","Average - typical case load at this point",-0.545582706915313,"Normal",34.7132491195717,"Average - typical case load at this point","Myanmar"
"MMR",11,12,0.267800264749375,177.5625,2.86647306155403,17259.5,177.5625,17259.5,0.996498837852392,0.0113814332354975,2025,"SEARO",2025-12-01,310,310,NA,8,NA,FALSE,"no_lookup_match",NA,2,"2025/2026","Observed",11868,12040,11998,12082,NA,11998,"East & Southeast Asia","Myanmar",2.86647306155403,17259.5,34.7132491195717,"Normal","Average - typical case load at this point",-0.528833879998413,"Normal",34.7132491195717,"Average - typical case load at this point","Myanmar"
"MMR",12,1,0.199842519048785,37.625,2.88662791964624,17297.1249999999,37.625,17297.125,1,0.00350116214760789,2026,"SEARO",2026-01-01,130,130,NA,7,NA,FALSE,"no_lookup_match",NA,2,"2025/2026","Observed",11998,130,11998,5520,NA,11998,"East & Southeast Asia","Myanmar",2.88662791964624,17297.1249999999,35.0911221832965,"Normal","Average - typical case load at this point",-0.52046245813991,"Low",5.17905858138096,"Below average - fewer cases than typical at this point","Myanmar"
"MMR",1,2,0.206764102777706,23.0625,0.206764102777706,23.0625,23.0625,23.0625,0.00266057465432388,0.00266057465432388,2026,"SEARO",2026-02-01,99,99,NA,6,NA,FALSE,"no_lookup_match",NA,2,"2026/2027","Observed",99,229,5119,5520,NA,8071,"East & Southeast Asia","Myanmar",0.206764102777706,23.0625,93.5358072622139,"High","Above average - more cases than typical at this point",1.49055961285288,"Low",5.17905858138096,"Below average - fewer cases than typical at this point","Myanmar"
"MMR",2,3,0.310369036703889,120.4375,0.302984081566995,143.5,120.4375,143.5,0.00907801134933879,0.00641743669501491,2026,"SEARO",2026-03-01,131,131,NA,5,NA,FALSE,"no_lookup_match",NA,2,"2026/2027","Observed",230,360,5119,5520,NA,8071,"East & Southeast Asia","Myanmar",0.302984081566995,143.5,80.7290039523112,"High","Above average - more cases than typical at this point",0.331448542559241,"Low",5.17905858138096,"Below average - fewer cases than typical at this point","Myanmar"
"MMR",3,4,0.391277610940617,288.25,0.372406552239336,431.75,288.25,431.75,0.0232874399896268,0.014209428640288,2026,"SEARO",2026-04-01,184,184,NA,4,NA,FALSE,"no_lookup_match",NA,2,"2026/2027","Observed",414,544,5119,5520,NA,8071,"East & Southeast Asia","Myanmar",0.372406552239336,431.75,69.9514635038738,"Normal","Average - typical case load at this point",-0.0250776852922368,"Low",5.17905858138096,"Below average - fewer cases than typical at this point","Myanmar"
"MMR",4,5,0.8403143934226,1533.25,0.83752264307136,1965,1533.25,1965,0.105874594522324,0.0825871545326973,2026,"SEARO",2026-05-01,380,380,NA,3,NA,FALSE,"no_lookup_match",NA,2,"2026/2027","Observed",794,924,5119,5520,NA,8071,"East & Southeast Asia","Myanmar",0.83752264307136,1965,36.9289476295272,"Normal","Average - typical case load at this point",-0.545255539188987,"Low",5.17905858138096,"Below average - fewer cases than typical at this point","Myanmar"
"MMR",5,6,2.23258778670315,3890.625,2.20303850847997,5855.62499999999,3890.625,5855.625,0.324252081290463,0.218377486768139,2026,"SEARO",2026-06-01,866,866,NA,2,NA,FALSE,"no_lookup_match",NA,2,"2026/2027","Observed",1660,1790,5119,5520,NA,8071,"East & Southeast Asia","Myanmar",2.20303850847997,5855.62499999999,9.59984967541347,"Low","Below average - fewer cases than typical at this point",-1.06329255110066,"Low",5.17905858138096,"Below average - fewer cases than typical at this point","Myanmar"
"MMR",6,7,2.45690369117973,4259.87500000001,2.43469309135207,10115.5,4259.875,10115.5,0.567843766868559,0.243591685578096,2026,"Estimates",2026-07-01,2923,0,NA,1,NA,FALSE,"no_lookup_match",NA,2,"2026/2027","Unobserved",4583,4713,5119,5520,2922.61304356599,8071,"East & Southeast Asia","Myanmar",2.43469309135207,10115.5,19.351307425579,"Low","Below average - fewer cases than typical at this point",-0.85330427444077,"Low",5.17905858138096,"Below average - fewer cases than typical at this point","Myanmar"
"MMR",7,8,3.07330491280799,3100.0625,2.60296524493404,13215.5625,3100.0625,13215.5625,0.751144844646029,0.18330107777747,2026,"SEARO",2026-08-01,NA,0,NA,0,NA,FALSE,"no_lookup_match",NA,2,"2026/2027","Unobserved",4583,4713,5119,5520,NA,8071,"East & Southeast Asia","Myanmar",2.60296524493404,13215.5625,10.9068107525749,"Low","Below average - fewer cases than typical at this point",-1.05376919235514,"Low",5.17905858138096,"Below average - fewer cases than typical at this point","Myanmar"
"MMR",8,9,3.12748365060103,1993.1875,2.72056798284771,15208.75,1993.1875,15208.75,0.871407207627335,0.120262362981307,2026,"SEARO",2026-09-01,NA,0,NA,-1,NA,FALSE,"no_lookup_match",NA,2,"2026/2027","Unobserved",4583,4713,5119,5520,NA,8071,"East & Southeast Asia","Myanmar",2.72056798284771,15208.75,7.60137397352687,"Low","Below average - fewer cases than typical at this point",-1.15227734644419,"Low",5.17905858138096,"Below average - fewer cases than typical at this point","Myanmar"
"MMR",9,10,NA,NA,2.80430573611132,16361.3125,1152.5625,16361.3125,0.941433916152088,0.0700267085247533,2026,"SEARO",2026-10-01,NA,0,NA,-2,NA,FALSE,"no_lookup_match",NA,2,"2026/2027","Unobserved",4583,4713,5119,5520,NA,8071,"East & Southeast Asia","Myanmar",2.80430573611132,16361.3125,6.11886961061471,"Low","Below average - fewer cases than typical at this point",-1.20542556442184,"Low",5.17905858138096,"Below average - fewer cases than typical at this point","Myanmar"
"MMR",10,11,1.01044241525467,720.625,2.84688753570365,17081.9375,720.625,17081.9375,0.985117404616895,0.0436834884648061,2026,"SEARO",2026-11-01,NA,0,NA,-3,NA,FALSE,"no_lookup_match",NA,2,"2026/2027","Unobserved",4583,4713,5119,5520,NA,8071,"East & Southeast Asia","Myanmar",2.84688753570365,17081.9375,5.38099644649461,"Low","Below average - fewer cases than typical at this point",-1.23448249637425,"Low",5.17905858138096,"Below average - fewer cases than typical at this point","Myanmar"
"MMR",11,12,0.267800264749375,177.5625,2.86647306155403,17259.5,177.5625,17259.5,0.996498837852392,0.0113814332354975,2026,"SEARO",2026-12-01,NA,0,NA,-4,NA,FALSE,"no_lookup_match",NA,2,"2026/2027","Unobserved",4583,4713,5119,5520,NA,8071,"East & Southeast Asia","Myanmar",2.86647306155403,17259.5,5.17905858138096,"Low","Below average - fewer cases than typical at this point",-1.24339472870256,"Low",5.17905858138096,"Below average - fewer cases than typical at this point","Myanmar"
"MRT",9,1,1.12369019858878,219.666666666667,1.44075393546445,1694,219.666666666667,1694,0.827874902155984,0.109635975365756,2025,"WHO",2025-01-01,102,102,NA,18,NA,FALSE,"no_lookup_match",NA,5,"2024/2025","Observed",102,102,244,8497,NA,244,"Sub-Saharan Africa","Mauritania",1.44075393546445,1694,2.2345578041833,"Extremely Low","Rare good event - unusually low cases to date",-1.12756077267258,"Extremely High",98.6165775019291,"Rare bad event - unusually high cases to date","Mauritania"
"MRT",10,2,0.958313454731303,167,1.44027174301385,1861,167,1861,0.905846473223436,0.0779715710674514,2025,"WHO",2025-02-01,66,66,NA,17,NA,FALSE,"no_lookup_match",NA,5,"2024/2025","Observed",168,168,244,8497,NA,244,"Sub-Saharan Africa","Mauritania",1.44027174301385,1861,3.88275087480218,"Extremely Low","Rare good event - unusually low cases to date",-1.09135191474909,"Extremely High",98.6165775019291,"Rare bad event - unusually high cases to date","Mauritania"
"MRT",11,3,0.974862741526227,99,1.44406451957293,1960,99,1960,0.954131806869089,0.0482853336456534,2025,"WHO",2025-03-01,35,35,NA,16,NA,FALSE,"no_lookup_match",NA,5,"2024/2025","Observed",203,203,244,8497,NA,244,"Sub-Saharan Africa","Mauritania",1.44406451957293,1960,4.64289535600104,"Extremely Low","Rare good event - unusually low cases to date",-1.0768347469549,"Extremely High",98.6165775019291,"Rare bad event - unusually high cases to date","Mauritania"
"MRT",12,4,1.078029559824,93.3333333333334,1.44631144668357,2053.33333333333,93.3333333333333,2053.33333333333,1,0.0458681931309109,2025,"WHO",2025-04-01,41,41,NA,15,NA,FALSE,"no_lookup_match",NA,5,"2024/2025","Observed",244,244,244,8497,NA,244,"Sub-Saharan Africa","Mauritania",1.44631144668357,2053.33333333333,5.56339160277388,"Low","Below average - fewer cases than typical at this point",-1.05934431390138,"Extremely High",98.6165775019291,"Rare bad event - unusually high cases to date","Mauritania"
"MRT",1,5,1.02841486935713,148.333333333334,1.02841486935713,148.333333333334,148.333333333333,148.333333333333,0.0627557071609131,0.0627557071609131,2025,"WHO",2025-05-01,3,3,NA,14,NA,FALSE,"no_lookup_match",NA,5,"2025/2026","Observed",3,247,6087,8497,NA,6100,"Sub-Saharan Africa","Mauritania",1.02841486935713,148.333333333334,2.43948412545475,"Extremely Low","Rare good event - unusually low cases to date",-0.99017130403281,"Extremely High",98.6165775019291,"Rare bad event - unusually high cases to date","Mauritania"
"MRT",2,6,0.992084251572646,154,1.11933683197385,302.333333333333,154,302.333333333333,0.134487338349974,0.071731631189061,2025,"WHO",2025-06-01,179,179,NA,13,NA,FALSE,"no_lookup_match",NA,5,"2025/2026","Observed",182,426,6087,8497,NA,6100,"Sub-Saharan Africa","Mauritania",1.11933683197385,302.333333333333,43.5451504227712,"Normal","Average - typical case load at this point",-0.420317862257877,"Extremely High",98.6165775019291,"Rare bad event - unusually high cases to date","Mauritania"
"MRT",3,7,1.54692014992337,80.6666666666667,1.2096929642382,383,80.6666666666667,383,0.17452050283528,0.0400331644853063,2025,"WHO",2025-07-01,82,82,82,12,1,TRUE,"applied_mean",NA,5,"2025/2026","Observed",264,508,6087,8497,NA,6100,"Sub-Saharan Africa","Mauritania",1.2096929642382,383,47.2636923199695,"Normal","Average - typical case load at this point",-0.34119369189244,"Extremely High",98.6165775019291,"Rare bad event - unusually high cases to date","Mauritania"
"MRT",4,8,1.1596996268211,190.333333333333,1.22138159443697,573.333333333333,190.333333333333,573.333333333333,0.267266902858704,0.092746400023424,2025,"WHO",2025-08-01,37,37,37,11,1,TRUE,"applied_mean",NA,5,"2025/2026","Observed",301,545,6087,8497,NA,6100,"Sub-Saharan Africa","Mauritania",1.22138159443697,573.333333333333,37.3153572188808,"Normal","Average - typical case load at this point",-0.524393373178555,"Extremely High",98.6165775019291,"Rare bad event - unusually high cases to date","Mauritania"
"MRT",5,9,1.22734303559912,267.666666666666,1.22480411790581,840.999999999999,267.666666666667,841,0.395947173015548,0.128680270156843,2025,"WHO",2025-09-01,37,37,37,10,1,TRUE,"applied_mean",NA,5,"2025/2026","Observed",338,582,6087,8497,NA,6100,"Sub-Saharan Africa","Mauritania",1.22480411790581,840.999999999999,28.999916212182,"Normal","Average - typical case load at this point",-0.661438229259199,"Extremely High",98.6165775019291,"Rare bad event - unusually high cases to date","Mauritania"
"MRT",6,10,1.30342558095522,337.666666666666,1.24532505521552,1178.66666666667,337.666666666667,1178.66666666667,0.55976006012161,0.163812887106062,2025,"WHO",2025-10-01,3135,3135,3135,9,1,TRUE,"applied_mean",NA,5,"2025/2026","Observed",3473,3717,6087,8497,NA,6100,"Sub-Saharan Africa","Mauritania",1.24532505521552,1178.66666666667,95.9117718832249,"Extremely High","Rare bad event - unusually high cases to date",2.17108871272881,"Extremely High",98.6165775019291,"Rare bad event - unusually high cases to date","Mauritania"
"MRT",7,11,1.46635948641897,205.666666666667,1.326144663507,1384.33333333333,205.666666666667,1384.33333333333,0.663793419806947,0.104033359685338,2025,"WHO",2025-11-01,1923,1923,1923,8,1,TRUE,"applied_mean",NA,5,"2025/2026","Observed",5396,5640,6087,8497,NA,6100,"Sub-Saharan Africa","Mauritania",1.326144663507,1384.33333333333,98.8492748257121,"Extremely High","Rare bad event - unusually high cases to date",3.33558255896298,"Extremely High",98.6165775019291,"Rare bad event - unusually high cases to date","Mauritania"
"MRT",8,12,2.2966468566504,90.0000000000001,1.39228179116102,1474.33333333333,90,1474.33333333333,0.718238926790228,0.0544455069832811,2025,"Estimates",2025-12-01,13,NA,NA,NA,NA,NA,NA,NA,5,"2025/2026","Unobserved",5409,5653,6087,8497,13.2847037039206,6100,"Sub-Saharan Africa","Mauritania",1.39228179116102,1474.33333333333,98.6165775019291,"Extremely High","Rare bad event - unusually high cases to date",3.14753717070413,"Extremely High",98.6165775019291,"Rare bad event - unusually high cases to date","Mauritania"
"MRT",9,1,1.12369019858878,219.666666666667,1.44075393546445,1694,219.666666666667,1694,0.827874902155984,0.109635975365756,2026,"WHO",2026-01-01,530,530,530,6,1,TRUE,"applied_mean",NA,5,"2025/2026","Observed",5939,530,6087,6506,NA,6100,"Sub-Saharan Africa","Mauritania",1.44075393546445,1694,98.4050854495261,"Extremely High","Rare bad event - unusually high cases to date",3.0065926381879,"Low",18.2737718850196,"Below average - fewer cases than typical at this point","Mauritania"
"MRT",10,2,0.958313454731303,167,1.44027174301385,1861,167,1861,0.905846473223436,0.0779715710674514,2026,"WHO",2026-02-01,78,78,78,5,1,TRUE,"applied_mean",NA,5,"2025/2026","Observed",6017,608,6087,6506,NA,6100,"Sub-Saharan Africa","Mauritania",1.44027174301385,1861,97.706532819035,"Extremely High","Rare bad event - unusually high cases to date",2.67906589350102,"Low",18.2737718850196,"Below average - fewer cases than typical at this point","Mauritania"
"MRT",11,3,0.974862741526227,99,1.44406451957293,1960,99,1960,0.954131806869089,0.0482853336456534,2026,"WHO",2026-03-01,46,46,46,4,1,TRUE,"applied_mean",NA,5,"2025/2026","Observed",6063,654,6087,6506,NA,6100,"Sub-Saharan Africa","Mauritania",1.44406451957293,1960,97.2519302842391,"Extremely High","Rare bad event - unusually high cases to date",2.51465735159702,"Low",18.2737718850196,"Below average - fewer cases than typical at this point","Mauritania"
"MRT",12,4,1.078029559824,93.3333333333334,1.44631144668357,2053.33333333333,93.3333333333333,2053.33333333333,1,0.0458681931309109,2026,"WHO",2026-04-01,37,30,37,3,1.22889305816135,TRUE,"applied_mean",NA,5,"2025/2026","Observed",6100,691,6087,6506,NA,6100,"Sub-Saharan Africa","Mauritania",1.44631144668357,2053.33333333333,96.7758925126714,"Extremely High","Rare bad event - unusually high cases to date",2.36927781333137,"Low",18.2737718850196,"Below average - fewer cases than typical at this point","Mauritania"
"MRT",1,5,1.02841486935713,148.333333333334,1.02841486935713,148.333333333334,148.333333333333,148.333333333333,0.0627557071609131,0.0627557071609131,2026,"WHO",2026-05-01,115,115,115,2,1,TRUE,"applied_median",NA,5,"2026/2027","Observed",115,806,1368,6506,NA,2452,"Sub-Saharan Africa","Mauritania",1.02841486935713,148.333333333334,53.8096575486344,"Normal","Average - typical case load at this point",-0.22710351009927,"Low",18.2737718850196,"Below average - fewer cases than typical at this point","Mauritania"
"MRT",2,6,0.992084251572646,154,1.11933683197385,302.333333333333,154,302.333333333333,0.134487338349974,0.071731631189061,2026,"WHO",2026-06-01,69,69,NA,1,NA,FALSE,"insufficient_n_rf",NA,5,"2026/2027","Observed",184,875,1368,6506,NA,2452,"Sub-Saharan Africa","Mauritania",1.11933683197385,302.333333333333,43.9239669039307,"Normal","Average - typical case load at this point",-0.413331969810378,"Low",18.2737718850196,"Below average - fewer cases than typical at this point","Mauritania"
"MRT",3,7,1.54692014992337,80.6666666666667,1.2096929642382,383,80.6666666666667,383,0.17452050283528,0.0400331644853063,2026,"Estimates",2026-07-01,244,NA,NA,NA,NA,NA,NA,NA,5,"2026/2027","Unobserved",428,1119,1368,6506,243.68187222206,2452,"Sub-Saharan Africa","Mauritania",1.2096929642382,383,66.6294858903156,"Normal","Average - typical case load at this point",0.12902282466521,"Low",18.2737718850196,"Below average - fewer cases than typical at this point","Mauritania"
"MRT",4,8,1.1596996268211,190.333333333333,1.22138159443697,573.333333333333,190.333333333333,573.333333333333,0.267266902858704,0.092746400023424,2026,NA,2026-08-01,NA,NA,NA,NA,NA,NA,NA,NA,5,"2026/2027","Unobserved",428,1119,1368,6506,NA,2452,"Sub-Saharan Africa","Mauritania",1.22138159443697,573.333333333333,50.1853815215738,"Normal","Average - typical case load at this point",-0.279847626322949,"Low",18.2737718850196,"Below average - fewer cases than typical at this point","Mauritania"
"MRT",5,9,1.22734303559912,267.666666666666,1.22480411790581,840.999999999999,267.666666666667,841,0.395947173015548,0.128680270156843,2026,NA,2026-09-01,NA,NA,NA,NA,NA,NA,NA,NA,5,"2026/2027","Unobserved",428,1119,1368,6506,NA,2452,"Sub-Saharan Africa","Mauritania",1.22480411790581,840.999999999999,36.2035732172535,"Normal","Average - typical case load at this point",-0.543089440723756,"Low",18.2737718850196,"Below average - fewer cases than typical at this point","Mauritania"
"MRT",6,10,1.30342558095522,337.666666666666,1.24532505521552,1178.66666666667,337.666666666667,1178.66666666667,0.55976006012161,0.163812887106062,2026,NA,2026-10-01,NA,NA,NA,NA,NA,NA,NA,NA,5,"2026/2027","Unobserved",428,1119,1368,6506,NA,2452,"Sub-Saharan Africa","Mauritania",1.24532505521552,1178.66666666667,25.8883210478438,"Normal","Average - typical case load at this point",-0.710343132509846,"Low",18.2737718850196,"Below average - fewer cases than typical at this point","Mauritania"
"MRT",7,11,1.46635948641897,205.666666666667,1.326144663507,1384.33333333333,205.666666666667,1384.33333333333,0.663793419806947,0.104033359685338,2026,NA,2026-11-01,NA,NA,NA,NA,NA,NA,NA,NA,5,"2026/2027","Unobserved",428,1119,1368,6506,NA,2452,"Sub-Saharan Africa","Mauritania",1.326144663507,1384.33333333333,20.6499560480715,"Low","Below average - fewer cases than typical at this point",-0.795162971471938,"Low",18.2737718850196,"Below average - fewer cases than typical at this point","Mauritania"
"MRT",8,12,2.2966468566504,90.0000000000001,1.39228179116102,1474.33333333333,90,1474.33333333333,0.718238926790228,0.0544455069832811,2026,NA,2026-12-01,NA,NA,NA,NA,NA,NA,NA,NA,5,"2026/2027","Unobserved",428,1119,1368,6506,NA,2452,"Sub-Saharan Africa","Mauritania",1.39228179116102,1474.33333333333,18.2737718850196,"Low","Below average - fewer cases than typical at this point",-0.837014501765525,"Low",18.2737718850196,"Below average - fewer cases than typical at this point","Mauritania"
"MTQ",9,1,0.697451878317927,358.599999999999,0.355259212138215,4732.86666666666,358.6,4732.86666666667,0.625198269410857,0.188744379102601,2025,"PAHO",2025-01-01,293,293,NA,79,NA,FALSE,"no_lookup_match","current_month_missing",5,"2024/2025","Observed",293,293,775,2933,NA,775,"Caribbean","Martinique",0.355259212138215,4732.86666666666,28.7895510308787,"Normal","Average - typical case load at this point",-0.559116145504315,"Normal",55.4525343303332,"Average - typical case load at this point","Martinique"
"MTQ",10,2,0.501931604455355,356.666666666666,0.40185395387996,5089.53333333333,356.666666666667,5089.53333333333,0.793994210025072,0.168795940614214,2025,"PAHO",2025-02-01,100,100,NA,75,NA,FALSE,"no_lookup_match","current_month_missing",5,"2024/2025","Observed",393,393,775,2933,NA,775,"Caribbean","Martinique",0.40185395387996,5089.53333333333,27.6926810933357,"Normal","Average - typical case load at this point",-0.584946873790351,"Normal",55.4525343303332,"Average - typical case load at this point","Martinique"
"MTQ",11,3,0.478652209606313,291.533333333333,0.429500148524314,5381.06666666665,291.533333333333,5381.06666666667,0.93110588881619,0.137111678791118,2025,"PAHO",2025-03-01,282,282,NA,70,NA,FALSE,"no_lookup_match","current_month_missing",5,"2024/2025","Observed",675,675,775,2933,NA,775,"Caribbean","Martinique",0.429500148524314,5381.06666666665,31.6872388823671,"Normal","Average - typical case load at this point",-0.573131172616136,"Normal",55.4525343303332,"Average - typical case load at this point","Martinique"
"MTQ",12,4,0.278823122761012,143.666666666667,0.441419919172368,5524.73333333334,143.666666666667,5524.73333333333,1,0.0688941111838098,2025,"PAHO",2025-04-01,100,100,NA,66,NA,FALSE,"no_lookup_match","current_month_missing",5,"2024/2025","Observed",775,775,775,2933,NA,775,"Caribbean","Martinique",0.441419919172368,5524.73333333334,32.4615741363647,"Normal","Average - typical case load at this point",-0.571171489835966,"Normal",55.4525343303332,"Average - typical case load at this point","Martinique"
"MTQ",1,5,0.217140161164513,173.266666666667,0.217140161164513,173.266666666667,173.266666666667,173.266666666667,0.0219652858127934,0.0219652858127934,2025,"PAHO",2025-05-01,130,130,NA,62,NA,FALSE,"no_lookup_match","current_month_missing",5,"2025/2026","Observed",130,905,1799,2933,NA,1934,"Caribbean","Martinique",0.217140161164513,173.266666666667,71.799104210945,"Normal","Average - typical case load at this point",-0.116288437097798,"Normal",55.4525343303332,"Average - typical case load at this point","Martinique"
"MTQ",2,6,0.232666640414923,200,0.21827960317094,373.266666666667,200,373.266666666667,0.0461832753936044,0.024217989580811,2025,"PAHO",2025-06-01,90,90,NA,59,NA,FALSE,"no_lookup_match","current_month_missing",5,"2025/2026","Observed",220,995,1799,2933,NA,1934,"Caribbean","Martinique",0.21827960317094,373.266666666667,68.4414073623479,"Normal","Average - typical case load at this point",-0.191782128739009,"Normal",55.4525343303332,"Average - typical case load at this point","Martinique"
"MTQ",3,7,0.220034945448133,329.866666666667,0.210259307113576,703.133333333333,329.866666666667,703.133333333333,0.082827246911249,0.0366439715176445,2025,"Estimates",2025-07-01,28,NA,NA,NA,NA,NA,NA,"current_month_missing",5,"2025/2026","Unobserved",248,1023,1799,2933,28.3990779261745,1934,"Caribbean","Martinique",0.210259307113576,703.133333333333,62.439141313204,"Normal","Average - typical case load at this point",-0.296765661073294,"Normal",55.4525343303332,"Average - typical case load at this point","Martinique"
"MTQ",4,8,0.123634793392305,667.133333333332,0.18719021645203,1370.26666666667,667.133333333333,1370.26666666667,0.119658227898486,0.0368309809872368,2025,"Estimates",2025-08-01,29,NA,NA,NA,NA,NA,NA,"current_month_missing",5,"2025/2026","Unobserved",277,1052,1799,2933,28.5440102651086,1934,"Caribbean","Martinique",0.18719021645203,1370.26666666667,58.4551135339937,"Normal","Average - typical case load at this point",-0.345169906386039,"Normal",55.4525343303332,"Average - typical case load at this point","Martinique"
"MTQ",5,9,0.16269594002527,1078.8,0.180137249434826,2449.06666666667,1078.8,2449.06666666667,0.209627025917464,0.0899687980189778,2025,"WHO",2025-09-01,105,105,105,10,1,TRUE,"applied_mean",NA,5,"2025/2026","Observed",382,1157,1799,2933,NA,1934,"Caribbean","Martinique",0.180137249434826,2449.06666666667,56.6610189981132,"Normal","Average - typical case load at this point",-0.358211618960111,"Normal",55.4525343303332,"Average - typical case load at this point","Martinique"
"MTQ",6,10,0.208624753564456,899.266666666666,0.182536225310234,3348.33333333334,899.266666666667,3348.33333333333,0.31085243884323,0.101225412925766,2025,"Estimates",2025-10-01,78,NA,NA,NA,NA,NA,NA,"current_month_missing",5,"2025/2026","Unobserved",460,1235,1799,2933,78.4496950174687,1934,"Caribbean","Martinique",0.182536225310234,3348.33333333334,55.0852961113548,"Normal","Average - typical case load at this point",-0.368537190830033,"Normal",55.4525343303332,"Average - typical case load at this point","Martinique"
"MTQ",7,11,0.213029843788093,690.666666666667,0.183159943191965,4038.99999999999,690.666666666667,4039,0.388918602418391,0.0780661635751609,2025,"WHO",2025-11-01,30,30,30,8,1,TRUE,"applied_mean",NA,5,"2025/2026","Observed",490,1265,1799,2933,NA,1934,"Caribbean","Martinique",0.183159943191965,4038.99999999999,53.7874904148453,"Normal","Average - typical case load at this point",-0.376043035133572,"Normal",55.4525343303332,"Average - typical case load at this point","Martinique"
"MTQ",8,12,0.206607321145784,335.266666666666,0.184468194501931,4374.26666666666,335.266666666667,4374.26666666667,0.436453890308256,0.0475352878898651,2025,"PAHO",2025-12-01,150,150,150,32,1,TRUE,"applied_mean","not_missing",5,"2025/2026","Observed",640,1415,1799,2933,NA,1934,"Caribbean","Martinique",0.184468194501931,4374.26666666666,55.4525343303332,"Normal","Average - typical case load at this point",-0.36664997873662,"Normal",55.4525343303332,"Average - typical case load at this point","Martinique"
"MTQ",9,1,0.697451878317927,358.599999999999,0.355259212138215,4732.86666666666,358.6,4732.86666666667,0.625198269410857,0.188744379102601,2026,"PAHO",2026-01-01,346,346,346,27,1,TRUE,"applied_mean","not_missing",5,"2025/2026","Observed",986,346,1799,61643,NA,1934,"Caribbean","Martinique",0.355259212138215,4732.86666666666,43.6894035556042,"Normal","Average - typical case load at this point",-0.471846072341196,"Normal",43.576634051759,"Average - typical case load at this point","Martinique"
"MTQ",10,2,0.501931604455355,356.666666666666,0.40185395387996,5089.53333333333,356.666666666667,5089.53333333333,0.793994210025072,0.168795940614214,2026,"PAHO",2026-02-01,322,322,322,23,1,TRUE,"applied_mean","not_missing",5,"2025/2026","Observed",1308,668,1799,61643,NA,1934,"Caribbean","Martinique",0.40185395387996,5089.53333333333,43.9729649274522,"Normal","Average - typical case load at this point",-0.47098486148663,"Normal",43.576634051759,"Average - typical case load at this point","Martinique"
"MTQ",11,3,0.478652209606313,291.533333333333,0.429500148524314,5381.06666666665,291.533333333333,5381.06666666667,0.93110588881619,0.137111678791118,2026,"PAHO",2026-03-01,416,416,416,18,1,TRUE,"applied_mean","not_missing",5,"2025/2026","Observed",1724,1084,1799,61643,NA,1934,"Caribbean","Martinique",0.429500148524314,5381.06666666665,46.242786566262,"Normal","Average - typical case load at this point",-0.44537807376338,"Normal",43.576634051759,"Average - typical case load at this point","Martinique"
"MTQ",12,4,0.278823122761012,143.666666666667,0.441419919172368,5524.73333333334,143.666666666667,5524.73333333333,1,0.0688941111838098,2026,"PAHO",2026-04-01,210,210,210,14,1,TRUE,"applied_mean","not_missing",5,"2025/2026","Observed",1934,1294,1799,61643,NA,1934,"Caribbean","Martinique",0.441419919172368,5524.73333333334,47.2751906324393,"Normal","Average - typical case load at this point",-0.431797821829366,"Normal",43.576634051759,"Average - typical case load at this point","Martinique"
"MTQ",1,5,0.217140161164513,173.266666666667,0.217140161164513,173.266666666667,173.266666666667,173.266666666667,0.0219652858127934,0.0219652858127934,2026,"PAHO",2026-05-01,60,60,60,12,1,TRUE,"applied_mean","not_missing",5,"2026/2027","Observed",60,1354,2732,61643,NA,2052,"Caribbean","Martinique",0.217140161164513,173.266666666667,61.6901413985103,"Normal","Average - typical case load at this point",-0.304428435484066,"Normal",43.576634051759,"Average - typical case load at this point","Martinique"
"MTQ",2,6,0.232666640414923,200,0.21827960317094,373.266666666667,200,373.266666666667,0.0461832753936044,0.024217989580811,2026,"Estimates",2026-06-01,44,NA,NA,1,NA,FALSE,"no_lookup_match",NA,5,"2026/2027","Unobserved",104,1398,2732,61643,43.568163255879,2052,"Caribbean","Martinique",0.21827960317094,373.266666666667,58.8409567621988,"Normal","Average - typical case load at this point",-0.336932587201765,"Normal",43.576634051759,"Average - typical case load at this point","Martinique"
"MTQ",3,7,0.220034945448133,329.866666666667,0.210259307113576,703.133333333333,329.866666666667,703.133333333333,0.082827246911249,0.0366439715176445,2026,"Estimates",2026-07-01,66,NA,NA,NA,NA,NA,NA,NA,5,"2026/2027","Unobserved",170,1464,2732,61643,65.9225047602425,2052,"Caribbean","Martinique",0.210259307113576,703.133333333333,57.9154838541188,"Normal","Average - typical case load at this point",-0.34762487060248,"Normal",43.576634051759,"Average - typical case load at this point","Martinique"
"MTQ",4,8,0.123634793392305,667.133333333332,0.18719021645203,1370.26666666667,667.133333333333,1370.26666666667,0.119658227898486,0.0368309809872368,2026,NA,2026-08-01,NA,NA,NA,NA,NA,NA,NA,NA,5,"2026/2027","Unobserved",170,1464,2732,61643,NA,2052,"Caribbean","Martinique",0.18719021645203,1370.26666666667,53.4848736859565,"Normal","Average - typical case load at this point",-0.378952313834639,"Normal",43.576634051759,"Average - typical case load at this point","Martinique"
"MTQ",5,9,0.16269594002527,1078.8,0.180137249434826,2449.06666666667,1078.8,2449.06666666667,0.209627025917464,0.0899687980189778,2026,NA,2026-09-01,NA,NA,NA,NA,NA,NA,NA,NA,5,"2026/2027","Unobserved",170,1464,2732,61643,NA,2052,"Caribbean","Martinique",0.180137249434826,2449.06666666667,49.1045186683432,"Normal","Average - typical case load at this point",-0.394950087266024,"Normal",43.576634051759,"Average - typical case load at this point","Martinique"
"MTQ",6,10,0.208624753564456,899.266666666666,0.182536225310234,3348.33333333334,899.266666666667,3348.33333333333,0.31085243884323,0.101225412925766,2026,NA,2026-10-01,NA,NA,NA,NA,NA,NA,NA,NA,5,"2026/2027","Unobserved",170,1464,2732,61643,NA,2052,"Caribbean","Martinique",0.182536225310234,3348.33333333334,46.0627566072047,"Normal","Average - typical case load at this point",-0.405539770867209,"Normal",43.576634051759,"Average - typical case load at this point","Martinique"
"MTQ",7,11,0.213029843788093,690.666666666667,0.183159943191965,4038.99999999999,690.666666666667,4039,0.388918602418391,0.0780661635751609,2026,NA,2026-11-01,NA,NA,NA,NA,NA,NA,NA,NA,5,"2026/2027","Unobserved",170,1464,2732,61643,NA,2052,"Caribbean","Martinique",0.183159943191965,4038.99999999999,44.4246909030981,"Normal","Average - typical case load at this point",-0.409949423198589,"Normal",43.576634051759,"Average - typical case load at this point","Martinique"
"MTQ",8,12,0.206607321145784,335.266666666666,0.184468194501931,4374.26666666666,335.266666666667,4374.26666666667,0.436453890308256,0.0475352878898651,2026,NA,2026-12-01,NA,NA,NA,NA,NA,NA,NA,NA,5,"2026/2027","Unobserved",170,1464,2732,61643,NA,2052,"Caribbean","Martinique",0.184468194501931,4374.26666666666,43.576634051759,"Normal","Average - typical case load at this point",-0.412797055361985,"Normal",43.576634051759,"Average - typical case load at this point","Martinique"
"MYS",12,1,2.29580543949486,8990.31250000001,3.42146730967202,78688.3125000001,8990.3125,78688.3125,1,0.114848369664439,2025,"WHO",2025-01-01,6676,6676,NA,18,NA,FALSE,"no_lookup_match",NA,2,"2024/2025","Observed",6676,6676,6676,62587,NA,6676,"East & Southeast Asia","Malaysia",3.42146730967202,78688.3125000001,0.111407969540377,"Extremely Low","Rare good event - unusually low cases to date",-1.69275178903586,"Normal",33.218958241239,"Average - typical case load at this point","Malaysia"
"MYS",1,2,2.32952284958419,6871.56249999999,2.32952284958419,6871.56249999999,6871.5625,6871.5625,0.0863821835623436,0.0863821835623436,2025,"WHO",2025-02-01,5049,5049,NA,17,NA,FALSE,"no_lookup_match",NA,2,"2025/2026","Observed",5049,11725,54034,62587,NA,54034,"East & Southeast Asia","Malaysia",2.32952284958419,6871.56249999999,41.2121302648526,"Normal","Average - typical case load at this point",-0.404749959694319,"Normal",33.218958241239,"Average - typical case load at this point","Malaysia"
"MYS",2,3,2.52345559624953,6274.87500000002,2.43607482427874,13146.4375,6274.875,13146.4375,0.165229257725426,0.0788470741630822,2025,"WHO",2025-03-01,4571,4571,NA,16,NA,FALSE,"no_lookup_match",NA,2,"2025/2026","Observed",9620,16296,54034,62587,NA,54034,"East & Southeast Asia","Malaysia",2.43607482427874,13146.4375,40.3979190805924,"Normal","Average - typical case load at this point",-0.418632737442816,"Normal",33.218958241239,"Average - typical case load at this point","Malaysia"
"MYS",3,4,3.52286060852569,5290.87499999999,2.80561543143508,18437.3125,5290.875,18437.3125,0.235813603537792,0.0705843458123661,2025,"WHO",2025-04-01,5383,5383,NA,15,NA,FALSE,"no_lookup_match",NA,2,"2025/2026","Observed",15003,21679,54034,62587,NA,54034,"East & Southeast Asia","Malaysia",2.80561543143508,18437.3125,44.8210400709246,"Normal","Average - typical case load at this point",-0.311977464197125,"Normal",33.218958241239,"Average - typical case load at this point","Malaysia"
"MYS",4,5,3.09089130146189,6162.5,2.9518837261864,24599.8124999999,6162.5,24599.8125,0.314906133573656,0.0790925300358645,2025,"WHO",2025-05-01,4877,4877,NA,14,NA,FALSE,"no_lookup_match",NA,2,"2025/2026","Observed",19880,26556,54034,62587,NA,54034,"East & Southeast Asia","Malaysia",2.9518837261864,24599.8124999999,43.8445711765094,"Normal","Average - typical case load at this point",-0.329622248300461,"Normal",33.218958241239,"Average - typical case load at this point","Malaysia"
"MYS",5,6,3.0791840553623,6668.625,3.03632506881466,31268.4375000001,6668.625,31268.4375,0.39910625008642,0.0842001165127635,2025,"WHO",2025-06-01,4657,4657,NA,13,NA,FALSE,"no_lookup_match",NA,2,"2025/2026","Observed",24537,31213,54034,62587,NA,54034,"East & Southeast Asia","Malaysia",3.03632506881466,31268.4375000001,41.6875127356003,"Normal","Average - typical case load at this point",-0.375106582609449,"Normal",33.218958241239,"Average - typical case load at this point","Malaysia"
"MYS",6,7,2.72470985226728,7639.31250000001,3.01553300716189,38907.75,7639.3125,38907.75,0.493735843996143,0.0946295939097232,2025,"WHO",2025-07-01,5065,5065,5065,12,1,TRUE,"applied_mean",NA,2,"2025/2026","Observed",29602,36278,54034,62587,NA,54034,"East & Southeast Asia","Malaysia",3.01553300716189,38907.75,39.8676004573357,"Normal","Average - typical case load at this point",-0.415317736365339,"Normal",33.218958241239,"Average - typical case load at this point","Malaysia"
"MYS",7,8,2.47963012618854,6379.62499999999,2.97571083106786,45287.375,6379.625,45287.375,0.571356434038816,0.0776205900426727,2025,"WHO",2025-08-01,3338,3338,3338,11,1,TRUE,"applied_mean",NA,2,"2025/2026","Observed",32940,39616,54034,62587,NA,54034,"East & Southeast Asia","Malaysia",2.97571083106786,45287.375,37.3601597161118,"Normal","Average - typical case load at this point",-0.470303905340168,"Normal",33.218958241239,"Average - typical case load at this point","Malaysia"
"MYS",8,9,3.00319948666315,5951.75,3.06505800988884,51239.1249999999,5951.75,51239.125,0.646473789119196,0.07511735508038,2025,"WHO",2025-09-01,2969,2969,2969,10,1,TRUE,"applied_mean",NA,2,"2025/2026","Observed",35909,42585,54034,62587,NA,54034,"East & Southeast Asia","Malaysia",3.06505800988884,51239.1249999999,34.7929644242301,"Normal","Average - typical case load at this point",-0.52378173685291,"Normal",33.218958241239,"Average - typical case load at this point","Malaysia"
"MYS",9,10,3.6816714869609,5958.43749999999,3.2167924564215,57197.5624999999,5958.4375,57197.5625,0.724406437659999,0.0779326485408028,2025,"WHO",2025-10-01,4398,4398,4398,9,1,TRUE,"applied_mean",NA,2,"2025/2026","Observed",40307,46983,54034,62587,NA,54034,"East & Southeast Asia","Malaysia",3.2167924564215,57197.5624999999,34.4121936821291,"Normal","Average - typical case load at this point",-0.529621857604976,"Normal",33.218958241239,"Average - typical case load at this point","Malaysia"
"MYS",10,11,3.07947592696705,5853.68750000002,3.2948985826461,63051.25,5853.6875,63051.25,0.799190026781236,0.0747835891212373,2025,"WHO",2025-11-01,3449,3449,3449,8,1,TRUE,"applied_mean",NA,2,"2025/2026","Observed",43756,50432,54034,62587,NA,54034,"East & Southeast Asia","Malaysia",3.2948985826461,63051.25,33.1670991396717,"Normal","Average - typical case load at this point",-0.5554773915487,"Normal",33.218958241239,"Average - typical case load at this point","Malaysia"
"MYS",11,12,2.9734523020794,6646.75,3.37978135725552,69698.0000000001,6646.75,69698,0.885151630335561,0.0859616035543254,2025,"WHO",2025-12-01,4967,4967,4967,7,1,TRUE,"applied_mean",NA,2,"2025/2026","Observed",48723,55399,54034,62587,NA,54034,"East & Southeast Asia","Malaysia",3.37978135725552,69698.0000000001,33.218958241239,"Normal","Average - typical case load at this point",-0.553242362017559,"Normal",33.218958241239,"Average - typical case load at this point","Malaysia"
"MYS",12,1,2.29580543949486,8990.31250000001,3.42146730967202,78688.3125000001,8990.3125,78688.3125,1,0.114848369664439,2026,"WHO",2026-01-01,5311,5311,5311,6,1,TRUE,"applied_mean",NA,2,"2025/2026","Observed",54034,5311,54034,99415,NA,54034,"East & Southeast Asia","Malaysia",3.42146730967202,78688.3125000001,31.990182429089,"Normal","Average - typical case load at this point",-0.579534667655955,"Low",22.2163957759901,"Below average - fewer cases than typical at this point","Malaysia"
"MYS",1,2,2.32952284958419,6871.56249999999,2.32952284958419,6871.56249999999,6871.5625,6871.5625,0.0863821835623436,0.0863821835623436,2026,"WHO",2026-02-01,4913,4913,4913,5,1,TRUE,"applied_mean",NA,2,"2026/2027","Observed",4913,10224,86107,99415,NA,79960,"East & Southeast Asia","Malaysia",2.32952284958419,6871.56249999999,39.7732402333651,"Normal","Average - typical case load at this point",-0.434952487464108,"Low",22.2163957759901,"Below average - fewer cases than typical at this point","Malaysia"
"MYS",2,3,2.52345559624953,6274.87500000002,2.43607482427874,13146.4375,6274.875,13146.4375,0.165229257725426,0.0788470741630822,2026,"WHO",2026-03-01,4431,4431,4431,4,1,TRUE,"applied_mean",NA,2,"2026/2027","Observed",9344,14655,86107,99415,NA,79960,"East & Southeast Asia","Malaysia",2.43607482427874,13146.4375,38.8397457859078,"Normal","Average - typical case load at this point",-0.451397428589112,"Low",22.2163957759901,"Below average - fewer cases than typical at this point","Malaysia"
"MYS",3,4,3.52286060852569,5290.87499999999,2.80561543143508,18437.3125,5290.875,18437.3125,0.235813603537792,0.0705843458123661,2026,"WHO",2026-04-01,6873,6873,6873,3,1,TRUE,"applied_mean",NA,2,"2026/2027","Observed",16217,21528,86107,99415,NA,79960,"East & Southeast Asia","Malaysia",2.80561543143508,18437.3125,49.6817928861196,"Normal","Average - typical case load at this point",-0.201696107583449,"Low",22.2163957759901,"Below average - fewer cases than typical at this point","Malaysia"
"MYS",4,5,3.09089130146189,6162.5,2.9518837261864,24599.8124999999,6162.5,24599.8125,0.314906133573656,0.0790925300358645,2026,"WHO",2026-05-01,13323,7343,13323,2,1.81441774428585,TRUE,"applied_mean",NA,2,"2026/2027","Observed",29540,34851,86107,99415,NA,79960,"East & Southeast Asia","Malaysia",2.9518837261864,24599.8124999999,69.7322439332532,"Normal","Average - typical case load at this point",0.345012796753234,"Low",22.2163957759901,"Below average - fewer cases than typical at this point","Malaysia"
"MYS",5,6,3.0791840553623,6668.625,3.03632506881466,31268.4375000001,6668.625,31268.4375,0.39910625008642,0.0842001165127635,2026,"WHO",2026-06-01,4826,4826,NA,1,NA,FALSE,"insufficient_n_rf",NA,2,"2026/2027","Observed",34366,39677,86107,99415,NA,79960,"East & Southeast Asia","Malaysia",3.03632506881466,31268.4375000001,63.9954728197207,"Normal","Average - typical case load at this point",0.172610394703085,"Low",22.2163957759901,"Below average - fewer cases than typical at this point","Malaysia"
"MYS",6,7,2.72470985226728,7639.31250000001,3.01553300716189,38907.75,7639.3125,38907.75,0.493735843996143,0.0946295939097232,2026,"Estimates",2026-07-01,5113,NA,NA,NA,NA,NA,NA,NA,2,"2026/2027","Unobserved",39479,44790,86107,99415,5113.21547731799,79960,"East & Southeast Asia","Malaysia",3.01553300716189,38907.75,58.6442561252194,"Normal","Average - typical case load at this point",0.0254950172633808,"Low",22.2163957759901,"Below average - fewer cases than typical at this point","Malaysia"
"MYS",7,8,2.47963012618854,6379.62499999999,2.97571083106786,45287.375,6379.625,45287.375,0.571356434038816,0.0776205900426727,2026,NA,2026-08-01,NA,NA,NA,NA,NA,NA,NA,NA,2,"2026/2027","Unobserved",39479,44790,86107,99415,NA,79960,"East & Southeast Asia","Malaysia",2.97571083106786,45287.375,48.6095845106119,"Normal","Average - typical case load at this point",-0.221237424649385,"Low",22.2163957759901,"Below average - fewer cases than typical at this point","Malaysia"
"MYS",8,9,3.00319948666315,5951.75,3.06505800988884,51239.1249999999,5951.75,51239.125,0.646473789119196,0.07511735508038,2026,NA,2026-09-01,NA,NA,NA,NA,NA,NA,NA,NA,2,"2026/2027","Unobserved",39479,44790,86107,99415,NA,79960,"East & Southeast Asia","Malaysia",3.06505800988884,51239.1249999999,40.4376438615127,"Normal","Average - typical case load at this point",-0.40180616257906,"Low",22.2163957759901,"Below average - fewer cases than typical at this point","Malaysia"
"MYS",9,10,3.6816714869609,5958.43749999999,3.2167924564215,57197.5624999999,5958.4375,57197.5625,0.724406437659999,0.0779326485408028,2026,NA,2026-10-01,NA,NA,NA,NA,NA,NA,NA,NA,2,"2026/2027","Unobserved",39479,44790,86107,99415,NA,79960,"East & Southeast Asia","Malaysia",3.2167924564215,57197.5624999999,33.2104743851015,"Normal","Average - typical case load at this point",-0.555584693247479,"Low",22.2163957759901,"Below average - fewer cases than typical at this point","Malaysia"
"MYS",10,11,3.07947592696705,5853.68750000002,3.2948985826461,63051.25,5853.6875,63051.25,0.799190026781236,0.0747835891212373,2026,NA,2026-11-01,NA,NA,NA,NA,NA,NA,NA,NA,2,"2026/2027","Unobserved",39479,44790,86107,99415,NA,79960,"East & Southeast Asia","Malaysia",3.2948985826461,63051.25,27.5140733945809,"Normal","Average - typical case load at this point",-0.678604938673188,"Low",22.2163957759901,"Below average - fewer cases than typical at this point","Malaysia"
"MYS",11,12,2.9734523020794,6646.75,3.37978135725552,69698.0000000001,6646.75,69698,0.885151630335561,0.0859616035543254,2026,NA,2026-12-01,NA,NA,NA,NA,NA,NA,NA,NA,2,"2026/2027","Unobserved",39479,44790,86107,99415,NA,79960,"East & Southeast Asia","Malaysia",3.37978135725552,69698.0000000001,22.2163957759901,"Low","Below average - fewer cases than typical at this point",-0.797064645425917,"Low",22.2163957759901,"Below average - fewer cases than typical at this point","Malaysia"
"NCL",5,1,0.29470609481677,194.818181818182,0.56409602867753,370.363636363636,194.818181818182,370.363636363636,0.34057248640989,0.069362227773841,2025,"WHO",2025-01-01,0,0,NA,18,NA,FALSE,"no_lookup_match",NA,9,"2024/2025","Observed",0,0,3,18,NA,3,"Pacific Islands","New Caledonia",0.56409602867753,370.363636363636,2.57284335461719,"Extremely Low","Rare good event - unusually low cases to date",-0.75049195063168,"Low",20.962023945933,"Below average - fewer cases than typical at this point","New Caledonia"
"NCL",6,2,0.255979530451588,354.636363636365,0.489959521466978,725,354.636363636364,725,0.445709325857552,0.105136839447662,2025,"WHO",2025-02-01,0,0,NA,17,NA,FALSE,"no_lookup_match",NA,9,"2024/2025","Observed",0,0,3,18,NA,3,"Pacific Islands","New Caledonia",0.489959521466978,725,2.79638810299742,"Extremely Low","Rare good event - unusually low cases to date",-0.699734683567292,"Low",20.962023945933,"Below average - fewer cases than typical at this point","New Caledonia"
"NCL",7,3,0.271029499659282,519.636363636365,0.42692324547384,1244.63636363636,519.636363636364,1244.63636363636,0.579889473653222,0.13418014779567,2025,"WHO",2025-03-01,0,0,NA,16,NA,FALSE,"no_lookup_match",NA,9,"2024/2025","Observed",0,0,3,18,NA,3,"Pacific Islands","New Caledonia",0.42692324547384,1244.63636363636,3.31725279281061,"Extremely Low","Rare good event - unusually low cases to date",-0.653281605866702,"Low",20.962023945933,"Below average - fewer cases than typical at this point","New Caledonia"
"NCL",8,4,0.284935420030207,405.545454545454,0.416657748471336,1650.18181818182,405.545454545455,1650.18181818182,0.70234213735628,0.122452663703057,2025,"WHO",2025-04-01,2,2,NA,15,NA,FALSE,"no_lookup_match",NA,9,"2024/2025","Observed",2,2,3,18,NA,3,"Pacific Islands","New Caledonia",0.416657748471336,1650.18181818182,5.42386083565465,"Low","Below average - fewer cases than typical at this point",-0.644626613625615,"Low",20.962023945933,"Below average - fewer cases than typical at this point","New Caledonia"
"NCL",9,5,0.26630559400115,258.545454545455,0.432932094665887,1908.72727272727,258.545454545455,1908.72727272727,0.838524648372544,0.136182511016264,2025,"WHO",2025-05-01,1,1,NA,14,NA,FALSE,"no_lookup_match",NA,9,"2024/2025","Observed",3,3,3,18,NA,3,"Pacific Islands","New Caledonia",0.432932094665887,1908.72727272727,5.2722111197749,"Low","Below average - fewer cases than typical at this point",-0.656867106353204,"Low",20.962023945933,"Below average - fewer cases than typical at this point","New Caledonia"
"NCL",10,6,0.286832642348794,110,0.437659764557835,2018.72727272727,110,2018.72727272727,0.898156639876026,0.0596319915034818,2025,"WHO",2025-06-01,0,0,NA,13,NA,FALSE,"no_lookup_match",NA,9,"2024/2025","Observed",3,3,3,18,NA,3,"Pacific Islands","New Caledonia",0.437659764557835,2018.72727272727,5.00096838204311,"Low","Below average - fewer cases than typical at this point",-0.660503860519708,"Low",20.962023945933,"Below average - fewer cases than typical at this point","New Caledonia"
"NCL",11,7,0.302967398105661,42.6363636363636,0.446764873909056,2061.36363636363,42.6363636363636,2061.36363636364,0.931254117055095,0.0330974771790695,2025,"WHO",2025-07-01,0,0,0,12,1,TRUE,"applied_mean",NA,9,"2024/2025","Observed",3,3,3,18,NA,3,"Pacific Islands","New Caledonia",0.446764873909056,2061.36363636363,4.68965729192691,"Extremely Low","Rare good event - unusually low cases to date",-0.667359646720903,"Low",20.962023945933,"Below average - fewer cases than typical at this point","New Caledonia"
"NCL",12,8,0.403132100340864,25.8181818181818,0.471570886056434,2087.18181818182,25.8181818181818,2087.18181818182,1,0.0687458829449047,2025,"WHO",2025-08-01,0,0,0,11,1,TRUE,"applied_mean",NA,9,"2024/2025","Observed",3,3,3,18,NA,3,"Pacific Islands","New Caledonia",0.471570886056434,2087.18181818182,4.01453037834832,"Extremely Low","Rare good event - unusually low cases to date",-0.685645699514482,"Low",20.962023945933,"Below average - fewer cases than typical at this point","New Caledonia"
"NCL",1,9,0.367984868642507,32.2727272727273,0.367984868642507,32.2727272727273,32.2727272727273,32.2727272727273,0.069940122827225,0.069940122827225,2025,"WHO",2025-09-01,2,2,2,10,1,TRUE,"applied_mean",NA,9,"2025/2026","Observed",2,5,1689,18,NA,1689,"Pacific Islands","New Caledonia",0.367984868642507,32.2727272727273,30.9021063072516,"Normal","Average - typical case load at this point",-0.565807737516155,"Low",20.962023945933,"Below average - fewer cases than typical at this point","New Caledonia"
"NCL",2,10,0.378044220971064,28.1818181818182,0.358468194564705,60.4545454545455,28.1818181818182,60.4545454545455,0.122661694758665,0.0527215719314396,2025,"WHO",2025-10-01,0,0,0,9,1,TRUE,"applied_mean",NA,9,"2025/2026","Observed",2,5,1689,18,NA,1689,"Pacific Islands","New Caledonia",0.358468194564705,60.4545454545455,25.3558025524856,"Normal","Average - typical case load at this point",-0.577206029424435,"Low",20.962023945933,"Below average - fewer cases than typical at this point","New Caledonia"
"NCL",3,11,0.35441539799064,46.7272727272728,0.341814817212541,107.181818181818,46.7272727272727,107.181818181818,0.190925120137157,0.0682634253784927,2025,"WHO",2025-11-01,0,0,0,8,1,TRUE,"applied_mean",NA,9,"2025/2026","Observed",2,5,1689,18,NA,1689,"Pacific Islands","New Caledonia",0.341814817212541,107.181818181818,21.9662784871777,"Low","Below average - fewer cases than typical at this point",-0.572827146711934,"Low",20.962023945933,"Below average - fewer cases than typical at this point","New Caledonia"
"NCL",4,12,0.295259619501213,68.3636363636363,0.312432163089021,175.545454545454,68.3636363636364,175.545454545455,0.271210258636049,0.080285138498892,2025,"WHO",2025-12-01,0,0,0,7,1,TRUE,"applied_mean",NA,9,"2025/2026","Observed",2,5,1689,18,NA,1689,"Pacific Islands","New Caledonia",0.312432163089021,175.545454545454,20.962023945933,"Low","Below average - fewer cases than typical at this point",-0.552097005732768,"Low",20.962023945933,"Below average - fewer cases than typical at this point","New Caledonia"
"NCL",5,1,0.29470609481677,194.818181818182,0.56409602867753,370.363636363636,194.818181818182,370.363636363636,0.34057248640989,0.069362227773841,2026,"WHO",2026-01-01,39,39,39,6,1,TRUE,"applied_mean",NA,9,"2025/2026","Observed",41,39,1689,1686,NA,1689,"Pacific Islands","New Caledonia",0.56409602867753,370.363636363636,23.213309739507,"Low","Below average - fewer cases than typical at this point",-0.667410981133671,"Low",13.8256216648988,"Below average - fewer cases than typical at this point","New Caledonia"
"NCL",6,2,0.255979530451588,354.636363636365,0.489959521466978,725,354.636363636364,725,0.445709325857552,0.105136839447662,2026,"WHO",2026-02-01,126,126,126,5,1,TRUE,"applied_mean",NA,9,"2025/2026","Observed",167,165,1689,1686,NA,1689,"Pacific Islands","New Caledonia",0.489959521466978,725,37.4379810330616,"Normal","Average - typical case load at this point",-0.538554418524895,"Low",13.8256216648988,"Below average - fewer cases than typical at this point","New Caledonia"
"NCL",7,3,0.271029499659282,519.636363636365,0.42692324547384,1244.63636363636,519.636363636364,1244.63636363636,0.579889473653222,0.13418014779567,2026,"WHO",2026-03-01,309,309,NA,4,NA,FALSE,"insufficient_n_rf",NA,9,"2025/2026","Observed",476,474,1689,1686,NA,1689,"Pacific Islands","New Caledonia",0.42692324547384,1244.63636363636,49.6566366387349,"Normal","Average - typical case load at this point",-0.403439922401795,"Low",13.8256216648988,"Below average - fewer cases than typical at this point","New Caledonia"
"NCL",8,4,0.284935420030207,405.545454545454,0.416657748471336,1650.18181818182,405.545454545455,1650.18181818182,0.70234213735628,0.122452663703057,2026,"WHO",2026-04-01,835,835,NA,3,NA,FALSE,"no_lookup_match",NA,9,"2025/2026","Observed",1311,1309,1689,1686,NA,1689,"Pacific Islands","New Caledonia",0.416657748471336,1650.18181818182,64.8691652726597,"Normal","Average - typical case load at this point",-0.132658681491294,"Low",13.8256216648988,"Below average - fewer cases than typical at this point","New Caledonia"
"NCL",9,5,0.26630559400115,258.545454545455,0.432932094665887,1908.72727272727,258.545454545455,1908.72727272727,0.838524648372544,0.136182511016264,2026,"WHO",2026-05-01,105,105,NA,2,NA,FALSE,"no_lookup_match",NA,9,"2025/2026","Observed",1416,1414,1689,1686,NA,1689,"Pacific Islands","New Caledonia",0.432932094665887,1908.72727272727,62.9284027007338,"Normal","Average - typical case load at this point",-0.169833502668242,"Low",13.8256216648988,"Below average - fewer cases than typical at this point","New Caledonia"
"NCL",10,6,0.286832642348794,110,0.437659764557835,2018.72727272727,110,2018.72727272727,0.898156639876026,0.0596319915034818,2026,"Estimates",2026-06-01,101,NA,NA,NA,NA,NA,NA,NA,9,"2025/2026","Unobserved",1517,1515,1689,1686,100.718433649381,1689,"Pacific Islands","New Caledonia",0.437659764557835,2018.72727272727,63.071112081085,"Normal","Average - typical case load at this point",-0.164403590231735,"Low",13.8256216648988,"Below average - fewer cases than typical at this point","New Caledonia"
"NCL",11,7,0.302967398105661,42.6363636363636,0.446764873909056,2061.36363636363,42.6363636363636,2061.36363636364,0.931254117055095,0.0330974771790695,2026,"Estimates",2026-07-01,56,NA,NA,NA,NA,NA,NA,NA,9,"2025/2026","Unobserved",1573,1571,1689,1686,55.9016389554484,1689,"Pacific Islands","New Caledonia",0.446764873909056,2061.36363636363,63.153485176595,"Normal","Average - typical case load at this point",-0.158336543688043,"Low",13.8256216648988,"Below average - fewer cases than typical at this point","New Caledonia"
"NCL",12,8,0.403132100340864,25.8181818181818,0.471570886056434,2087.18181818182,25.8181818181818,2087.18181818182,1,0.0687458829449047,2026,NA,2026-08-01,NA,NA,NA,NA,NA,NA,NA,NA,9,"2025/2026","Unobserved",1573,1571,1689,1686,NA,1689,"Pacific Islands","New Caledonia",0.471570886056434,2087.18181818182,62.2045023478977,"Normal","Average - typical case load at this point",-0.169153453565991,"Low",13.8256216648988,"Below average - fewer cases than typical at this point","New Caledonia"
"NCL",1,9,0.367984868642507,32.2727272727273,0.367984868642507,32.2727272727273,32.2727272727273,32.2727272727273,0.069940122827225,0.069940122827225,2026,NA,2026-09-01,NA,NA,NA,NA,NA,NA,NA,NA,9,"2026/2027","Unobserved",0,1571,NA,1686,NA,NA,"Pacific Islands","New Caledonia",0.367984868642507,32.2727272727273,19.1951432853814,"Low","Below average - fewer cases than typical at this point",-0.603188428883588,"Low",13.8256216648988,"Below average - fewer cases than typical at this point","New Caledonia"
"NCL",2,10,0.378044220971064,28.1818181818182,0.358468194564705,60.4545454545455,28.1818181818182,60.4545454545455,0.122661694758665,0.0527215719314396,2026,NA,2026-10-01,NA,NA,NA,NA,NA,NA,NA,NA,9,"2026/2027","Unobserved",0,1571,NA,1686,NA,NA,"Pacific Islands","New Caledonia",0.358468194564705,60.4545454545455,15.8773751898703,"Low","Below average - fewer cases than typical at this point",-0.596954913790434,"Low",13.8256216648988,"Below average - fewer cases than typical at this point","New Caledonia"
"NCL",3,11,0.35441539799064,46.7272727272728,0.341814817212541,107.181818181818,46.7272727272727,107.181818181818,0.190925120137157,0.0682634253784927,2026,NA,2026-11-01,NA,NA,NA,NA,NA,NA,NA,NA,9,"2026/2027","Unobserved",0,1571,NA,1686,NA,NA,"Pacific Islands","New Caledonia",0.341814817212541,107.181818181818,14.003760418245,"Low","Below average - fewer cases than typical at this point",-0.583719279147252,"Low",13.8256216648988,"Below average - fewer cases than typical at this point","New Caledonia"
"NCL",4,12,0.295259619501213,68.3636363636363,0.312432163089021,175.545454545454,68.3636363636364,175.545454545455,0.271210258636049,0.080285138498892,2026,NA,2026-12-01,NA,NA,NA,NA,NA,NA,NA,NA,9,"2026/2027","Unobserved",0,1571,NA,1686,NA,NA,"Pacific Islands","New Caledonia",0.312432163089021,175.545454545454,13.8256216648988,"Low","Below average - fewer cases than typical at this point",-0.558459569444722,"Low",13.8256216648988,"Below average - fewer cases than typical at this point","New Caledonia"
"NPL",11,1,0.418991970209566,98.5625,0.349783731221245,11967.1875,98.5625,11967.1875,0.978501466616771,0.0471199480529055,2025,"SEARO",2025-01-01,259,259,NA,19,NA,FALSE,"no_lookup_match",NA,3,"2024/2025","Observed",259,259,511,9205,NA,511,"South Asia","Nepal",0.349783731221245,11967.1875,20.3106596198854,"Low","Below average - fewer cases than typical at this point",-0.578616787203865,"Normal",64.3508853377574,"Average - typical case load at this point","Nepal"
"NPL",12,2,0.249414910374533,88.4375,0.352290459105249,12055.625,88.4375,12055.625,1,0.021498533383229,2025,"SEARO",2025-02-01,252,252,NA,18,NA,FALSE,"no_lookup_match",NA,3,"2024/2025","Observed",511,511,511,9205,NA,511,"South Asia","Nepal",0.352290459105249,12055.625,25.4353154098058,"Normal","Average - typical case load at this point",-0.568373989902312,"Normal",64.3508853377574,"Average - typical case load at this point","Nepal"
"NPL",1,3,0.281770268781614,72.5625000000001,0.281770268781614,72.5625000000001,72.5625,72.5625,0.00965508034100654,0.00965508034100654,2025,"SEARO",2025-03-01,254,254,NA,17,NA,FALSE,"no_lookup_match",NA,3,"2025/2026","Observed",254,765,8374,9205,NA,8374,"South Asia","Nepal",0.281770268781614,72.5625000000001,92.0225232423973,"High","Above average - more cases than typical at this point",1.32471001375375,"Normal",64.3508853377574,"Average - typical case load at this point","Nepal"
"NPL",2,4,0.272087328361659,68.375,0.278351222692978,140.9375,68.375,140.9375,0.0203413143993515,0.0106862340583449,2025,"SEARO",2025-04-01,224,224,NA,16,NA,FALSE,"no_lookup_match",NA,3,"2025/2026","Observed",478,989,8374,9205,NA,8374,"South Asia","Nepal",0.278351222692978,140.9375,91.6242597139229,"High","Above average - more cases than typical at this point",1.26052655267908,"Normal",64.3508853377574,"Average - typical case load at this point","Nepal"
"NPL",3,5,0.337135276385045,118.8125,0.332526239548348,259.749999999999,118.8125,259.75,0.0375197752437565,0.0171784608444051,2025,"SEARO",2025-05-01,314,314,NA,15,NA,FALSE,"no_lookup_match",NA,3,"2025/2026","Observed",792,1303,8374,9205,NA,8374,"South Asia","Nepal",0.332526239548348,259.749999999999,90.6477871067178,"High","Above average - more cases than typical at this point",1.18085144415388,"Normal",64.3508853377574,"Average - typical case load at this point","Nepal"
"NPL",4,6,0.390531857212742,194.5625,0.382254114791518,454.312500000001,194.5625,454.3125,0.0632322185278724,0.0257124432841159,2025,"SEARO",2025-06-01,530,530,NA,14,NA,FALSE,"no_lookup_match",NA,3,"2025/2026","Observed",1322,1833,8374,9205,NA,8374,"South Asia","Nepal",0.382254114791518,454.312500000001,90.3265806610639,"High","Above average - more cases than typical at this point",1.18032637181398,"Normal",64.3508853377574,"Average - typical case load at this point","Nepal"
"NPL",5,7,0.325579108366832,737.374999999999,0.357932193710656,1191.6875,737.375,1191.6875,0.127450173947058,0.0642179554191851,2025,"SEARO",2025-07-01,830,830,NA,13,NA,FALSE,"no_lookup_match",NA,3,"2025/2026","Observed",2152,2663,8374,9205,NA,8374,"South Asia","Nepal",0.357932193710656,1191.6875,82.3431657352041,"High","Above average - more cases than typical at this point",0.482042541020806,"Normal",64.3508853377574,"Average - typical case load at this point","Nepal"
"NPL",6,8,0.327308020944893,1926,0.34428919014728,3117.6875,1926,3117.6875,0.273051753323741,0.145601579376683,2025,"SEARO",2025-08-01,1197,1197,NA,12,NA,FALSE,"no_lookup_match",NA,3,"2025/2026","Observed",3349,3860,8374,9205,NA,8374,"South Asia","Nepal",0.34428919014728,3117.6875,72.817325560473,"Normal","Average - typical case load at this point",0.0435315604990738,"Normal",64.3508853377574,"Average - typical case load at this point","Nepal"
"NPL",7,9,0.304851414264732,4205.25,0.328534487999618,7322.93750000001,4205.25,7322.9375,0.536062335861178,0.263010582537437,2025,"SEARO",2025-09-01,1636,1636,NA,11,NA,FALSE,"no_lookup_match",NA,3,"2025/2026","Observed",4985,5496,8374,9205,NA,8374,"South Asia","Nepal",0.328534487999618,7322.93750000001,64.8677936254596,"Normal","Average - typical case load at this point",-0.182990401862413,"Normal",64.3508853377574,"Average - typical case load at this point","Nepal"
"NPL",8,10,0.321480318105087,3316.75,0.328018864519383,10639.6875,3316.75,10639.6875,0.76919379567197,0.233131459810793,2025,"SEARO",2025-10-01,1869,1869,NA,10,NA,FALSE,"no_lookup_match",NA,3,"2025/2026","Observed",6854,7365,8374,9205,NA,8374,"South Asia","Nepal",0.328018864519383,10639.6875,63.9009140931371,"Normal","Average - typical case load at this point",-0.203778614264567,"Normal",64.3508853377574,"Average - typical case load at this point","Nepal"
"NPL",9,11,0.389910485669407,1036.0625,0.335192892908042,11675.75,1036.0625,11675.75,0.885860743411429,0.116666947739458,2025,"SEARO",2025-11-01,891,891,NA,9,NA,FALSE,"no_lookup_match",NA,3,"2025/2026","Observed",7745,8256,8374,9205,NA,8374,"South Asia","Nepal",0.335192892908042,11675.75,64.1218532877805,"Normal","Average - typical case load at this point",-0.194908959353203,"Normal",64.3508853377574,"Average - typical case load at this point","Nepal"
"NPL",10,12,0.523224254169676,192.875,0.34017583135626,11868.625,192.875,11868.625,0.931381518563866,0.045520775152437,2025,"SEARO",2025-12-01,317,317,NA,8,NA,FALSE,"no_lookup_match",NA,3,"2025/2026","Observed",8062,8573,8374,9205,NA,8374,"South Asia","Nepal",0.34017583135626,11868.625,64.3508853377574,"Normal","Average - typical case load at this point",-0.187061835333399,"Normal",64.3508853377574,"Average - typical case load at this point","Nepal"
"NPL",11,1,0.418991970209566,98.5625,0.349783731221245,11967.1875,98.5625,11967.1875,0.978501466616771,0.0471199480529055,2026,"SEARO",2026-01-01,146,146,NA,7,NA,FALSE,"no_lookup_match",NA,3,"2025/2026","Observed",8208,146,8374,15889,NA,8374,"South Asia","Nepal",0.349783731221245,11967.1875,64.1495594946946,"Normal","Average - typical case load at this point",-0.185778455781216,"Normal",39.714911526042,"Average - typical case load at this point","Nepal"
"NPL",12,2,0.249414910374533,88.4375,0.352290459105249,12055.625,88.4375,12055.625,1,0.021498533383229,2026,"SEARO",2026-02-01,166,166,NA,6,NA,FALSE,"no_lookup_match",NA,3,"2025/2026","Observed",8374,312,8374,15889,NA,8374,"South Asia","Nepal",0.352290459105249,12055.625,64.2907121514666,"Normal","Average - typical case load at this point",-0.181256635930062,"Normal",39.714911526042,"Average - typical case load at this point","Nepal"
"NPL",1,3,0.281770268781614,72.5625000000001,0.281770268781614,72.5625000000001,72.5625,72.5625,0.00965508034100654,0.00965508034100654,2026,"SEARO",2026-03-01,175,175,NA,5,NA,FALSE,"no_lookup_match",NA,3,"2026/2027","Observed",175,487,13441,15889,NA,13441,"South Asia","Nepal",0.281770268781614,72.5625000000001,87.1953948774687,"High","Above average - more cases than typical at this point",0.747915849997378,"Normal",39.714911526042,"Average - typical case load at this point","Nepal"
"NPL",2,4,0.272087328361659,68.375,0.278351222692978,140.9375,68.375,140.9375,0.0203413143993515,0.0106862340583449,2026,"SEARO",2026-04-01,209,209,NA,4,NA,FALSE,"no_lookup_match",NA,3,"2026/2027","Observed",384,696,13441,15889,NA,13441,"South Asia","Nepal",0.278351222692978,140.9375,88.8614808516474,"High","Above average - more cases than typical at this point",0.908990870270525,"Normal",39.714911526042,"Average - typical case load at this point","Nepal"
"NPL",3,5,0.337135276385045,118.8125,0.332526239548348,259.749999999999,118.8125,259.75,0.0375197752437565,0.0171784608444051,2026,"SEARO",2026-05-01,246,246,NA,3,NA,FALSE,"no_lookup_match",NA,3,"2026/2027","Observed",630,942,13441,15889,NA,13441,"South Asia","Nepal",0.332526239548348,259.749999999999,87.3197662228951,"High","Above average - more cases than typical at this point",0.82143775894406,"Normal",39.714911526042,"Average - typical case load at this point","Nepal"
"NPL",4,6,0.390531857212742,194.5625,0.382254114791518,454.312500000001,194.5625,454.3125,0.0632322185278724,0.0257124432841159,2026,"SEARO",2026-06-01,351,351,NA,2,NA,FALSE,"no_lookup_match",NA,3,"2026/2027","Observed",981,1293,13441,15889,NA,13441,"South Asia","Nepal",0.382254114791518,454.312500000001,85.4970116378921,"High","Above average - more cases than typical at this point",0.71645972306248,"Normal",39.714911526042,"Average - typical case load at this point","Nepal"
"NPL",5,7,0.325579108366832,737.374999999999,0.357932193710656,1191.6875,737.375,1191.6875,0.127450173947058,0.0642179554191851,2026,"SEARO",2026-07-01,732,732,NA,1,NA,FALSE,"no_lookup_match",NA,3,"2026/2027","Observed",1713,2025,13441,15889,NA,13441,"South Asia","Nepal",0.357932193710656,1191.6875,78.1188111728784,"High","Above average - more cases than typical at this point",0.261680236554152,"Normal",39.714911526042,"Average - typical case load at this point","Nepal"
"NPL",6,8,0.327308020944893,1926,0.34428919014728,3117.6875,1926,3117.6875,0.273051753323741,0.145601579376683,2026,"SEARO",2026-08-01,NA,0,NA,0,NA,FALSE,"no_lookup_match",NA,3,"2026/2027","Unobserved",1713,2025,13441,15889,NA,13441,"South Asia","Nepal",0.34428919014728,3117.6875,60.3125477984451,"Normal","Average - typical case load at this point",-0.264353369958574,"Normal",39.714911526042,"Average - typical case load at this point","Nepal"
"NPL",7,9,0.304851414264732,4205.25,0.328534487999618,7322.93750000001,4205.25,7322.9375,0.536062335861178,0.263010582537437,2026,"SEARO",2026-09-01,NA,0,NA,-1,NA,FALSE,"no_lookup_match",NA,3,"2026/2027","Unobserved",1713,2025,13441,15889,NA,13441,"South Asia","Nepal",0.328534487999618,7322.93750000001,47.2795883618789,"Normal","Average - typical case load at this point",-0.439089889078737,"Normal",39.714911526042,"Average - typical case load at this point","Nepal"
"NPL",8,10,0.321480318105087,3316.75,0.328018864519383,10639.6875,3316.75,10639.6875,0.76919379567197,0.233131459810793,2026,"SEARO",2026-10-01,NA,0,NA,-2,NA,FALSE,"no_lookup_match",NA,3,"2026/2027","Unobserved",1713,2025,13441,15889,NA,13441,"South Asia","Nepal",0.328018864519383,10639.6875,42.1028489538341,"Normal","Average - typical case load at this point",-0.480511930454595,"Normal",39.714911526042,"Average - typical case load at this point","Nepal"
"NPL",9,11,0.389910485669407,1036.0625,0.335192892908042,11675.75,1036.0625,11675.75,0.885860743411429,0.116666947739458,2026,"SEARO",2026-11-01,NA,0,NA,-3,NA,FALSE,"no_lookup_match",NA,3,"2026/2027","Unobserved",1713,2025,13441,15889,NA,13441,"South Asia","Nepal",0.335192892908042,11675.75,40.3168939348704,"Normal","Average - typical case load at this point",-0.494009854301627,"Normal",39.714911526042,"Average - typical case load at this point","Nepal"
"NPL",10,12,0.523224254169676,192.875,0.34017583135626,11868.625,192.875,11868.625,0.931381518563866,0.045520775152437,2026,"SEARO",2026-12-01,NA,0,NA,-4,NA,FALSE,"no_lookup_match",NA,3,"2026/2027","Unobserved",1713,2025,13441,15889,NA,13441,"South Asia","Nepal",0.34017583135626,11868.625,39.714911526042,"Normal","Average - typical case load at this point",-0.499058838592651,"Normal",39.714911526042,"Average - typical case load at this point","Nepal"
"PAK",11,1,0.549343064968178,1167.1875,0.815044375160075,48340.6875,1167.1875,48340.6875,0.979900148184244,0.0340044463741769,2025,"WHO",2025-01-01,3743,3743,NA,18,NA,FALSE,"no_lookup_match",NA,3,"2024/2025","Observed",3743,3743,6239,28855,NA,6239,"South Asia","Pakistan",0.815044375160075,48340.6875,10.9355435995678,"Low","Below average - fewer cases than typical at this point",-0.832887767178785,"Normal",40.3342291621943,"Average - typical case load at this point","Pakistan"
"PAK",12,2,0.564143154274571,688,0.821378873233528,49028.6875,688,49028.6875,1,0.0200998518157558,2025,"WHO",2025-02-01,2496,2496,NA,17,NA,FALSE,"no_lookup_match",NA,3,"2024/2025","Observed",6239,6239,6239,28855,NA,6239,"South Asia","Pakistan",0.821378873233528,49028.6875,15.9343418967424,"Low","Below average - fewer cases than typical at this point",-0.790964466683122,"Normal",40.3342291621943,"Average - typical case load at this point","Pakistan"
"PAK",1,3,0.600676016401075,559.625,0.600676016401075,559.625,559.625,559.625,0.0136616622759776,0.0136616622759776,2025,"WHO",2025-03-01,615,615,NA,16,NA,FALSE,"no_lookup_match",NA,3,"2025/2026","Observed",615,6854,22557,28855,NA,22557,"South Asia","Pakistan",0.600676016401075,559.625,69.390610616573,"Normal","Average - typical case load at this point",0.0766485294093059,"Normal",40.3342291621943,"Average - typical case load at this point","Pakistan"
"PAK",2,4,0.547939509415451,942.749999999998,0.551138887719445,1502.375,942.75,1502.375,0.0338396670534086,0.0201780047774309,2025,"WHO",2025-04-01,431,431,NA,15,NA,FALSE,"no_lookup_match",NA,3,"2025/2026","Observed",1046,7285,22557,28855,NA,22557,"South Asia","Pakistan",0.551138887719445,1502.375,58.2848391306992,"Normal","Average - typical case load at this point",-0.225472915570474,"Normal",40.3342291621943,"Average - typical case load at this point","Pakistan"
"PAK",3,5,0.664829221010327,3770.99999999999,0.704004699550154,5273.375,3771,5273.375,0.110197258827367,0.0763575917739583,2025,"WHO",2025-05-01,499,499,NA,14,NA,FALSE,"no_lookup_match",NA,3,"2025/2026","Observed",1545,7784,22557,28855,NA,22557,"South Asia","Pakistan",0.704004699550154,5273.375,33.3068419519294,"Normal","Average - typical case load at this point",-0.593184402304838,"Normal",40.3342291621943,"Average - typical case load at this point","Pakistan"
"PAK",4,6,0.720423551115589,2605.75,0.722853433925762,7879.12500000001,2605.75,7879.125,0.162531199713725,0.0523339408863583,2025,"WHO",2025-06-01,598,598,NA,13,NA,FALSE,"no_lookup_match",NA,3,"2025/2026","Observed",2143,8382,22557,28855,NA,22557,"South Asia","Pakistan",0.722853433925762,7879.12500000001,31.177620228645,"Normal","Average - typical case load at this point",-0.618936108122467,"Normal",40.3342291621943,"Average - typical case load at this point","Pakistan"
"PAK",5,7,0.724979444834083,1852.6875,0.728189961689624,9731.81249999999,1852.6875,9731.8125,0.199549063990278,0.0370178642765531,2025,"WHO",2025-07-01,1029,1029,1029,12,1,TRUE,"applied_mean",NA,3,"2025/2026","Observed",3172,9411,22557,28855,NA,22557,"South Asia","Pakistan",0.728189961689624,9731.81249999999,34.8174906110192,"Normal","Average - typical case load at this point",-0.575180017165702,"Normal",40.3342291621943,"Average - typical case load at this point","Pakistan"
"PAK",6,8,0.748395077548207,4244.625,0.753499904663486,13976.4375,4244.625,13976.4375,0.282212954113793,0.0826638901235148,2025,"WHO",2025-08-01,1015,1015,1015,11,1,TRUE,"applied_mean",NA,3,"2025/2026","Observed",4187,10426,22557,28855,NA,22557,"South Asia","Pakistan",0.753499904663486,13976.4375,32.2189689466153,"Normal","Average - typical case load at this point",-0.607982593356032,"Normal",40.3342291621943,"Average - typical case load at this point","Pakistan"
"PAK",7,9,0.751423761181542,14351.4375,0.789016067381713,28327.875,14351.4375,28327.875,0.565186634876686,0.282973680762893,2025,"WHO",2025-09-01,3245,3275,3245,10,0.990709226382118,TRUE,"applied_mean",NA,3,"2025/2026","Observed",7432,13671,22557,28855,NA,22557,"South Asia","Pakistan",0.789016067381713,28327.875,28.4255376738131,"Normal","Average - typical case load at this point",-0.655214409285853,"Normal",40.3342291621943,"Average - typical case load at this point","Pakistan"
"PAK",8,10,0.795534645956392,11705.375,0.79959543360754,40033.2500000001,11705.375,40033.25,0.801031702042603,0.235845067165917,2025,"WHO",2025-10-01,7613,7780,7613,9,0.978573866889447,TRUE,"applied_mean",NA,3,"2025/2026","Observed",15045,21284,22557,28855,NA,22557,"South Asia","Pakistan",0.79959543360754,40033.2500000001,36.0705301818228,"Normal","Average - typical case load at this point",-0.558143419973325,"Normal",40.3342291621943,"Average - typical case load at this point","Pakistan"
"PAK",9,11,0.774735086764483,5355.1875,0.803809331316592,45388.4375000001,5355.1875,45388.4375,0.910720086072748,0.109688384030145,2025,"WHO",2025-11-01,5128,5115,5128,8,1.00249958265346,TRUE,"applied_mean",NA,3,"2025/2026","Observed",20173,26412,22557,28855,NA,22557,"South Asia","Pakistan",0.803809331316592,45388.4375000001,40.2134031360642,"Normal","Average - typical case load at this point",-0.498074091679682,"Normal",40.3342291621943,"Average - typical case load at this point","Pakistan"
"PAK",10,12,0.677906448332548,1785.0625,0.80342109026422,47173.5000000001,1785.0625,47173.5,0.945895701810067,0.0351756157373195,2025,"WHO",2025-12-01,882,884,882,7,0.997879394305409,TRUE,"applied_mean",NA,3,"2025/2026","Observed",21055,27294,22557,28855,NA,22557,"South Asia","Pakistan",0.80342109026422,47173.5000000001,40.3342291621943,"Normal","Average - typical case load at this point",-0.496270028875412,"Normal",40.3342291621943,"Average - typical case load at this point","Pakistan"
"PAK",11,1,0.549343064968178,1167.1875,0.815044375160075,48340.6875,1167.1875,48340.6875,0.979900148184244,0.0340044463741769,2026,"WHO",2026-01-01,1193,1218,1193,6,0.979528648244155,TRUE,"applied_mean",NA,3,"2025/2026","Observed",22248,1193,22557,47056,NA,22557,"South Asia","Pakistan",0.815044375160075,48340.6875,40.8708470666198,"Normal","Average - typical case load at this point",-0.487296123404802,"Low",18.3957735435585,"Below average - fewer cases than typical at this point","Pakistan"
"PAK",12,2,0.564143154274571,688,0.821378873233528,49028.6875,688,49028.6875,1,0.0200998518157558,2026,"WHO",2026-02-01,309,304,309,5,1.01526529027167,TRUE,"applied_mean",NA,3,"2025/2026","Observed",22557,1502,22557,47056,NA,22557,"South Asia","Pakistan",0.821378873233528,49028.6875,40.7112584278347,"Normal","Average - typical case load at this point",-0.489327345184275,"Low",18.3957735435585,"Below average - fewer cases than typical at this point","Pakistan"
"PAK",1,3,0.600676016401075,559.625,0.600676016401075,559.625,559.625,559.625,0.0136616622759776,0.0136616622759776,2026,"WHO",2026-03-01,300,283,300,4,1.06025770066907,TRUE,"applied_mean",NA,3,"2026/2027","Observed",300,1802,37814,47056,NA,34984,"South Asia","Pakistan",0.600676016401075,559.625,50.4914214054905,"Normal","Average - typical case load at this point",-0.359365678517222,"Low",18.3957735435585,"Below average - fewer cases than typical at this point","Pakistan"
"PAK",2,4,0.547939509415451,942.749999999998,0.551138887719445,1502.375,942.75,1502.375,0.0338396670534086,0.0201780047774309,2026,"WHO",2026-04-01,1818,1618,1818,3,1.12370606523562,TRUE,"applied_mean",NA,3,"2026/2027","Observed",2118,3620,37814,47056,NA,34984,"South Asia","Pakistan",0.551138887719445,1502.375,76.2221950380528,"High","Above average - more cases than typical at this point",0.304150673564662,"Low",18.3957735435585,"Below average - fewer cases than typical at this point","Pakistan"
"PAK",3,5,0.664829221010327,3770.99999999999,0.704004699550154,5273.375,3771,5273.375,0.110197258827367,0.0763575917739583,2026,"WHO",2026-05-01,2857,1949,2857,2,1.46563026652075,TRUE,"applied_mean",NA,3,"2026/2027","Observed",4975,6477,37814,47056,NA,34984,"South Asia","Pakistan",0.704004699550154,5273.375,63.8790116136091,"Normal","Average - typical case load at this point",-0.0474714576826914,"Low",18.3957735435585,"Below average - fewer cases than typical at this point","Pakistan"
"PAK",4,6,0.720423551115589,2605.75,0.722853433925762,7879.12500000001,2605.75,7879.125,0.162531199713725,0.0523339408863583,2026,"WHO",2026-06-01,1171,1171,NA,1,NA,FALSE,"no_lookup_match",NA,3,"2026/2027","Observed",6146,7648,37814,47056,NA,34984,"South Asia","Pakistan",0.722853433925762,7879.12500000001,57.9314662004166,"Normal","Average - typical case load at this point",-0.187006671296347,"Low",18.3957735435585,"Below average - fewer cases than typical at this point","Pakistan"
"PAK",5,7,0.724979444834083,1852.6875,0.728189961689624,9731.81249999999,1852.6875,9731.8125,0.199549063990278,0.0370178642765531,2026,"Estimates",2026-07-01,835,NA,NA,NA,NA,NA,NA,NA,3,"2026/2027","Unobserved",6981,8483,37814,47056,835.011964486208,34984,"South Asia","Pakistan",0.728189961689624,9731.81249999999,55.3584422317719,"Normal","Average - typical case load at this point",-0.241197805725335,"Low",18.3957735435585,"Below average - fewer cases than typical at this point","Pakistan"
"PAK",6,8,0.748395077548207,4244.625,0.753499904663486,13976.4375,4244.625,13976.4375,0.282212954113793,0.0826638901235148,2026,NA,2026-08-01,NA,NA,NA,NA,NA,NA,NA,NA,3,"2026/2027","Unobserved",6981,8483,37814,47056,NA,34984,"South Asia","Pakistan",0.753499904663486,13976.4375,44.5647997842805,"Normal","Average - typical case load at this point",-0.434458489868293,"Low",18.3957735435585,"Below average - fewer cases than typical at this point","Pakistan"
"PAK",7,9,0.751423761181542,14351.4375,0.789016067381713,28327.875,14351.4375,28327.875,0.565186634876686,0.282973680762893,2026,NA,2026-09-01,NA,NA,NA,NA,NA,NA,NA,NA,3,"2026/2027","Unobserved",6981,8483,37814,47056,NA,34984,"South Asia","Pakistan",0.789016067381713,28327.875,27.2000323791497,"Normal","Average - typical case load at this point",-0.669356037649724,"Low",18.3957735435585,"Below average - fewer cases than typical at this point","Pakistan"
"PAK",8,10,0.795534645956392,11705.375,0.79959543360754,40033.2500000001,11705.375,40033.25,0.801031702042603,0.235845067165917,2026,NA,2026-10-01,NA,NA,NA,NA,NA,NA,NA,NA,3,"2026/2027","Unobserved",6981,8483,37814,47056,NA,34984,"South Asia","Pakistan",0.79959543360754,40033.2500000001,20.9057030447959,"Low","Below average - fewer cases than typical at this point",-0.738262817636822,"Low",18.3957735435585,"Below average - fewer cases than typical at this point","Pakistan"
"PAK",9,11,0.774735086764483,5355.1875,0.803809331316592,45388.4375000001,5355.1875,45388.4375,0.910720086072748,0.109688384030145,2026,NA,2026-11-01,NA,NA,NA,NA,NA,NA,NA,NA,3,"2026/2027","Unobserved",6981,8483,37814,47056,NA,34984,"South Asia","Pakistan",0.803809331316592,45388.4375000001,18.925365919207,"Low","Below average - fewer cases than typical at this point",-0.758652295704035,"Low",18.3957735435585,"Below average - fewer cases than typical at this point","Pakistan"
"PAK",10,12,0.677906448332548,1785.0625,0.80342109026422,47173.5000000001,1785.0625,47173.5,0.945895701810067,0.0351756157373195,2026,NA,2026-12-01,NA,NA,NA,NA,NA,NA,NA,NA,3,"2026/2027","Unobserved",6981,8483,37814,47056,NA,34984,"South Asia","Pakistan",0.80342109026422,47173.5000000001,18.3957735435585,"Low","Below average - fewer cases than typical at this point",-0.763686013192756,"Low",18.3957735435585,"Below average - fewer cases than typical at this point","Pakistan"
"PAN",10,1,1.0530542189779,999.124999999997,1.30770717197026,9138.93749999998,999.125,9138.9375,0.911413692784089,0.112479966494356,2025,"PAHO",2025-01-01,2339,2339,NA,79,NA,FALSE,"no_lookup_match","current_month_missing",4,"2024/2025","Observed",2339,2339,4947,24436,NA,4947,"North & Central America","Panama",1.30770717197026,9138.93749999998,16.9453625606898,"Low","Below average - fewer cases than typical at this point",-0.850811588868805,"High",84.2598516828368,"Above average - more cases than typical at this point","Panama"
"PAN",11,2,1.11816184395063,469.937500000001,1.31959334793756,9608.87500000002,469.9375,9608.875,0.961509636782907,0.0500959439988182,2025,"PAHO",2025-02-01,1335,1335,NA,75,NA,FALSE,"no_lookup_match","current_month_missing",4,"2024/2025","Observed",3674,3674,4947,24436,NA,4947,"North & Central America","Panama",1.31959334793756,9608.87500000002,26.026698085439,"Normal","Average - typical case load at this point",-0.709462218157791,"High",84.2598516828368,"Above average - more cases than typical at this point","Panama"
"PAN",12,3,1.23892816317675,360.875,1.32688642799309,9969.75000000003,360.875,9969.75,1,0.0384903632170932,2025,"PAHO",2025-03-01,1273,1273,NA,70,NA,FALSE,"no_lookup_match","current_month_missing",4,"2024/2025","Observed",4947,4947,4947,24436,NA,4947,"North & Central America","Panama",1.32688642799309,9969.75000000003,33.8168715976829,"Normal","Average - typical case load at this point",-0.580290247391587,"High",84.2598516828368,"Above average - more cases than typical at this point","Panama"
"PAN",1,4,1.11314160436522,275,1.11314160436522,275,275,275,0.0316872891669219,0.0316872891669219,2025,"PAHO",2025-04-01,827,827,NA,66,NA,FALSE,"no_lookup_match","current_month_missing",4,"2025/2026","Observed",827,5774,17131,24436,NA,17131,"North & Central America","Panama",1.11314160436522,275,95.6094766648992,"Extremely High","Rare bad event - unusually high cases to date",2.11351045087542,"High",84.2598516828368,"Above average - more cases than typical at this point","Panama"
"PAN",2,5,1.70088519954931,352.3125,1.46246943585808,627.312500000001,352.3125,627.3125,0.0808503047331569,0.049163015566235,2025,"PAHO",2025-05-01,962,962,NA,62,NA,FALSE,"no_lookup_match","current_month_missing",4,"2025/2026","Observed",1789,6736,17131,24436,NA,17131,"North & Central America","Panama",1.46246943585808,627.312500000001,96.2807910992533,"Extremely High","Rare bad event - unusually high cases to date",2.23688224523629,"High",84.2598516828368,"Above average - more cases than typical at this point","Panama"
"PAN",3,6,1.02657695377583,624.8125,1.29746870240966,1252.125,624.8125,1252.125,0.145216220493724,0.0643659157605672,2025,"PAHO",2025-06-01,1813,1813,NA,57,NA,FALSE,"no_lookup_match","current_month_missing",4,"2025/2026","Observed",3602,8549,17131,24436,NA,17131,"North & Central America","Panama",1.29746870240966,1252.125,95.7810769107575,"Extremely High","Rare bad event - unusually high cases to date",2.13658721350699,"High",84.2598516828368,"Above average - more cases than typical at this point","Panama"
"PAN",4,7,0.876743675939046,1230.9375,1.13626957305399,2483.0625,1230.9375,2483.0625,0.25086319734657,0.105646976852846,2025,"PAHO",2025-07-01,2331,2331,NA,53,NA,FALSE,"no_lookup_match","current_month_missing",4,"2025/2026","Observed",5933,10880,17131,24436,NA,17131,"North & Central America","Panama",1.13626957305399,2483.0625,91.5855205192443,"High","Above average - more cases than typical at this point",1.48069264551507,"High",84.2598516828368,"Above average - more cases than typical at this point","Panama"
"PAN",5,8,0.969220732158268,1207.125,1.12542749631825,3690.1875,1207.125,3690.1875,0.358133682787186,0.107270485440616,2025,"PAHO",2025-08-01,1989,1989,NA,49,1,TRUE,"applied_mean","previous_month_missing",4,"2025/2026","Observed",7922,12869,17131,24436,NA,17131,"North & Central America","Panama",1.12542749631825,3690.1875,88.9809852706254,"High","Above average - more cases than typical at this point",1.21638352499334,"High",84.2598516828368,"Above average - more cases than typical at this point","Panama"
"PAN",6,9,0.908152311312196,1192.0625,1.1098477557313,4882.25,1192.0625,4882.25,0.462296953576256,0.10416327078907,2025,"PAHO",2025-09-01,2406,2406,2406,44,1,TRUE,"applied_mean","not_missing",4,"2025/2026","Observed",10328,15275,17131,24436,NA,17131,"North & Central America","Panama",1.1098477557313,4882.25,88.520405941184,"High","Above average - more cases than typical at this point",1.17495175201461,"High",84.2598516828368,"Above average - more cases than typical at this point","Panama"
"PAN",7,10,1.19836507248932,1146.875,1.14523312993525,6029.12499999999,1146.875,6029.125,0.576047205272427,0.113750251696171,2025,"PAHO",2025-10-01,1624,1624,1624,40,1,TRUE,"applied_mean","not_missing",4,"2025/2026","Observed",11952,16899,17131,24436,NA,17131,"North & Central America","Panama",1.14523312993525,6029.12499999999,86.9358605845804,"High","Above average - more cases than typical at this point",1.0511966963923,"High",84.2598516828368,"Above average - more cases than typical at this point","Panama"
"PAN",8,11,1.20890771786666,1011.3125,1.17675339909318,7040.4375,1011.3125,7040.4375,0.677437619568261,0.101390414295833,2025,"PAHO",2025-11-01,1427,1427,1427,36,1,TRUE,"applied_mean","not_missing",4,"2025/2026","Observed",13379,18326,17131,24436,NA,17131,"North & Central America","Panama",1.17675339909318,7040.4375,85.8570064723159,"High","Above average - more cases than typical at this point",0.976556935638107,"High",84.2598516828368,"Above average - more cases than typical at this point","Panama"
"PAN",9,12,1.23231901108435,1099.375,1.23202926763297,8139.81249999999,1099.375,8139.8125,0.798933726289733,0.121496106721472,2025,"PAHO",2025-12-01,1197,1483,1197,31,0.985558683861307,TRUE,"applied_mean","not_missing",4,"2025/2026","Observed",14576,19523,17131,24436,NA,17131,"North & Central America","Panama",1.23202926763297,8139.81249999999,84.2598516828368,"High","Above average - more cases than typical at this point",0.877590542506904,"High",84.2598516828368,"Above average - more cases than typical at this point","Panama"
"PAN",10,1,1.0530542189779,999.124999999997,1.30770717197026,9138.93749999998,999.125,9138.9375,0.911413692784089,0.112479966494356,2026,"PAHO",2026-01-01,1037,1070,1037,27,0.968699898459765,TRUE,"applied_mean","not_missing",4,"2025/2026","Observed",15613,1037,17131,27614,NA,17131,"North & Central America","Panama",1.30770717197026,9138.93749999998,82.9983530613703,"High","Above average - more cases than typical at this point",0.81003794550479,"Normal",28.7601708586112,"Average - typical case load at this point","Panama"
"PAN",11,2,1.11816184395063,469.937500000001,1.31959334793756,9608.87500000002,469.9375,9608.875,0.961509636782907,0.0500959439988182,2026,"PAHO",2026-02-01,695,766,695,23,0.943473444863966,TRUE,"applied_mean","not_missing",4,"2025/2026","Observed",16308,1732,17131,27614,NA,17131,"North & Central America","Panama",1.31959334793756,9608.87500000002,82.8159680118915,"High","Above average - more cases than typical at this point",0.800821598132444,"Normal",28.7601708586112,"Average - typical case load at this point","Panama"
"PAN",12,3,1.23892816317675,360.875,1.32688642799309,9969.75000000003,360.875,9969.75,1,0.0384903632170932,2026,"PAHO",2026-03-01,823,836,823,18,0.956128130735365,TRUE,"applied_mean","not_missing",4,"2025/2026","Observed",17131,2555,17131,27614,NA,17131,"North & Central America","Panama",1.32688642799309,9969.75000000003,83.2675873178606,"High","Above average - more cases than typical at this point",0.827356235953005,"Normal",28.7601708586112,"Average - typical case load at this point","Panama"
"PAN",1,4,1.11314160436522,275,1.11314160436522,275,275,275,0.0316872891669219,0.0316872891669219,2026,"PAHO",2026-04-01,548,578,548,14,0.954891997378436,TRUE,"applied_mean","not_missing",4,"2026/2027","Observed",548,3103,10020,27614,NA,13015,"North & Central America","Panama",1.11314160436522,275,86.9233380078895,"High","Above average - more cases than typical at this point",1.04526875559599,"Normal",28.7601708586112,"Average - typical case load at this point","Panama"
"PAN",2,5,1.70088519954931,352.3125,1.46246943585808,627.312500000001,352.3125,627.3125,0.0808503047331569,0.049163015566235,2026,"PAHO",2026-05-01,736,787,736,10,0.950857510422068,TRUE,"applied_mean","not_missing",4,"2026/2027","Observed",1284,3839,10020,27614,NA,13015,"North & Central America","Panama",1.46246943585808,627.312500000001,89.3293024558629,"High","Above average - more cases than typical at this point",1.26448172113292,"Normal",28.7601708586112,"Average - typical case load at this point","Panama"
"PAN",3,6,1.02657695377583,624.8125,1.29746870240966,1252.125,624.8125,1252.125,0.145216220493724,0.0643659157605672,2026,"PAHO",2026-06-01,171,180,171,9,0.950952741183164,TRUE,"applied_mean","not_missing",4,"2026/2027","Observed",1455,4010,10020,27614,NA,13015,"North & Central America","Panama",1.29746870240966,1252.125,68.0239605916453,"Normal","Average - typical case load at this point",0.184460931300699,"Normal",28.7601708586112,"Average - typical case load at this point","Panama"
"PAN",4,7,0.876743675939046,1230.9375,1.13626957305399,2483.0625,1230.9375,2483.0625,0.25086319734657,0.105646976852846,2026,"Estimates",2026-07-01,1810,NA,NA,NA,NA,NA,NA,NA,4,"2026/2027","Unobserved",3265,5820,10020,27614,1809.83836046611,13015,"North & Central America","Panama",1.13626957305399,2483.0625,73.0952439654562,"Normal","Average - typical case load at this point",0.3356029219377,"Normal",28.7601708586112,"Average - typical case load at this point","Panama"
"PAN",5,8,0.969220732158268,1207.125,1.12542749631825,3690.1875,1207.125,3690.1875,0.358133682787186,0.107270485440616,2026,NA,2026-08-01,NA,NA,NA,NA,NA,NA,NA,NA,4,"2026/2027","Unobserved",3265,5820,10020,27614,NA,13015,"North & Central America","Panama",1.12542749631825,3690.1875,57.6767766541979,"Normal","Average - typical case load at this point",-0.122215024893733,"Normal",28.7601708586112,"Average - typical case load at this point","Panama"
"PAN",6,9,0.908152311312196,1192.0625,1.1098477557313,4882.25,1192.0625,4882.25,0.462296953576256,0.10416327078907,2026,NA,2026-09-01,NA,NA,NA,NA,NA,NA,NA,NA,4,"2026/2027","Unobserved",3265,5820,10020,27614,NA,13015,"North & Central America","Panama",1.1098477557313,4882.25,47.2716538508858,"Normal","Average - typical case load at this point",-0.348930949996903,"Normal",28.7601708586112,"Average - typical case load at this point","Panama"
"PAN",7,10,1.19836507248932,1146.875,1.14523312993525,6029.12499999999,1146.875,6029.125,0.576047205272427,0.113750251696171,2026,NA,2026-10-01,NA,NA,NA,NA,NA,NA,NA,NA,4,"2026/2027","Unobserved",3265,5820,10020,27614,NA,13015,"North & Central America","Panama",1.14523312993525,6029.12499999999,39.4262297507128,"Normal","Average - typical case load at this point",-0.49057916441177,"Normal",28.7601708586112,"Average - typical case load at this point","Panama"
"PAN",8,11,1.20890771786666,1011.3125,1.17675339909318,7040.4375,1011.3125,7040.4375,0.677437619568261,0.101390414295833,2026,NA,2026-11-01,NA,NA,NA,NA,NA,NA,NA,NA,4,"2026/2027","Unobserved",3265,5820,10020,27614,NA,13015,"North & Central America","Panama",1.17675339909318,7040.4375,33.9512476388795,"Normal","Average - typical case load at this point",-0.581666533333574,"Normal",28.7601708586112,"Average - typical case load at this point","Panama"
"PAN",9,12,1.23231901108435,1099.375,1.23202926763297,8139.81249999999,1099.375,8139.8125,0.798933726289733,0.121496106721472,2026,NA,2026-12-01,NA,NA,NA,NA,NA,NA,NA,NA,4,"2026/2027","Unobserved",3265,5820,10020,27614,NA,13015,"North & Central America","Panama",1.23202926763297,8139.81249999999,28.7601708586112,"Normal","Average - typical case load at this point",-0.664693088337532,"Normal",28.7601708586112,"Average - typical case load at this point","Panama"
"PER",5,1,2.03125610690481,4857.73333333332,1.81810315765963,15417.4,4857.73333333333,15417.4,0.328303895748276,0.118741543577129,2025,"PAHO",2025-01-01,6182,6182,NA,79,NA,FALSE,"no_lookup_match","current_month_missing",9,"2024/2025","Observed",6182,6182,32252,186794,NA,32252,"South America","Peru",1.81810315765963,15417.4,21.0063088298013,"Low","Below average - fewer cases than typical at this point",-0.807659349515342,"Normal",44.6795051977978,"Average - typical case load at this point","Peru"
"PER",6,2,1.13349791640089,6383.53333333334,1.73074810247741,21800.9333333334,6383.53333333333,21800.9333333333,0.438014375979465,0.10971048023119,2025,"PAHO",2025-02-01,4516,4516,NA,75,NA,FALSE,"no_lookup_match","current_month_missing",9,"2024/2025","Observed",10698,10698,32252,186794,NA,32252,"South America","Peru",1.73074810247741,21800.9333333334,28.4412259466836,"Normal","Average - typical case load at this point",-0.669980772119996,"Normal",44.6795051977978,"Average - typical case load at this point","Peru"
"PER",7,3,0.736415402152378,10602.0666666667,1.32313744699624,32403.0000000001,10602.0666666667,32403,0.562247235364582,0.124232859385117,2025,"PAHO",2025-03-01,7093,7093,NA,70,NA,FALSE,"no_lookup_match","current_month_missing",9,"2024/2025","Observed",17791,17791,32252,186794,NA,32252,"South America","Peru",1.32313744699624,32403.0000000001,37.3421770665278,"Normal","Average - typical case load at this point",-0.518702159892085,"Normal",44.6795051977978,"Average - typical case load at this point","Peru"
"PER",8,4,0.692505759317267,12129.7333333333,1.1858047101455,44532.7333333334,12129.7333333333,44532.7333333333,0.698447009375641,0.13619977401106,2025,"PAHO",2025-04-01,6207,6207,NA,66,NA,FALSE,"no_lookup_match","current_month_missing",9,"2024/2025","Observed",23998,23998,32252,186794,NA,32252,"South America","Peru",1.1858047101455,44532.7333333334,38.6368680334841,"Normal","Average - typical case load at this point",-0.502123466966716,"Normal",44.6795051977978,"Average - typical case load at this point","Peru"
"PER",9,5,0.612408023410236,12176.0666666667,1.11967141411013,56708.8000000001,12176.0666666667,56708.8,0.836747091351569,0.138300081975928,2025,"PAHO",2025-05-01,3573,3573,NA,62,NA,FALSE,"no_lookup_match","current_month_missing",9,"2024/2025","Observed",27571,27571,32252,186794,NA,32252,"South America","Peru",1.11967141411013,56708.8000000001,36.3612556418771,"Normal","Average - typical case load at this point",-0.543684946581233,"Normal",44.6795051977978,"Average - typical case load at this point","Peru"
"PER",10,6,0.670493075645633,6228.93333333332,1.10405393043825,62937.7333333333,6228.93333333333,62937.7333333333,0.916342195616208,0.0795951042646389,2025,"PAHO",2025-06-01,2451,2451,NA,57,NA,FALSE,"no_lookup_match","current_month_missing",9,"2024/2025","Observed",30022,30022,32252,186794,NA,32252,"South America","Peru",1.10405393043825,62937.7333333333,36.0408383206122,"Normal","Average - typical case load at this point",-0.54952034011295,"Normal",44.6795051977978,"Average - typical case load at this point","Peru"
"PER",11,7,0.713252408074025,3720.86666666667,1.09425767844589,66658.5999999999,3720.86666666667,66658.6,0.964466971313226,0.0481247756970174,2025,"PAHO",2025-07-01,1191,1191,NA,53,NA,FALSE,"no_lookup_match","current_month_missing",9,"2024/2025","Observed",31213,31213,32252,186794,NA,32252,"South America","Peru",1.09425767844589,66658.5999999999,35.6485215314519,"Normal","Average - typical case load at this point",-0.556240210618726,"Normal",44.6795051977978,"Average - typical case load at this point","Peru"
"PER",12,8,0.902739087283924,2227.8,1.10100498141248,68886.3999999997,2227.8,68886.4,1,0.0355330286867742,2025,"PAHO",2025-08-01,1039,1039,NA,49,0.949777438788679,TRUE,"applied_mean","replaced_with_uncor",9,"2024/2025","Observed",32252,32252,32252,186794,NA,32252,"South America","Peru",1.10100498141248,68886.3999999997,35.5256275058059,"Normal","Average - typical case load at this point",-0.558016145950628,"Normal",44.6795051977978,"Average - typical case load at this point","Peru"
"PER",1,9,0.768969074172824,1848.2,0.768969074172824,1848.2,1848.2,1848.2,0.0320940250481495,0.0320940250481495,2025,"PAHO",2025-09-01,1096,1276,1096,44,0.946324909828035,TRUE,"applied_mean","not_missing",9,"2025/2026","Observed",1096,33348,46642,186794,NA,46642,"South America","Peru",0.768969074172824,1848.2,49.0160693542481,"Normal","Average - typical case load at this point",-0.356819410901955,"Normal",44.6795051977978,"Average - typical case load at this point","Peru"
"PER",2,10,0.987652169221907,2210.93333333334,0.921389725148991,4059.13333333335,2210.93333333333,4059.13333333333,0.0704967609838446,0.0384027359356951,2025,"PAHO",2025-10-01,957,1100,957,40,0.943897893740172,TRUE,"applied_mean","not_missing",9,"2025/2026","Observed",2053,34305,46642,186794,NA,46642,"South America","Peru",0.921389725148991,4059.13333333335,41.2178301473865,"Normal","Average - typical case load at this point",-0.474349966641205,"Normal",44.6795051977978,"Average - typical case load at this point","Peru"
"PER",3,11,0.872281218432623,3643.53333333334,1.00413184997543,7702.66666666666,3643.53333333333,7702.66666666667,0.148659927087892,0.0781631661040471,2025,"PAHO",2025-11-01,1565,1751,1565,36,0.941474336677332,TRUE,"applied_mean","not_missing",9,"2025/2026","Observed",3618,35870,46642,186794,NA,46642,"South America","Peru",1.00413184997543,7702.66666666666,37.4081063935362,"Normal","Average - typical case load at this point",-0.531352321826337,"Normal",44.6795051977978,"Average - typical case load at this point","Peru"
"PER",4,12,1.51209953201623,2856.99999999999,1.24571286040984,10559.6666666667,2857,10559.6666666667,0.209562352171147,0.0609024250832549,2025,"PAHO",2025-12-01,3275,2832,3275,31,0.957005092282039,TRUE,"applied_mean","not_missing",9,"2025/2026","Observed",6893,39145,46642,186794,NA,46642,"South America","Peru",1.24571286040984,10559.6666666667,44.6795051977978,"Normal","Average - typical case load at this point",-0.387529332358973,"Normal",44.6795051977978,"Average - typical case load at this point","Peru"
"PER",5,1,2.03125610690481,4857.73333333332,1.81810315765963,15417.4,4857.73333333333,15417.4,0.328303895748276,0.118741543577129,2026,"PAHO",2026-01-01,2314,2352,2314,27,0.983664337581413,TRUE,"applied_mean","not_missing",9,"2025/2026","Observed",9207,2314,46642,39495,NA,46642,"South America","Peru",1.81810315765963,15417.4,35.1312924001051,"Normal","Average - typical case load at this point",-0.543115363084445,"Extremely Low",0.00127787017914218,"Rare good event - unusually low cases to date","Peru"
"PER",6,2,1.13349791640089,6383.53333333334,1.73074810247741,21800.9333333334,6383.53333333333,21800.9333333333,0.438014375979465,0.10971048023119,2026,"PAHO",2026-02-01,2845,2710,2845,23,1.01916638578574,TRUE,"applied_mean","not_missing",9,"2025/2026","Observed",12052,5159,46642,39495,NA,46642,"South America","Peru",1.73074810247741,21800.9333333334,32.8598155972544,"Normal","Average - typical case load at this point",-0.588276781092057,"Extremely Low",0.00127787017914218,"Rare good event - unusually low cases to date","Peru"
"PER",7,3,0.736415402152378,10602.0666666667,1.32313744699624,32403.0000000001,10602.0666666667,32403,0.562247235364582,0.124232859385117,2026,"PAHO",2026-03-01,5689,5693,5689,18,1.00867591698064,TRUE,"applied_mean","not_missing",9,"2025/2026","Observed",17741,10848,46642,39495,NA,46642,"South America","Peru",1.32313744699624,32403.0000000001,37.2425403528848,"Normal","Average - typical case load at this point",-0.52047707831493,"Extremely Low",0.00127787017914218,"Rare good event - unusually low cases to date","Peru"
"PER",8,4,0.692505759317267,12129.7333333333,1.1858047101455,44532.7333333334,12129.7333333333,44532.7333333333,0.698447009375641,0.13619977401106,2026,"PAHO",2026-04-01,7035,7026,7035,14,1.00574056142319,TRUE,"applied_mean","not_missing",9,"2025/2026","Observed",24776,17883,46642,39495,NA,46642,"South America","Peru",1.1858047101455,44532.7333333334,39.7200066046564,"Normal","Average - typical case load at this point",-0.48309950152442,"Extremely Low",0.00127787017914218,"Rare good event - unusually low cases to date","Peru"
"PER",9,5,0.612408023410236,12176.0666666667,1.11967141411013,56708.8000000001,12176.0666666667,56708.8,0.836747091351569,0.138300081975928,2026,"PAHO",2026-05-01,7666,7656,7666,10,1.00438534560072,TRUE,"applied_mean","not_missing",9,"2025/2026","Observed",32442,25549,46642,39495,NA,46642,"South America","Peru",1.11967141411013,56708.8000000001,41.6548609406123,"Normal","Average - typical case load at this point",-0.452796500137192,"Extremely Low",0.00127787017914218,"Rare good event - unusually low cases to date","Peru"
"PER",10,6,0.670493075645633,6228.93333333332,1.10405393043825,62937.7333333333,6228.93333333333,62937.7333333333,0.916342195616208,0.0795951042646389,2026,"PAHO",2026-06-01,10622,10858,10622,5,0.99657974662407,TRUE,"applied_mean","not_missing",9,"2025/2026","Observed",43064,36171,46642,39495,NA,46642,"South America","Peru",1.10405393043825,62937.7333333333,48.1675204388146,"Normal","Average - typical case load at this point",-0.33178725170883,"Extremely Low",0.00127787017914218,"Rare good event - unusually low cases to date","Peru"
"PER",11,7,0.713252408074025,3720.86666666667,1.09425767844589,66658.5999999999,3720.86666666667,66658.6,0.964466971313226,0.0481247756970174,2026,"PAHO",2026-07-01,1921,2027,1921,4,0.994005294504034,TRUE,"applied_mean","not_missing",9,"2025/2026","Observed",44985,38092,46642,39495,NA,46642,"South America","Peru",1.09425767844589,66658.5999999999,47.7950759625727,"Normal","Average - typical case load at this point",-0.3401191637006,"Extremely Low",0.00127787017914218,"Rare good event - unusually low cases to date","Peru"
"PER",12,8,0.902739087283924,2227.8,1.10100498141248,68886.3999999997,2227.8,68886.4,1,0.0355330286867742,2026,NA,2026-08-01,NA,NA,NA,NA,NA,NA,NA,NA,9,"2025/2026","Unobserved",44985,38092,46642,39495,NA,46642,"South America","Peru",1.10100498141248,68886.3999999997,46.528791665696,"Normal","Average - typical case load at this point",-0.364066754493708,"Extremely Low",0.00127787017914218,"Rare good event - unusually low cases to date","Peru"
"PER",1,9,0.768969074172824,1848.2,0.768969074172824,1848.2,1848.2,1848.2,0.0320940250481495,0.0320940250481495,2026,NA,2026-09-01,NA,NA,NA,NA,NA,NA,NA,NA,9,"2026/2027","Unobserved",0,38092,NA,39495,NA,NA,"South America","Peru",0.768969074172824,1848.2,0.251246259768203,"Extremely Low","Rare good event - unusually low cases to date",-0.876726449387123,"Extremely Low",0.00127787017914218,"Rare good event - unusually low cases to date","Peru"
"PER",2,10,0.987652169221907,2210.93333333334,0.921389725148991,4059.13333333335,2210.93333333333,4059.13333333333,0.0704967609838446,0.0384027359356951,2026,NA,2026-10-01,NA,NA,NA,NA,NA,NA,NA,NA,9,"2026/2027","Unobserved",0,38092,NA,39495,NA,NA,"South America","Peru",0.921389725148991,4059.13333333335,0.0438908789499972,"Extremely Low","Rare good event - unusually low cases to date",-0.959781550541106,"Extremely Low",0.00127787017914218,"Rare good event - unusually low cases to date","Peru"
"PER",3,11,0.872281218432623,3643.53333333334,1.00413184997543,7702.66666666666,3643.53333333333,7702.66666666667,0.148659927087892,0.0781631661040471,2026,NA,2026-11-01,NA,NA,NA,NA,NA,NA,NA,NA,9,"2026/2027","Unobserved",0,38092,NA,39495,NA,NA,"South America","Peru",1.00413184997543,7702.66666666666,0.0125614904957236,"Extremely Low","Rare good event - unusually low cases to date",-1.00199848643406,"Extremely Low",0.00127787017914218,"Rare good event - unusually low cases to date","Peru"
"PER",4,12,1.51209953201623,2856.99999999999,1.24571286040984,10559.6666666667,2857,10559.6666666667,0.209562352171147,0.0609024250832549,2026,NA,2026-12-01,NA,NA,NA,NA,NA,NA,NA,NA,9,"2026/2027","Unobserved",0,38092,NA,39495,NA,NA,"South America","Peru",1.24571286040984,10559.6666666667,0.00127787017914218,"Extremely Low","Rare good event - unusually low cases to date",-1.11604924725453,"Extremely Low",0.00127787017914218,"Rare good event - unusually low cases to date","Peru"
"PLW",10,1,0.641914731612241,38.2857142857143,0.648856799807397,517.857142857142,38.2857142857143,517.857142857143,0.835540488917634,0.0981663721367899,2025,"WHO",2025-01-01,0,0,NA,18,NA,FALSE,"no_lookup_match",NA,4,"2024/2025","Observed",0,0,0,64,NA,0,"Pacific Islands","Palau",0.648856799807397,517.857142857142,1.30805214338489,"Extremely Low","Rare good event - unusually low cases to date",-0.805012311968313,"Low",23.2986285446322,"Below average - fewer cases than typical at this point","Palau"
"PLW",11,2,0.711135407029139,18,0.692082982139593,535.857142857143,18,535.857142857143,0.900912295761274,0.0653718068436397,2025,"WHO",2025-02-01,0,0,NA,17,NA,FALSE,"no_lookup_match",NA,4,"2024/2025","Observed",0,0,0,64,NA,0,"Pacific Islands","Palau",0.692082982139593,535.857142857143,1.00059852144083,"Extremely Low","Rare good event - unusually low cases to date",-0.831378541703111,"Low",23.2986285446322,"Below average - fewer cases than typical at this point","Palau"
"PLW",12,3,0.93875411627612,25.7142857142857,0.740542160720657,561.57142857143,25.7142857142857,561.571428571429,1,0.0990877042387262,2025,"WHO",2025-03-01,0,0,NA,16,NA,FALSE,"no_lookup_match",NA,4,"2024/2025","Observed",0,0,0,64,NA,0,"Pacific Islands","Palau",0.740542160720657,561.57142857143,0.736074827115489,"Extremely Low","Rare good event - unusually low cases to date",-0.859980753619641,"Low",23.2986285446322,"Below average - fewer cases than typical at this point","Palau"
"PLW",1,4,0.615626765873202,43.4285714285714,0.615626765873202,43.4285714285714,43.4285714285714,43.4285714285714,0.0830670458646552,0.0830670458646552,2025,"WHO",2025-04-01,0,0,NA,15,NA,FALSE,"no_lookup_match",NA,4,"2025/2026","Observed",0,0,47,64,NA,47,"Pacific Islands","Palau",0.615626765873202,43.4285714285714,7.21566431742897,"Low","Below average - fewer cases than typical at this point",-0.779116074106944,"Low",23.2986285446322,"Below average - fewer cases than typical at this point","Palau"
"PLW",2,5,0.550741854287884,39.1428571428571,0.584797322278717,82.5714285714287,39.1428571428571,82.5714285714286,0.149620796444162,0.0665537505795064,2025,"WHO",2025-05-01,0,0,NA,14,NA,FALSE,"no_lookup_match",NA,4,"2025/2026","Observed",0,0,47,64,NA,47,"Pacific Islands","Palau",0.584797322278717,82.5714285714287,5.50802682483075,"Low","Below average - fewer cases than typical at this point",-0.762026723236257,"Low",23.2986285446322,"Below average - fewer cases than typical at this point","Palau"
"PLW",3,6,0.455885578165332,68,0.534199668738296,150.571428571429,68,150.571428571429,0.234110878240252,0.0844900817960906,2025,"WHO",2025-06-01,1,1,NA,13,NA,FALSE,"no_lookup_match",NA,4,"2025/2026","Observed",1,1,47,64,NA,47,"Pacific Islands","Palau",0.534199668738296,150.571428571429,7.51130366431124,"Low","Below average - fewer cases than typical at this point",-0.724751032950629,"Low",23.2986285446322,"Below average - fewer cases than typical at this point","Palau"
"PLW",4,7,0.403136138314997,67.5714285714286,0.515791707374546,218.142857142857,67.5714285714286,218.142857142857,0.32926359291843,0.0951527146781774,2025,"WHO",2025-07-01,6,6,6,12,1,TRUE,"applied_mean",NA,4,"2025/2026","Observed",7,7,47,64,NA,47,"Pacific Islands","Palau",0.515791707374546,218.142857142857,14.2435507881241,"Low","Below average - fewer cases than typical at this point",-0.694320108452511,"Low",23.2986285446322,"Below average - fewer cases than typical at this point","Palau"
"PLW",5,8,0.51962142279662,69,0.525451060581668,287.142857142857,69,287.142857142857,0.435407326387167,0.106143733468737,2025,"WHO",2025-08-01,9,9,9,11,1,TRUE,"applied_mean",NA,4,"2025/2026","Observed",16,16,47,64,NA,47,"Pacific Islands","Palau",0.525451060581668,287.142857142857,17.8668107026509,"Low","Below average - fewer cases than typical at this point",-0.683863282037815,"Low",23.2986285446322,"Below average - fewer cases than typical at this point","Palau"
"PLW",6,9,0.378597403199441,61.7142857142857,0.511562768193593,348.857142857143,61.7142857142857,348.857142857143,0.518885480481224,0.0834781540940565,2025,"WHO",2025-09-01,10,10,10,10,1,TRUE,"applied_mean",NA,4,"2025/2026","Observed",26,26,47,64,NA,47,"Pacific Islands","Palau",0.511562768193593,348.857142857143,21.229127165022,"Low","Below average - fewer cases than typical at this point",-0.661445480378228,"Low",23.2986285446322,"Below average - fewer cases than typical at this point","Palau"
"PLW",7,10,0.534827345432648,56.5714285714286,0.518245471877134,405.428571428572,56.5714285714286,405.428571428571,0.606837073527162,0.0879515930459382,2025,"WHO",2025-10-01,20,20,20,9,1,TRUE,"applied_mean",NA,4,"2025/2026","Observed",46,46,47,64,NA,47,"Pacific Islands","Palau",0.518245471877134,405.428571428572,25.6502850127752,"Normal","Average - typical case load at this point",-0.63780601272037,"Low",23.2986285446322,"Below average - fewer cases than typical at this point","Palau"
"PLW",8,11,0.422991581436127,47.8571428571429,0.524427499686633,453.285714285714,47.8571428571429,453.285714285714,0.681503025472425,0.0746659519452636,2025,"WHO",2025-11-01,1,1,1,8,1,TRUE,"applied_mean",NA,4,"2025/2026","Observed",47,47,47,64,NA,47,"Pacific Islands","Palau",0.524427499686633,453.285714285714,24.2161905440248,"Low","Below average - fewer cases than typical at this point",-0.648710856045816,"Low",23.2986285446322,"Below average - fewer cases than typical at this point","Palau"
"PLW",9,12,0.557533441003195,26.2857142857143,0.529332182061457,479.571428571429,26.2857142857143,479.571428571429,0.737374116780844,0.0558710913084187,2025,"WHO",2025-12-01,0,0,0,7,1,TRUE,"applied_mean",NA,4,"2025/2026","Observed",47,47,47,64,NA,47,"Pacific Islands","Palau",0.529332182061457,479.571428571429,23.2986285446322,"Low","Below average - fewer cases than typical at this point",-0.655887165324569,"Low",23.2986285446322,"Below average - fewer cases than typical at this point","Palau"
"PLW",10,1,0.641914731612241,38.2857142857143,0.648856799807397,517.857142857142,38.2857142857143,517.857142857143,0.835540488917634,0.0981663721367899,2026,"WHO",2026-01-01,0,0,NA,6,NA,FALSE,"insufficient_n_rf",NA,4,"2025/2026","Observed",47,0,47,0,NA,47,"Pacific Islands","Palau",0.648856799807397,517.857142857142,17.469338860161,"Low","Below average - fewer cases than typical at this point",-0.731950504895879,"Low",11.2507955929388,"Below average - fewer cases than typical at this point","Palau"
"PLW",11,2,0.711135407029139,18,0.692082982139593,535.857142857143,18,535.857142857143,0.900912295761274,0.0653718068436397,2026,"WHO",2026-02-01,0,0,NA,5,NA,FALSE,"insufficient_n_rf",NA,4,"2025/2026","Observed",47,0,47,0,NA,47,"Pacific Islands","Palau",0.692082982139593,535.857142857143,15.6483649553192,"Low","Below average - fewer cases than typical at this point",-0.758458376355118,"Low",11.2507955929388,"Below average - fewer cases than typical at this point","Palau"
"PLW",12,3,0.93875411627612,25.7142857142857,0.740542160720657,561.57142857143,25.7142857142857,561.571428571429,1,0.0990877042387262,2026,"WHO",2026-03-01,0,0,NA,4,NA,FALSE,"insufficient_n_rf",NA,4,"2025/2026","Observed",47,0,47,0,NA,47,"Pacific Islands","Palau",0.740542160720657,561.57142857143,13.7205956217195,"Low","Below average - fewer cases than typical at this point",-0.788005768134812,"Low",11.2507955929388,"Below average - fewer cases than typical at this point","Palau"
"PLW",1,4,0.615626765873202,43.4285714285714,0.615626765873202,43.4285714285714,43.4285714285714,43.4285714285714,0.0830670458646552,0.0830670458646552,2026,"WHO",2026-04-01,0,0,NA,3,NA,FALSE,"insufficient_n_rf",NA,4,"2026/2027","Observed",0,0,0,0,NA,33,"Pacific Islands","Palau",0.615626765873202,43.4285714285714,7.21566431742897,"Low","Below average - fewer cases than typical at this point",-0.779116074106944,"Low",11.2507955929388,"Below average - fewer cases than typical at this point","Palau"
"PLW",2,5,0.550741854287884,39.1428571428571,0.584797322278717,82.5714285714287,39.1428571428571,82.5714285714286,0.149620796444162,0.0665537505795064,2026,"Estimates",2026-05-01,3,NA,NA,NA,NA,NA,NA,NA,4,"2026/2027","Unobserved",3,3,0,0,3.1280262772368,33,"Pacific Islands","Palau",0.584797322278717,82.5714285714287,13.3761165453198,"Low","Below average - fewer cases than typical at this point",-0.734340631215563,"Low",11.2507955929388,"Below average - fewer cases than typical at this point","Palau"
"PLW",3,6,0.455885578165332,68,0.534199668738296,150.571428571429,68,150.571428571429,0.234110878240252,0.0844900817960906,2026,"Estimates",2026-06-01,4,NA,NA,NA,NA,NA,NA,NA,4,"2026/2027","Unobserved",7,7,0,0,3.97103384441626,33,"Pacific Islands","Palau",0.534199668738296,150.571428571429,16.3682531582252,"Low","Below average - fewer cases than typical at this point",-0.695677925611636,"Low",11.2507955929388,"Below average - fewer cases than typical at this point","Palau"
"PLW",4,7,0.403136138314997,67.5714285714286,0.515791707374546,218.142857142857,67.5714285714286,218.142857142857,0.32926359291843,0.0951527146781774,2026,"Estimates",2026-07-01,4,NA,NA,NA,NA,NA,NA,NA,4,"2026/2027","Unobserved",11,11,0,0,4.47217758987434,33,"Pacific Islands","Palau",0.515791707374546,218.142857142857,17.591837046582,"Low","Below average - fewer cases than typical at this point",-0.681166547534602,"Low",11.2507955929388,"Below average - fewer cases than typical at this point","Palau"
"PLW",5,8,0.51962142279662,69,0.525451060581668,287.142857142857,69,287.142857142857,0.435407326387167,0.106143733468737,2026,NA,2026-08-01,NA,NA,NA,NA,NA,NA,NA,NA,4,"2026/2027","Unobserved",11,11,0,0,NA,33,"Pacific Islands","Palau",0.525451060581668,287.142857142857,14.8797921047149,"Low","Below average - fewer cases than typical at this point",-0.696474038029028,"Low",11.2507955929388,"Below average - fewer cases than typical at this point","Palau"
"PLW",6,9,0.378597403199441,61.7142857142857,0.511562768193593,348.857142857143,61.7142857142857,348.857142857143,0.518885480481224,0.0834781540940565,2026,NA,2026-09-01,NA,NA,NA,NA,NA,NA,NA,NA,4,"2026/2027","Unobserved",11,11,0,0,NA,33,"Pacific Islands","Palau",0.511562768193593,348.857142857143,14.0431888428452,"Low","Below average - fewer cases than typical at this point",-0.692176354466597,"Low",11.2507955929388,"Below average - fewer cases than typical at this point","Palau"
"PLW",7,10,0.534827345432648,56.5714285714286,0.518245471877134,405.428571428572,56.5714285714286,405.428571428571,0.606837073527162,0.0879515930459382,2026,NA,2026-10-01,NA,NA,NA,NA,NA,NA,NA,NA,4,"2026/2027","Unobserved",11,11,0,0,NA,33,"Pacific Islands","Palau",0.518245471877134,405.428571428572,12.7355717219547,"Low","Below average - fewer cases than typical at this point",-0.699913513959039,"Low",11.2507955929388,"Below average - fewer cases than typical at this point","Palau"
"PLW",8,11,0.422991581436127,47.8571428571429,0.524427499686633,453.285714285714,47.8571428571429,453.285714285714,0.681503025472425,0.0746659519452636,2026,NA,2026-11-01,NA,NA,NA,NA,NA,NA,NA,NA,4,"2026/2027","Unobserved",11,11,0,0,NA,33,"Pacific Islands","Palau",0.524427499686633,453.285714285714,11.7801822600859,"Low","Below average - fewer cases than typical at this point",-0.70619156480937,"Low",11.2507955929388,"Below average - fewer cases than typical at this point","Palau"
"PLW",9,12,0.557533441003195,26.2857142857143,0.529332182061457,479.571428571429,26.2857142857143,479.571428571429,0.737374116780844,0.0558710913084187,2026,NA,2026-12-01,NA,NA,NA,NA,NA,NA,NA,NA,4,"2026/2027","Unobserved",11,11,0,0,NA,33,"Pacific Islands","Palau",0.529332182061457,479.571428571429,11.2507955929388,"Low","Below average - fewer cases than typical at this point",-0.71047222663956,"Low",11.2507955929388,"Below average - fewer cases than typical at this point","Palau"
"PRI",10,1,0.937492019651416,394.846153846153,0.763190081537257,5369.07692307692,394.846153846154,5369.07692307692,0.85600916662184,0.106172324063471,2025,"PAHO",2025-01-01,662,662,NA,79,NA,FALSE,"no_lookup_match","current_month_missing",4,"2024/2025","Observed",662,662,1378,4426,NA,1378,"Caribbean","Puerto Rico",0.763190081537257,5369.07692307692,17.1688155892155,"Low","Below average - fewer cases than typical at this point",-0.765838444729715,"Normal",40.5090457856096,"Average - typical case load at this point","Puerto Rico"
"PRI",11,2,1.12527252509154,277.615384615384,0.812264400563544,5646.69230769231,277.615384615385,5646.69230769231,0.93975043276496,0.0837412661431198,2025,"PAHO",2025-02-01,389,389,NA,75,NA,FALSE,"no_lookup_match","current_month_missing",4,"2024/2025","Observed",1051,1051,1378,4426,NA,1378,"Caribbean","Puerto Rico",0.812264400563544,5646.69230769231,21.5841132253969,"Low","Below average - fewer cases than typical at this point",-0.733456389892218,"Normal",40.5090457856096,"Average - typical case load at this point","Puerto Rico"
"PRI",12,3,0.96742299086955,261.076923076923,0.83031763578651,5907.76923076924,261.076923076923,5907.76923076923,1,0.0602495672350397,2025,"PAHO",2025-03-01,327,327,NA,70,NA,FALSE,"no_lookup_match","current_month_missing",4,"2024/2025","Observed",1378,1378,1378,4426,NA,1378,"Caribbean","Puerto Rico",0.83031763578651,5907.76923076924,24.9896814438052,"Low","Below average - fewer cases than typical at this point",-0.698625074366576,"Normal",40.5090457856096,"Average - typical case load at this point","Puerto Rico"
"PRI",1,4,0.570773012858778,264.307692307692,0.570773012858778,264.307692307692,264.307692307692,264.307692307692,0.0423510661041181,0.0423510661041181,2025,"PAHO",2025-04-01,193,193,NA,66,NA,FALSE,"no_lookup_match","current_month_missing",4,"2025/2026","Observed",193,1571,2454,4426,NA,2454,"Caribbean","Puerto Rico",0.570773012858778,264.307692307692,59.0882021007351,"Normal","Average - typical case load at this point",-0.203605670931496,"Normal",40.5090457856096,"Average - typical case load at this point","Puerto Rico"
"PRI",2,5,0.602429610699904,308.23076923077,0.565319811986254,572.538461538463,308.230769230769,572.538461538462,0.0973538303906816,0.0550027642865635,2025,"PAHO",2025-05-01,191,191,NA,62,NA,FALSE,"no_lookup_match","current_month_missing",4,"2025/2026","Observed",384,1762,2454,4426,NA,2454,"Caribbean","Puerto Rico",0.565319811986254,572.538461538463,57.0222414700374,"Normal","Average - typical case load at this point",-0.247473152968058,"Normal",40.5090457856096,"Average - typical case load at this point","Puerto Rico"
"PRI",3,6,0.540393147882779,310.615384615385,0.537706501291464,883.153846153845,310.615384615385,883.153846153846,0.146260346415836,0.0489065160251544,2025,"PAHO",2025-06-01,295,295,NA,57,NA,FALSE,"no_lookup_match","current_month_missing",4,"2025/2026","Observed",679,2057,2454,4426,NA,2454,"Caribbean","Puerto Rico",0.537706501291464,883.153846153845,61.0808428846864,"Normal","Average - typical case load at this point",-0.169457843713658,"Normal",40.5090457856096,"Average - typical case load at this point","Puerto Rico"
"PRI",4,7,0.503032833753593,470.230769230769,0.5136012910972,1353.38461538462,470.230769230769,1353.38461538462,0.216325554016254,0.0700652076004185,2025,"PAHO",2025-07-01,208,208,NA,53,NA,FALSE,"no_lookup_match","current_month_missing",4,"2025/2026","Observed",887,2265,2454,4426,NA,2454,"Caribbean","Puerto Rico",0.5136012910972,1353.38461538462,57.8089601218066,"Normal","Average - typical case load at this point",-0.246918507702348,"Normal",40.5090457856096,"Average - typical case load at this point","Puerto Rico"
"PRI",5,8,0.544647258102941,526.000000000001,0.506449626649648,1879.38461538462,526,1879.38461538462,0.296396349433698,0.0800707954174439,2025,"PAHO",2025-08-01,193,193,NA,49,1,TRUE,"applied_mean","previous_month_missing",4,"2025/2026","Observed",1080,2458,2454,4426,NA,2454,"Caribbean","Puerto Rico",0.506449626649648,1879.38461538462,54.9636567360368,"Normal","Average - typical case load at this point",-0.302656313500268,"Normal",40.5090457856096,"Average - typical case load at this point","Puerto Rico"
"PRI",6,9,0.557442985656916,565.615384615385,0.504375094418236,2444.99999999999,565.615384615385,2445,0.383970298224524,0.0875739487908254,2025,"PAHO",2025-09-01,229,229,229,44,1,TRUE,"applied_mean","not_missing",4,"2025/2026","Observed",1309,2687,2454,4426,NA,2454,"Caribbean","Puerto Rico",0.504375094418236,2444.99999999999,53.4261139884867,"Normal","Average - typical case load at this point",-0.329937359392831,"Normal",40.5090457856096,"Average - typical case load at this point","Puerto Rico"
"PRI",7,10,0.650775521780063,759.230769230769,0.589565324630154,3204.23076923077,759.230769230769,3204.23076923077,0.502316059854791,0.118345761630268,2025,"PAHO",2025-10-01,269,269,269,40,1,TRUE,"applied_mean","not_missing",4,"2025/2026","Observed",1578,2956,2454,4426,NA,2454,"Caribbean","Puerto Rico",0.589565324630154,3204.23076923077,48.7244180333406,"Normal","Average - typical case load at this point",-0.38965872320394,"Normal",40.5090457856096,"Average - typical case load at this point","Puerto Rico"
"PRI",8,11,0.623843044889805,945.923076923079,0.635746564782285,4150.15384615386,945.923076923077,4150.15384615385,0.636621219435506,0.134305159580714,2025,"PAHO",2025-11-01,242,242,242,36,1,TRUE,"applied_mean","not_missing",4,"2025/2026","Observed",1820,3198,2454,4426,NA,2454,"Caribbean","Puerto Rico",0.635746564782285,4150.15384615386,44.5227230487558,"Normal","Average - typical case load at this point",-0.447640270189344,"Normal",40.5090457856096,"Average - typical case load at this point","Puerto Rico"
"PRI",9,12,0.609531972882054,824.076923076924,0.67637080341585,4974.23076923078,824.076923076923,4974.23076923077,0.74983684255837,0.113215623122864,2025,"PAHO",2025-12-01,121,121,121,33,1,TRUE,"applied_mean","not_missing",4,"2025/2026","Observed",1941,3319,2454,4426,NA,2454,"Caribbean","Puerto Rico",0.67637080341585,4974.23076923078,40.5090457856096,"Normal","Average - typical case load at this point",-0.501467076341933,"Normal",40.5090457856096,"Average - typical case load at this point","Puerto Rico"
"PRI",10,1,0.937492019651416,394.846153846153,0.763190081537257,5369.07692307692,394.846153846154,5369.07692307692,0.85600916662184,0.106172324063471,2026,"PAHO",2026-01-01,239,239,239,27,1,TRUE,"applied_mean","not_missing",4,"2025/2026","Observed",2180,239,2454,5600,NA,2454,"Caribbean","Puerto Rico",0.763190081537257,5369.07692307692,38.9553852607667,"Normal","Average - typical case load at this point",-0.518860802745531,"Low",16.9782335095479,"Below average - fewer cases than typical at this point","Puerto Rico"
"PRI",11,2,1.12527252509154,277.615384615384,0.812264400563544,5646.69230769231,277.615384615385,5646.69230769231,0.93975043276496,0.0837412661431198,2026,"PAHO",2026-02-01,116,116,116,23,0.999142318868346,TRUE,"applied_mean","not_missing",4,"2025/2026","Observed",2296,355,2454,5600,NA,2454,"Caribbean","Puerto Rico",0.812264400563544,5646.69230769231,37.7053548542983,"Normal","Average - typical case load at this point",-0.534758752131011,"Low",16.9782335095479,"Below average - fewer cases than typical at this point","Puerto Rico"
"PRI",12,3,0.96742299086955,261.076923076923,0.83031763578651,5907.76923076924,261.076923076923,5907.76923076923,1,0.0602495672350397,2026,"PAHO",2026-03-01,158,159,158,18,0.998537340273833,TRUE,"applied_mean","not_missing",4,"2025/2026","Observed",2454,513,2454,5600,NA,2454,"Caribbean","Puerto Rico",0.83031763578651,5907.76923076924,37.8006179901856,"Normal","Average - typical case load at this point",-0.532673887513116,"Low",16.9782335095479,"Below average - fewer cases than typical at this point","Puerto Rico"
"PRI",1,4,0.570773012858778,264.307692307692,0.570773012858778,264.307692307692,264.307692307692,264.307692307692,0.0423510661041181,0.0423510661041181,2026,"PAHO",2026-04-01,124,124,124,14,0.998978389853697,TRUE,"applied_mean","not_missing",4,"2026/2027","Observed",124,637,2092,5600,NA,2210,"Caribbean","Puerto Rico",0.570773012858778,264.307692307692,48.299310070428,"Normal","Average - typical case load at this point",-0.400622161573947,"Low",16.9782335095479,"Below average - fewer cases than typical at this point","Puerto Rico"
"PRI",2,5,0.602429610699904,308.23076923077,0.565319811986254,572.538461538463,308.230769230769,572.538461538462,0.0973538303906816,0.0550027642865635,2026,"PAHO",2026-05-01,102,101,102,10,1.00028393851411,TRUE,"applied_mean","not_missing",4,"2026/2027","Observed",226,739,2092,5600,NA,2210,"Caribbean","Puerto Rico",0.565319811986254,572.538461538463,44.5563523229828,"Normal","Average - typical case load at this point",-0.454861915186087,"Low",16.9782335095479,"Below average - fewer cases than typical at this point","Puerto Rico"
"PRI",3,6,0.540393147882779,310.615384615385,0.537706501291464,883.153846153845,310.615384615385,883.153846153846,0.146260346415836,0.0489065160251544,2026,"PAHO",2026-06-01,80,77,80,7,1.00417195848841,TRUE,"applied_mean","not_missing",4,"2026/2027","Observed",306,819,2092,5600,NA,2210,"Caribbean","Puerto Rico",0.537706501291464,883.153846153845,42.8548829998229,"Normal","Average - typical case load at this point",-0.479066390875501,"Low",16.9782335095479,"Below average - fewer cases than typical at this point","Puerto Rico"
"PRI",4,7,0.503032833753593,470.230769230769,0.5136012910972,1353.38461538462,470.230769230769,1353.38461538462,0.216325554016254,0.0700652076004185,2026,"Estimates",2026-07-01,172,NA,NA,NA,NA,NA,NA,NA,4,"2026/2027","Unobserved",478,991,2092,5600,171.940019451427,2210,"Caribbean","Puerto Rico",0.5136012910972,1353.38461538462,44.2189180108351,"Normal","Average - typical case load at this point",-0.463455816865037,"Low",16.9782335095479,"Below average - fewer cases than typical at this point","Puerto Rico"
"PRI",5,8,0.544647258102941,526.000000000001,0.506449626649648,1879.38461538462,526,1879.38461538462,0.296396349433698,0.0800707954174439,2026,NA,2026-08-01,NA,NA,NA,NA,NA,NA,NA,NA,4,"2026/2027","Unobserved",478,991,2092,5600,NA,2210,"Caribbean","Puerto Rico",0.506449626649648,1879.38461538462,38.3159940758183,"Normal","Average - typical case load at this point",-0.530580515718617,"Low",16.9782335095479,"Below average - fewer cases than typical at this point","Puerto Rico"
"PRI",6,9,0.557442985656916,565.615384615385,0.504375094418236,2444.99999999999,565.615384615385,2445,0.383970298224524,0.0875739487908254,2026,NA,2026-09-01,NA,NA,NA,NA,NA,NA,NA,NA,4,"2026/2027","Unobserved",478,991,2092,5600,NA,2210,"Caribbean","Puerto Rico",0.504375094418236,2444.99999999999,33.9673555702955,"Normal","Average - typical case load at this point",-0.571291184793751,"Low",16.9782335095479,"Below average - fewer cases than typical at this point","Puerto Rico"
"PRI",7,10,0.650775521780063,759.230769230769,0.589565324630154,3204.23076923077,759.230769230769,3204.23076923077,0.502316059854791,0.118345761630268,2026,NA,2026-10-01,NA,NA,NA,NA,NA,NA,NA,NA,4,"2026/2027","Unobserved",478,991,2092,5600,NA,2210,"Caribbean","Puerto Rico",0.589565324630154,3204.23076923077,25.9042443303083,"Normal","Average - typical case load at this point",-0.653228078571064,"Low",16.9782335095479,"Below average - fewer cases than typical at this point","Puerto Rico"
"PRI",8,11,0.623843044889805,945.923076923079,0.635746564782285,4150.15384615386,945.923076923077,4150.15384615385,0.636621219435506,0.134305159580714,2026,NA,2026-11-01,NA,NA,NA,NA,NA,NA,NA,NA,4,"2026/2027","Unobserved",478,991,2092,5600,NA,2210,"Caribbean","Puerto Rico",0.635746564782285,4150.15384615386,20.5629370316452,"Low","Below average - fewer cases than typical at this point",-0.705448673521024,"Low",16.9782335095479,"Below average - fewer cases than typical at this point","Puerto Rico"
"PRI",9,12,0.609531972882054,824.076923076924,0.67637080341585,4974.23076923078,824.076923076923,4974.23076923077,0.74983684255837,0.113215623122864,2026,NA,2026-12-01,NA,NA,NA,NA,NA,NA,NA,NA,4,"2026/2027","Unobserved",478,991,2092,5600,NA,2210,"Caribbean","Puerto Rico",0.67637080341585,4974.23076923078,16.9782335095479,"Low","Below average - fewer cases than typical at this point",-0.743336682878431,"Low",16.9782335095479,"Below average - fewer cases than typical at this point","Puerto Rico"
"PRY",7,1,0.397772976479047,15056.5625,1.11921931979897,29164.8125000001,15056.5625,29164.8125,0.503397554462043,0.136424427077719,2025,"PAHO",2025-01-01,4664,4664,NA,79,NA,FALSE,"no_lookup_match","current_month_missing",7,"2024/2025","Observed",4664,4664,21838,86178,NA,21838,"South America","Paraguay",1.11921931979897,29164.8125000001,12.5747598793148,"Low","Below average - fewer cases than typical at this point",-0.888731480955011,"Normal",48.0936437453055,"Average - typical case load at this point","Paraguay"
"PRY",8,2,0.411965898733322,15377.0625,0.934860907943421,44541.875,15377.0625,44541.875,0.651040789908977,0.147643235446933,2025,"PAHO",2025-02-01,3832,3832,NA,75,NA,FALSE,"no_lookup_match","current_month_missing",7,"2024/2025","Observed",8496,8496,21838,86178,NA,21838,"South America","Paraguay",0.934860907943421,44541.875,18.8163328709205,"Low","Below average - fewer cases than typical at this point",-0.782448964023735,"Normal",48.0936437453055,"Average - typical case load at this point","Paraguay"
"PRY",9,3,0.557207722657678,11389.25,0.94664410845844,55931.125,11389.25,55931.125,0.799706085550842,0.148665295641865,2025,"PAHO",2025-03-01,4747,4747,NA,70,NA,FALSE,"no_lookup_match","current_month_missing",7,"2024/2025","Observed",13243,13243,21838,86178,NA,21838,"South America","Paraguay",0.94664410845844,55931.125,22.2934211314902,"Low","Below average - fewer cases than typical at this point",-0.742579948020602,"Normal",48.0936437453055,"Average - typical case load at this point","Paraguay"
"PRY",10,4,0.731964328160364,5527.37499999999,0.973773148933588,61458.4999999999,5527.375,61458.5,0.89047044061816,0.0907643550673181,2025,"PAHO",2025-04-01,2923,2923,NA,66,NA,FALSE,"no_lookup_match","current_month_missing",7,"2024/2025","Observed",16166,16166,21838,86178,NA,21838,"South America","Paraguay",0.973773148933588,61458.4999999999,23.7162235450912,"Low","Below average - fewer cases than typical at this point",-0.727226663283646,"Normal",48.0936437453055,"Average - typical case load at this point","Paraguay"
"PRY",11,5,0.737863334369874,3976,0.997104676338903,65434.4999999999,3976,65434.5,0.95997252172655,0.0695020811083902,2025,"PAHO",2025-05-01,3701,3701,NA,62,NA,FALSE,"no_lookup_match","current_month_missing",7,"2024/2025","Observed",19867,19867,21838,86178,NA,21838,"South America","Paraguay",0.997104676338903,65434.4999999999,26.250062870777,"Normal","Average - typical case load at this point",-0.695369249786786,"Normal",48.0936437453055,"Average - typical case load at this point","Paraguay"
"PRY",12,6,0.695595964907873,1653.125,1.02522286522115,67087.6249999999,1653.125,67087.625,1,0.0400274782734498,2025,"PAHO",2025-06-01,1971,1971,NA,57,NA,FALSE,"no_lookup_match","current_month_missing",7,"2024/2025","Observed",21838,21838,21838,86178,NA,21838,"South America","Paraguay",1.02522286522115,67087.6249999999,27.2451808652717,"Normal","Average - typical case load at this point",-0.682933458445891,"Normal",48.0936437453055,"Average - typical case load at this point","Paraguay"
"PRY",1,7,0.807405343512043,1100.5625,0.807405343512043,1100.5625,1100.5625,1100.5625,0.0389974318457109,0.0389974318457109,2025,"PAHO",2025-07-01,870,870,NA,53,NA,FALSE,"no_lookup_match","current_month_missing",7,"2025/2026","Observed",870,22708,18530,86178,NA,18530,"South America","Paraguay",0.807405343512043,1100.5625,57.0824066659548,"Normal","Average - typical case load at this point",-0.188174393160142,"Normal",48.0936437453055,"Average - typical case load at this point","Paraguay"
"PRY",2,8,0.634360769587912,1710.6875,0.763880821446677,2811.25,1710.6875,2811.25,0.103996590081693,0.0649991582359818,2025,"PAHO",2025-08-01,877,877,NA,49,1,TRUE,"applied_mean","previous_month_missing",7,"2025/2026","Observed",1747,23585,18530,86178,NA,18530,"South America","Paraguay",0.763880821446677,2811.25,50.4725005690084,"Normal","Average - typical case load at this point",-0.330824753657097,"Normal",48.0936437453055,"Average - typical case load at this point","Paraguay"
"PRY",3,9,1.06308901569501,1196.125,0.882253310559906,4007.37499999999,1196.125,4007.375,0.137400761586051,0.0334041715043585,2025,"PAHO",2025-09-01,1338,1338,1338,44,1,TRUE,"applied_mean","not_missing",7,"2025/2026","Observed",3085,24923,18530,86178,NA,18530,"South America","Paraguay",0.882253310559906,4007.37499999999,55.1760980691967,"Normal","Average - typical case load at this point",-0.216170479488211,"Normal",48.0936437453055,"Average - typical case load at this point","Paraguay"
"PRY",4,10,1.22368120735,2252.3125,1.08097361249142,6259.6875,2252.3125,6259.6875,0.201976562325466,0.0645758007394144,2025,"PAHO",2025-10-01,1750,1750,1750,40,1,TRUE,"applied_mean","not_missing",7,"2025/2026","Observed",4835,26673,18530,86178,NA,18530,"South America","Paraguay",1.08097361249142,6259.6875,52.9035008260997,"Normal","Average - typical case load at this point",-0.23661213376612,"Normal",48.0936437453055,"Average - typical case load at this point","Paraguay"
"PRY",5,11,0.900945014035791,2608.5625,1.20880751867137,8868.25000000001,2608.5625,8868.25,0.269442459429514,0.0674658971040483,2025,"PAHO",2025-11-01,2523,2523,2523,36,1,TRUE,"applied_mean","not_missing",7,"2025/2026","Observed",7358,29196,18530,86178,NA,18530,"South America","Paraguay",1.20880751867137,8868.25000000001,54.4495572356164,"Normal","Average - typical case load at this point",-0.187223300230577,"Normal",48.0936437453055,"Average - typical case load at this point","Paraguay"
"PRY",6,12,0.699028409723001,5240,1.15123267610079,14108.25,5240,14108.25,0.366973127384324,0.0975306679548104,2025,"PAHO",2025-12-01,2429,2460,2429,31,0.999023298970662,TRUE,"applied_mean","not_missing",7,"2025/2026","Observed",9787,31625,18530,86178,NA,18530,"South America","Paraguay",1.15123267610079,14108.25,48.0936437453055,"Normal","Average - typical case load at this point",-0.328624608113278,"Normal",48.0936437453055,"Average - typical case load at this point","Paraguay"
"PRY",7,1,0.397772976479047,15056.5625,1.11921931979897,29164.8125000001,15056.5625,29164.8125,0.503397554462043,0.136424427077719,2026,"PAHO",2026-01-01,2891,2904,2891,27,0.995616780670837,TRUE,"applied_mean","not_missing",7,"2025/2026","Observed",12678,2891,18530,227400,NA,18530,"South America","Paraguay",1.11921931979897,29164.8125000001,33.0005771691857,"Normal","Average - typical case load at this point",-0.598035240233466,"Extremely Low",0.476907962952964,"Rare good event - unusually low cases to date","Paraguay"
"PRY",8,2,0.411965898733322,15377.0625,0.934860907943421,44541.875,15377.0625,44541.875,0.651040789908977,0.147643235446933,2026,"PAHO",2026-02-01,1766,1794,1766,23,0.991263205185791,TRUE,"applied_mean","not_missing",7,"2025/2026","Observed",14444,4657,18530,227400,NA,18530,"South America","Paraguay",0.934860907943421,44541.875,29.1667300995059,"Normal","Average - typical case load at this point",-0.653335537369141,"Extremely Low",0.476907962952964,"Rare good event - unusually low cases to date","Paraguay"
"PRY",9,3,0.557207722657678,11389.25,0.94664410845844,55931.125,11389.25,55931.125,0.799706085550842,0.148665295641865,2026,"PAHO",2026-03-01,1684,1722,1684,18,0.987638376755886,TRUE,"applied_mean","not_missing",7,"2025/2026","Observed",16128,6341,18530,227400,NA,18530,"South America","Paraguay",0.94664410845844,55931.125,26.2622379463934,"Normal","Average - typical case load at this point",-0.69239402043443,"Extremely Low",0.476907962952964,"Rare good event - unusually low cases to date","Paraguay"
"PRY",10,4,0.731964328160364,5527.37499999999,0.973773148933588,61458.4999999999,5527.375,61458.5,0.89047044061816,0.0907643550673181,2026,"PAHO",2026-04-01,1363,1388,1363,14,0.986669147725534,TRUE,"applied_mean","not_missing",7,"2025/2026","Observed",17491,7704,18530,227400,NA,18530,"South America","Paraguay",0.973773148933588,61458.4999999999,25.3550312233367,"Normal","Average - typical case load at this point",-0.705952162453469,"Extremely Low",0.476907962952964,"Rare good event - unusually low cases to date","Paraguay"
"PRY",11,5,0.737863334369874,3976,0.997104676338903,65434.4999999999,3976,65434.5,0.95997252172655,0.0695020811083902,2026,"PAHO",2026-05-01,573,591,573,10,0.985473085814675,TRUE,"applied_mean","not_missing",7,"2025/2026","Observed",18064,8277,18530,227400,NA,18530,"South America","Paraguay",0.997104676338903,65434.4999999999,24.1882182833774,"Low","Below average - fewer cases than typical at this point",-0.722883393800953,"Extremely Low",0.476907962952964,"Rare good event - unusually low cases to date","Paraguay"
"PRY",12,6,0.695595964907873,1653.125,1.02522286522115,67087.6249999999,1653.125,67087.625,1,0.0400274782734498,2026,"PAHO",2026-06-01,466,498,466,5,0.982699838431775,TRUE,"applied_mean","not_missing",7,"2025/2026","Observed",18530,8743,18530,227400,NA,18530,"South America","Paraguay",1.02522286522115,67087.6249999999,23.5890979218757,"Low","Below average - fewer cases than typical at this point",-0.732859703813427,"Extremely Low",0.476907962952964,"Rare good event - unusually low cases to date","Paraguay"
"PRY",1,7,0.807405343512043,1100.5625,0.807405343512043,1100.5625,1100.5625,1100.5625,0.0389974318457109,0.0389974318457109,2026,"PAHO",2026-07-01,125,128,125,4,0.982649506719879,TRUE,"applied_mean","not_missing",7,"2026/2027","Observed",125,8868,3205,227400,NA,3205,"South America","Paraguay",0.807405343512043,1100.5625,15.0251464691259,"Low","Below average - fewer cases than typical at this point",-0.796208756529324,"Extremely Low",0.476907962952964,"Rare good event - unusually low cases to date","Paraguay"
"PRY",2,8,0.634360769587912,1710.6875,0.763880821446677,2811.25,1710.6875,2811.25,0.103996590081693,0.0649991582359818,2026,NA,2026-08-01,NA,NA,NA,NA,NA,NA,NA,NA,7,"2026/2027","Unobserved",125,8868,3205,227400,NA,3205,"South America","Paraguay",0.763880821446677,2811.25,8.10766557492025,"Low","Below average - fewer cases than typical at this point",-0.835027478986497,"Extremely Low",0.476907962952964,"Rare good event - unusually low cases to date","Paraguay"
"PRY",3,9,1.06308901569501,1196.125,0.882253310559906,4007.37499999999,1196.125,4007.375,0.137400761586051,0.0334041715043585,2026,NA,2026-09-01,NA,NA,NA,NA,NA,NA,NA,NA,7,"2026/2027","Unobserved",125,8868,3205,227400,NA,3205,"South America","Paraguay",0.882253310559906,4007.37499999999,4.36718608656257,"Extremely Low","Rare good event - unusually low cases to date",-0.90988466220686,"Extremely Low",0.476907962952964,"Rare good event - unusually low cases to date","Paraguay"
"PRY",4,10,1.22368120735,2252.3125,1.08097361249142,6259.6875,2252.3125,6259.6875,0.201976562325466,0.0645758007394144,2026,NA,2026-10-01,NA,NA,NA,NA,NA,NA,NA,NA,7,"2026/2027","Unobserved",125,8868,3205,227400,NA,3205,"South America","Paraguay",1.08097361249142,6259.6875,1.52216878507154,"Extremely Low","Rare good event - unusually low cases to date",-1.01884904539652,"Extremely Low",0.476907962952964,"Rare good event - unusually low cases to date","Paraguay"
"PRY",5,11,0.900945014035791,2608.5625,1.20880751867137,8868.25000000001,2608.5625,8868.25,0.269442459429514,0.0674658971040483,2026,NA,2026-11-01,NA,NA,NA,NA,NA,NA,NA,NA,7,"2026/2027","Unobserved",125,8868,3205,227400,NA,3205,"South America","Paraguay",1.20880751867137,8868.25000000001,0.658331139520993,"Extremely Low","Rare good event - unusually low cases to date",-1.0838868529985,"Extremely Low",0.476907962952964,"Rare good event - unusually low cases to date","Paraguay"
"PRY",6,12,0.699028409723001,5240,1.15123267610079,14108.25,5240,14108.25,0.366973127384324,0.0975306679548104,2026,NA,2026-12-01,NA,NA,NA,NA,NA,NA,NA,NA,7,"2026/2027","Unobserved",125,8868,3205,227400,NA,3205,"South America","Paraguay",1.15123267610079,14108.25,0.476907962952964,"Extremely Low","Rare good event - unusually low cases to date",-1.06340527657506,"Extremely Low",0.476907962952964,"Rare good event - unusually low cases to date","Paraguay"
"PYF",9,1,0.617047604416825,125.25,1.10621956124207,824.833333333333,125.25,824.833333333333,0.748882401129208,0.116149062645382,2025,"WHO",2025-01-01,223,223,NA,18,NA,FALSE,"no_lookup_match",NA,5,"2024/2025","Observed",223,223,762,1704,NA,762,"Pacific Islands","French Polynesia",1.10621956124207,824.833333333333,21.5808974519584,"Low","Below average - fewer cases than typical at this point",-0.766901648134888,"Normal",39.4175818246536,"Average - typical case load at this point","French Polynesia"
"PYF",10,2,0.678809688275694,82.8333333333334,1.19740034320894,907.666666666667,82.8333333333333,907.666666666667,0.83338730733172,0.0845049062025114,2025,"WHO",2025-02-01,131,131,NA,17,NA,FALSE,"no_lookup_match",NA,5,"2024/2025","Observed",354,354,762,1704,NA,762,"Pacific Islands","French Polynesia",1.19740034320894,907.666666666667,28.6246287836617,"Normal","Average - typical case load at this point",-0.667045420378979,"Normal",39.4175818246536,"Average - typical case load at this point","French Polynesia"
"PYF",11,3,0.565088670942762,90.75,1.25574543624601,998.416666666666,90.75,998.416666666667,0.924213756538554,0.0908264492068342,2025,"WHO",2025-03-01,240,240,NA,16,NA,FALSE,"no_lookup_match",NA,5,"2024/2025","Observed",594,594,762,1704,NA,762,"Pacific Islands","French Polynesia",1.25574543624601,998.416666666666,41.1590119831014,"Normal","Average - typical case load at this point",-0.453623019300627,"Normal",39.4175818246536,"Average - typical case load at this point","French Polynesia"
"PYF",12,4,0.608913531983005,72.25,1.28678853911194,1070.66666666667,72.25,1070.66666666667,1,0.0757862434614464,2025,"WHO",2025-04-01,168,168,NA,15,NA,FALSE,"no_lookup_match",NA,5,"2024/2025","Observed",762,762,762,1704,NA,762,"Pacific Islands","French Polynesia",1.28678853911194,1070.66666666667,47.6026097954988,"Normal","Average - typical case load at this point",-0.326834744829628,"Normal",39.4175818246536,"Average - typical case load at this point","French Polynesia"
"PYF",1,5,0.827100589124675,104.583333333334,0.827100589124675,104.583333333334,104.583333333333,104.583333333333,0.12349438231002,0.12349438231002,2025,"WHO",2025-05-01,203,203,NA,14,NA,FALSE,"no_lookup_match",NA,5,"2025/2026","Observed",203,965,339,1704,NA,339,"Pacific Islands","French Polynesia",0.827100589124675,104.583333333334,84.8497632138972,"High","Above average - more cases than typical at this point",0.852461504485438,"Normal",39.4175818246536,"Average - typical case load at this point","French Polynesia"
"PYF",2,6,0.812063729832646,80.75,0.914960926258844,185.333333333333,80.75,185.333333333333,0.205863708358713,0.0823693260486929,2025,"WHO",2025-06-01,84,84,NA,13,NA,FALSE,"no_lookup_match",NA,5,"2025/2026","Observed",287,1049,339,1704,NA,339,"Pacific Islands","French Polynesia",0.914960926258844,185.333333333333,78.6127984971271,"High","Above average - more cases than typical at this point",0.523427984598036,"Normal",39.4175818246536,"Average - typical case load at this point","French Polynesia"
"PYF",3,7,0.511818054113777,77.9166666666666,0.952145181869224,263.25,77.9166666666667,263.25,0.273071128956786,0.0672074205980731,2025,"WHO",2025-07-01,0,0,0,12,1,TRUE,"applied_mean",NA,5,"2025/2026","Observed",287,1049,339,1704,NA,339,"Pacific Islands","French Polynesia",0.952145181869224,263.25,66.6699901250067,"Normal","Average - typical case load at this point",0.0878744948169656,"Normal",39.4175818246536,"Average - typical case load at this point","French Polynesia"
"PYF",4,8,0.503890158078088,74.8333333333333,0.940554313837323,338.083333333333,74.8333333333333,338.083333333333,0.334324160328578,0.061253031371792,2025,"WHO",2025-08-01,0,0,0,11,1,TRUE,"applied_mean",NA,5,"2025/2026","Observed",287,1049,339,1704,NA,339,"Pacific Islands","French Polynesia",0.940554313837323,338.083333333333,57.8854147120337,"Normal","Average - typical case load at this point",-0.146333627181624,"Normal",39.4175818246536,"Average - typical case load at this point","French Polynesia"
"PYF",5,9,0.476226059661546,81.9166666666668,0.903950607604488,419.999999999999,81.9166666666667,420,0.40142777357759,0.0671036132490125,2025,"WHO",2025-09-01,0,0,0,10,1,TRUE,"applied_mean",NA,5,"2025/2026","Observed",287,1049,339,1704,NA,339,"Pacific Islands","French Polynesia",0.903950607604488,419.999999999999,50.9921142793281,"Normal","Average - typical case load at this point",-0.300751529904777,"Normal",39.4175818246536,"Average - typical case load at this point","French Polynesia"
"PYF",6,10,0.504198960493204,70.8333333333333,0.884907556804006,490.833333333333,70.8333333333333,490.833333333333,0.459046982497004,0.057619208919414,2025,"WHO",2025-10-01,0,0,0,9,1,TRUE,"applied_mean",NA,5,"2025/2026","Observed",287,1049,339,1704,NA,339,"Pacific Islands","French Polynesia",0.884907556804006,490.833333333333,46.3640488654066,"Normal","Average - typical case load at this point",-0.390300380406613,"Normal",39.4175818246536,"Average - typical case load at this point","French Polynesia"
"PYF",7,11,0.82821204906213,91.9166666666668,0.877701235618863,582.749999999999,91.9166666666667,582.75,0.538909575706836,0.0798625932098311,2025,"WHO",2025-11-01,29,29,29,8,1,TRUE,"applied_mean",NA,5,"2025/2026","Observed",316,1078,339,1704,NA,339,"Pacific Islands","French Polynesia",0.877701235618863,582.749999999999,44.2126932326313,"Normal","Average - typical case load at this point",-0.428517629085601,"Normal",39.4175818246536,"Average - typical case load at this point","French Polynesia"
"PYF",8,12,0.510145489951258,116.833333333333,0.858214168292991,699.583333333334,116.833333333333,699.583333333333,0.632733338483826,0.0938237627769905,2025,"WHO",2025-12-01,0,0,0,7,1,TRUE,"applied_mean",NA,5,"2025/2026","Observed",316,1078,339,1704,NA,339,"Pacific Islands","French Polynesia",0.858214168292991,699.583333333334,39.4175818246536,"Normal","Average - typical case load at this point",-0.507635390862609,"Normal",39.4175818246536,"Average - typical case load at this point","French Polynesia"
"PYF",9,1,0.617047604416825,125.25,1.10621956124207,824.833333333333,125.25,824.833333333333,0.748882401129208,0.116149062645382,2026,"WHO",2026-01-01,6,6,6,6,1,TRUE,"applied_mean",NA,5,"2025/2026","Observed",322,6,339,23,NA,339,"Pacific Islands","French Polynesia",1.10621956124207,824.833333333333,30.2906241477984,"Normal","Average - typical case load at this point",-0.640748344620038,"Low",15.655593623953,"Below average - fewer cases than typical at this point","French Polynesia"
"PYF",10,2,0.678809688275694,82.8333333333334,1.19740034320894,907.666666666667,82.8333333333333,907.666666666667,0.83338730733172,0.0845049062025114,2026,"WHO",2026-02-01,7,7,7,5,1,TRUE,"applied_mean",NA,5,"2025/2026","Observed",329,13,339,23,NA,339,"Pacific Islands","French Polynesia",1.19740034320894,907.666666666667,26.6729455044592,"Normal","Average - typical case load at this point",-0.697164870426194,"Low",15.655593623953,"Below average - fewer cases than typical at this point","French Polynesia"
"PYF",11,3,0.565088670942762,90.75,1.25574543624601,998.416666666666,90.75,998.416666666667,0.924213756538554,0.0908264492068342,2026,"WHO",2026-03-01,2,2,2,4,0.960500963391137,TRUE,"applied_mean",NA,5,"2025/2026","Observed",331,15,339,23,NA,339,"Pacific Islands","French Polynesia",1.25574543624601,998.416666666666,23.4364067700193,"Low","Below average - fewer cases than typical at this point",-0.748622864533016,"Low",15.655593623953,"Below average - fewer cases than typical at this point","French Polynesia"
"PYF",12,4,0.608913531983005,72.25,1.28678853911194,1070.66666666667,72.25,1070.66666666667,1,0.0757862434614464,2026,"WHO",2026-04-01,8,9,8,3,0.918906176331919,TRUE,"applied_mean",NA,5,"2025/2026","Observed",339,23,339,23,NA,339,"Pacific Islands","French Polynesia",1.28678853911194,1070.66666666667,21.8329961865857,"Low","Below average - fewer cases than typical at this point",-0.774732467495717,"Low",15.655593623953,"Below average - fewer cases than typical at this point","French Polynesia"
"PYF",1,5,0.827100589124675,104.583333333334,0.827100589124675,104.583333333334,104.583333333333,104.583333333333,0.12349438231002,0.12349438231002,2026,"Estimates",2026-05-01,42,NA,NA,NA,NA,NA,NA,NA,5,"2026/2027","Unobserved",42,65,NA,23,41.8645956030968,341,"Pacific Islands","French Polynesia",0.827100589124675,104.583333333334,37.4560031093755,"Normal","Average - typical case load at this point",-0.542081786510218,"Low",15.655593623953,"Below average - fewer cases than typical at this point","French Polynesia"
"PYF",2,6,0.812063729832646,80.75,0.914960926258844,185.333333333333,80.75,185.333333333333,0.205863708358713,0.0823693260486929,2026,"Estimates",2026-06-01,28,NA,NA,NA,NA,NA,NA,NA,5,"2026/2027","Unobserved",70,93,NA,23,27.9232015305069,341,"Pacific Islands","French Polynesia",0.914960926258844,185.333333333333,33.6156807922459,"Normal","Average - typical case load at this point",-0.593790434986626,"Low",15.655593623953,"Below average - fewer cases than typical at this point","French Polynesia"
"PYF",3,7,0.511818054113777,77.9166666666666,0.952145181869224,263.25,77.9166666666667,263.25,0.273071128956786,0.0672074205980731,2026,"Estimates",2026-07-01,23,NA,NA,NA,NA,NA,NA,NA,5,"2026/2027","Unobserved",93,116,NA,23,22.7833155827468,341,"Pacific Islands","French Polynesia",0.952145181869224,263.25,31.0267805873507,"Normal","Average - typical case load at this point",-0.629921378635299,"Low",15.655593623953,"Below average - fewer cases than typical at this point","French Polynesia"
"PYF",4,8,0.503890158078088,74.8333333333333,0.940554313837323,338.083333333333,74.8333333333333,338.083333333333,0.334324160328578,0.061253031371792,2026,NA,2026-08-01,NA,NA,NA,NA,NA,NA,NA,NA,5,"2026/2027","Unobserved",93,116,NA,23,NA,341,"Pacific Islands","French Polynesia",0.940554313837323,338.083333333333,25.5938127069365,"Normal","Average - typical case load at this point",-0.702067206429297,"Low",15.655593623953,"Below average - fewer cases than typical at this point","French Polynesia"
"PYF",5,9,0.476226059661546,81.9166666666668,0.903950607604488,419.999999999999,81.9166666666667,420,0.40142777357759,0.0671036132490125,2026,NA,2026-09-01,NA,NA,NA,NA,NA,NA,NA,NA,5,"2026/2027","Unobserved",93,116,NA,23,NA,341,"Pacific Islands","French Polynesia",0.903950607604488,419.999999999999,22.2578927516122,"Low","Below average - fewer cases than typical at this point",-0.73944173142002,"Low",15.655593623953,"Below average - fewer cases than typical at this point","French Polynesia"
"PYF",6,10,0.504198960493204,70.8333333333333,0.884907556804006,490.833333333333,70.8333333333333,490.833333333333,0.459046982497004,0.057619208919414,2026,NA,2026-10-01,NA,NA,NA,NA,NA,NA,NA,NA,5,"2026/2027","Unobserved",93,116,NA,23,NA,341,"Pacific Islands","French Polynesia",0.884907556804006,490.833333333333,20.067928908044,"Low","Below average - fewer cases than typical at this point",-0.76177187901111,"Low",15.655593623953,"Below average - fewer cases than typical at this point","French Polynesia"
"PYF",7,11,0.82821204906213,91.9166666666668,0.877701235618863,582.749999999999,91.9166666666667,582.75,0.538909575706836,0.0798625932098311,2026,NA,2026-11-01,NA,NA,NA,NA,NA,NA,NA,NA,5,"2026/2027","Unobserved",93,116,NA,23,NA,341,"Pacific Islands","French Polynesia",0.877701235618863,582.749999999999,17.6307253515091,"Low","Below average - fewer cases than typical at this point",-0.786753547683875,"Low",15.655593623953,"Below average - fewer cases than typical at this point","French Polynesia"
"PYF",8,12,0.510145489951258,116.833333333333,0.858214168292991,699.583333333334,116.833333333333,699.583333333333,0.632733338483826,0.0938237627769905,2026,NA,2026-12-01,NA,NA,NA,NA,NA,NA,NA,NA,5,"2026/2027","Unobserved",93,116,NA,23,NA,341,"Pacific Islands","French Polynesia",0.858214168292991,699.583333333334,15.655593623953,"Low","Below average - fewer cases than typical at this point",-0.802754292871807,"Low",15.655593623953,"Below average - fewer cases than typical at this point","French Polynesia"
"REU",3,1,0.420740926747604,129.7,0.496094091536555,189.3,129.7,189.3,0.144552821313068,0.0480574851129808,2025,"WHO",2025-01-01,10,10,NA,18,NA,FALSE,"no_lookup_match",NA,11,"2024/2025","Observed",10,10,17,176,NA,17,"Sub-Saharan Africa","Reunion",0.496094091536555,189.3,19.018717189527,"Low","Below average - fewer cases than typical at this point",-0.666259438681556,"Low",10.0634437477144,"Below average - fewer cases than typical at this point","Reunion"
"REU",4,2,0.27365816934739,405.7,0.413395569530402,595,405.7,595,0.195166890123613,0.050614068810545,2025,"WHO",2025-02-01,0,0,NA,17,NA,FALSE,"no_lookup_match",NA,11,"2024/2025","Observed",10,10,17,176,NA,17,"Sub-Saharan Africa","Reunion",0.413395569530402,595,14.8389109756689,"Low","Below average - fewer cases than typical at this point",-0.63193293662893,"Low",10.0634437477144,"Below average - fewer cases than typical at this point","Reunion"
"REU",5,3,0.30750214572663,1333.3,0.36359871903899,1928.3,1333.3,1928.3,0.351786169058255,0.156619278934642,2025,"WHO",2025-03-01,2,2,NA,16,NA,FALSE,"no_lookup_match",NA,11,"2024/2025","Observed",12,12,17,176,NA,17,"Sub-Saharan Africa","Reunion",0.36359871903899,1928.3,12.5110795095607,"Low","Below average - fewer cases than typical at this point",-0.599182511987196,"Low",10.0634437477144,"Below average - fewer cases than typical at this point","Reunion"
"REU",6,4,0.328806046269697,2197.4,0.357156383875496,4125.69999999999,2197.4,4125.7,0.641203826161149,0.289417657102894,2025,"WHO",2025-04-01,5,5,NA,15,NA,FALSE,"no_lookup_match",NA,11,"2024/2025","Observed",17,17,17,176,NA,17,"Sub-Saharan Africa","Reunion",0.357156383875496,4125.69999999999,11.085705044392,"Low","Below average - fewer cases than typical at this point",-0.595137338194713,"Low",10.0634437477144,"Below average - fewer cases than typical at this point","Reunion"
"REU",7,5,0.234944404500626,2236,0.335516546936728,6361.69999999999,2236,6361.7,0.846596888047342,0.205393061886193,2025,"WHO",2025-05-01,0,0,NA,14,NA,FALSE,"no_lookup_match",NA,11,"2024/2025","Observed",17,17,17,176,NA,17,"Sub-Saharan Africa","Reunion",0.335516546936728,6361.69999999999,10.773374953636,"Low","Below average - fewer cases than typical at this point",-0.577674805068113,"Low",10.0634437477144,"Below average - fewer cases than typical at this point","Reunion"
"REU",8,6,0.276655245771212,700.900000000001,0.338272272316814,7062.6,700.9,7062.6,0.947802862685148,0.101205974637806,2025,"WHO",2025-06-01,0,0,NA,13,NA,FALSE,"no_lookup_match",NA,11,"2024/2025","Observed",17,17,17,176,NA,17,"Sub-Saharan Africa","Reunion",0.338272272316814,7062.6,10.2334270424044,"Low","Below average - fewer cases than typical at this point",-0.580197927753389,"Low",10.0634437477144,"Below average - fewer cases than typical at this point","Reunion"
"REU",9,7,0.293143932122952,176.8,0.339713802220458,7239.40000000002,176.8,7239.4,0.979873599058472,0.0320707363733236,2025,"WHO",2025-07-01,0,0,0,12,1,TRUE,"applied_mean",NA,11,"2024/2025","Observed",17,17,17,176,NA,17,"Sub-Saharan Africa","Reunion",0.339713802220458,7239.40000000002,10.0613920888526,"Low","Below average - fewer cases than typical at this point",-0.581467399305433,"Low",10.0634437477144,"Below average - fewer cases than typical at this point","Reunion"
"REU",10,8,0.230246529571229,73.4,0.3397315229781,7312.8,73.4,7312.8,0.989783427158057,0.0099098280995855,2025,"WHO",2025-08-01,0,0,0,11,1,TRUE,"applied_mean",NA,11,"2024/2025","Observed",17,17,17,176,NA,17,"Sub-Saharan Africa","Reunion",0.3397315229781,7312.8,10.0259316576597,"Low","Below average - fewer cases than typical at this point",-0.581496438886374,"Low",10.0634437477144,"Below average - fewer cases than typical at this point","Reunion"
"REU",11,9,0.240856693074986,42.3,0.339666046508068,7355.09999999999,42.3,7355.1,0.995023602215428,0.00524017505737123,2025,"WHO",2025-09-01,0,0,0,10,1,TRUE,"applied_mean",NA,11,"2024/2025","Observed",17,17,17,176,NA,17,"Sub-Saharan Africa","Reunion",0.339666046508068,7355.09999999999,10.0102347493896,"Low","Below average - fewer cases than typical at this point",-0.581448272244004,"Low",10.0634437477144,"Below average - fewer cases than typical at this point","Reunion"
"REU",12,10,0.281307409995299,24.7,0.339912114386762,7379.8,24.7,7379.8,1,0.00497639778457171,2025,"WHO",2025-10-01,0,0,0,9,1,TRUE,"applied_mean",NA,11,"2024/2025","Observed",17,17,17,176,NA,17,"Sub-Saharan Africa","Reunion",0.339912114386762,7379.8,9.98414559527327,"Low","Below average - fewer cases than typical at this point",-0.581663391837045,"Low",10.0634437477144,"Below average - fewer cases than typical at this point","Reunion"
"REU",1,11,0.515833803202528,26.5,0.515833803202528,26.5,26.5,26.5,0.0482736420049381,0.0482736420049381,2025,"WHO",2025-11-01,0,0,0,8,1,TRUE,"applied_mean",NA,11,"2025/2026","Observed",0,17,235,176,NA,236,"Sub-Saharan Africa","Reunion",0.515833803202528,26.5,12.9785353520857,"Low","Below average - fewer cases than typical at this point",-0.711325943008872,"Low",10.0634437477144,"Below average - fewer cases than typical at this point","Reunion"
"REU",2,12,0.336551417946186,33.1,0.474284037504707,59.6000000000001,33.1,59.6,0.0964953362000873,0.0482216941951492,2025,"WHO",2025-12-01,0,0,0,7,1,TRUE,"applied_mean",NA,11,"2025/2026","Observed",0,17,235,176,NA,236,"Sub-Saharan Africa","Reunion",0.474284037504707,59.6000000000001,10.0634437477144,"Low","Below average - fewer cases than typical at this point",-0.685958879418152,"Low",10.0634437477144,"Below average - fewer cases than typical at this point","Reunion"
"REU",3,1,0.420740926747604,129.7,0.496094091536555,189.3,129.7,189.3,0.144552821313068,0.0480574851129808,2026,"WHO",2026-01-01,10,10,10,6,1,TRUE,"applied_mean",NA,11,"2025/2026","Observed",10,10,235,235,NA,236,"Sub-Saharan Africa","Reunion",0.496094091536555,189.3,19.018717189527,"Low","Below average - fewer cases than typical at this point",-0.666259438681556,"Low",10.0634437477144,"Below average - fewer cases than typical at this point","Reunion"
"REU",4,2,0.27365816934739,405.7,0.413395569530402,595,405.7,595,0.195166890123613,0.050614068810545,2026,"WHO",2026-02-01,3,3,3,5,1,TRUE,"applied_mean",NA,11,"2025/2026","Observed",13,13,235,235,NA,236,"Sub-Saharan Africa","Reunion",0.413395569530402,595,16.4234702913326,"Low","Below average - fewer cases than typical at this point",-0.628692254902627,"Low",10.0634437477144,"Below average - fewer cases than typical at this point","Reunion"
"REU",5,3,0.30750214572663,1333.3,0.36359871903899,1928.3,1333.3,1928.3,0.351786169058255,0.156619278934642,2026,"WHO",2026-03-01,45,45,45,4,1,TRUE,"applied_mean",NA,11,"2025/2026","Observed",58,58,235,235,NA,236,"Sub-Saharan Africa","Reunion",0.36359871903899,1928.3,21.7855809916118,"Low","Below average - fewer cases than typical at this point",-0.584799380143846,"Low",10.0634437477144,"Below average - fewer cases than typical at this point","Reunion"
"REU",6,4,0.328806046269697,2197.4,0.357156383875496,4125.69999999999,2197.4,4125.7,0.641203826161149,0.289417657102894,2026,"WHO",2026-04-01,76,76,76,3,1,TRUE,"applied_mean",NA,11,"2025/2026","Observed",134,134,235,235,NA,236,"Sub-Saharan Africa","Reunion",0.357156383875496,4125.69999999999,22.8322762834746,"Low","Below average - fewer cases than typical at this point",-0.57819011192636,"Low",10.0634437477144,"Below average - fewer cases than typical at this point","Reunion"
"REU",7,5,0.234944404500626,2236,0.335516546936728,6361.69999999999,2236,6361.7,0.846596888047342,0.205393061886193,2026,"WHO",2026-05-01,73,73,73,2,1,TRUE,"applied_mean",NA,11,"2025/2026","Observed",207,207,235,235,NA,236,"Sub-Saharan Africa","Reunion",0.335516546936728,6361.69999999999,24.5645665197133,"Low","Below average - fewer cases than typical at this point",-0.56037560842163,"Low",10.0634437477144,"Below average - fewer cases than typical at this point","Reunion"
"REU",8,6,0.276655245771212,700.900000000001,0.338272272316814,7062.6,700.9,7062.6,0.947802862685148,0.101205974637806,2026,"WHO",2026-06-01,16,16,NA,1,NA,FALSE,"insufficient_n_rf",NA,11,"2025/2026","Observed",223,223,235,235,NA,236,"Sub-Saharan Africa","Reunion",0.338272272316814,7062.6,24.0896772410725,"Low","Below average - fewer cases than typical at this point",-0.563234039210582,"Low",10.0634437477144,"Below average - fewer cases than typical at this point","Reunion"
"REU",9,7,0.293143932122952,176.8,0.339713802220458,7239.40000000002,176.8,7239.4,0.979873599058472,0.0320707363733236,2026,"Estimates",2026-07-01,8,NA,NA,NA,NA,NA,NA,NA,11,"2025/2026","Unobserved",231,231,235,235,7.53662304773105,236,"Sub-Saharan Africa","Reunion",0.339713802220458,7239.40000000002,24.0554516132922,"Low","Below average - fewer cases than typical at this point",-0.564238497077453,"Low",10.0634437477144,"Below average - fewer cases than typical at this point","Reunion"
"REU",10,8,0.230246529571229,73.4,0.3397315229781,7312.8,73.4,7312.8,0.989783427158057,0.0099098280995855,2026,NA,2026-08-01,NA,NA,NA,NA,NA,NA,NA,NA,11,"2025/2026","Unobserved",231,231,235,235,NA,236,"Sub-Saharan Africa","Reunion",0.3397315229781,7312.8,23.9723647000569,"Low","Below average - fewer cases than typical at this point",-0.564440017668456,"Low",10.0634437477144,"Below average - fewer cases than typical at this point","Reunion"
"REU",11,9,0.240856693074986,42.3,0.339666046508068,7355.09999999999,42.3,7355.1,0.995023602215428,0.00524017505737123,2026,NA,2026-09-01,NA,NA,NA,NA,NA,NA,NA,NA,11,"2025/2026","Unobserved",231,231,235,235,NA,236,"Sub-Saharan Africa","Reunion",0.339666046508068,7355.09999999999,23.931179994989,"Low","Below average - fewer cases than typical at this point",-0.564491576333589,"Low",10.0634437477144,"Below average - fewer cases than typical at this point","Reunion"
"REU",12,10,0.281307409995299,24.7,0.339912114386762,7379.8,24.7,7379.8,1,0.00497639778457171,2026,NA,2026-10-01,NA,NA,NA,NA,NA,NA,NA,NA,11,"2025/2026","Unobserved",231,231,235,235,NA,236,"Sub-Saharan Africa","Reunion",0.339912114386762,7379.8,23.8840005394769,"Low","Below average - fewer cases than typical at this point",-0.564757328131236,"Low",10.0634437477144,"Below average - fewer cases than typical at this point","Reunion"
"REU",1,11,0.515833803202528,26.5,0.515833803202528,26.5,26.5,26.5,0.0482736420049381,0.0482736420049381,2026,NA,2026-11-01,NA,NA,NA,NA,NA,NA,NA,NA,11,"2026/2027","Unobserved",0,231,NA,235,NA,NA,"Sub-Saharan Africa","Reunion",0.515833803202528,26.5,12.9785353520857,"Low","Below average - fewer cases than typical at this point",-0.711325943008872,"Low",10.0634437477144,"Below average - fewer cases than typical at this point","Reunion"
"REU",2,12,0.336551417946186,33.1,0.474284037504707,59.6000000000001,33.1,59.6,0.0964953362000873,0.0482216941951492,2026,NA,2026-12-01,NA,NA,NA,NA,NA,NA,NA,NA,11,"2026/2027","Unobserved",0,231,NA,235,NA,NA,"Sub-Saharan Africa","Reunion",0.474284037504707,59.6000000000001,10.0634437477144,"Low","Below average - fewer cases than typical at this point",-0.685958879418152,"Low",10.0634437477144,"Below average - fewer cases than typical at this point","Reunion"
"SDN",9,1,0.29884567445588,196.625,0.845945793170915,3576,196.625,3576,0.953590584130014,0.0405840575374448,2025,"WHO",2025-01-01,822,822,NA,18,NA,FALSE,"no_lookup_match",NA,5,"2024/2025","Observed",822,822,3145,63967,NA,3145,"Europe, Middle East & North Africa","Sudan",0.845945793170915,3576,24.2980923928172,"Low","Below average - fewer cases than typical at this point",-0.708249588079187,"Extremely High",99.9999495336396,"Rare bad event - unusually high cases to date","Sudan"
"SDN",10,2,0.237844991032519,165,0.820391226169524,3741.00000000001,165,3741,0.971730368014439,0.0181397838844244,2025,"WHO",2025-02-01,816,816,NA,17,NA,FALSE,"no_lookup_match",NA,5,"2024/2025","Observed",1638,1638,3145,63967,NA,3145,"Europe, Middle East & North Africa","Sudan",0.820391226169524,3741.00000000001,39.4237471681173,"Normal","Average - typical case load at this point",-0.509113312674315,"Extremely High",99.9999495336396,"Rare bad event - unusually high cases to date","Sudan"
"SDN",11,3,0.138252127861018,147.625,0.798158958415404,3888.62499999999,147.625,3888.625,0.986480613005609,0.0147502449911708,2025,"WHO",2025-03-01,669,669,NA,16,NA,FALSE,"no_lookup_match",NA,5,"2024/2025","Observed",2307,2307,3145,63967,NA,3145,"Europe, Middle East & North Africa","Sudan",0.798158958415404,3888.62499999999,48.4182982145071,"Normal","Average - typical case load at this point",-0.363335294501458,"Extremely High",99.9999495336396,"Rare bad event - unusually high cases to date","Sudan"
"SDN",12,4,0.124784875985553,145.625,0.777112424611059,4034.25,145.625,4034.25,1,0.0135193869943906,2025,"WHO",2025-04-01,838,838,NA,15,NA,FALSE,"no_lookup_match",NA,5,"2024/2025","Observed",3145,3145,3145,63967,NA,3145,"Europe, Middle East & North Africa","Sudan",0.777112424611059,4034.25,57.0704842015701,"Normal","Average - typical case load at this point",-0.194294795606002,"Extremely High",99.9999495336396,"Rare bad event - unusually high cases to date","Sudan"
"SDN",1,5,0.230758707812569,26.875,0.230758707812569,26.875,26.875,26.875,0.00419780169572459,0.00419780169572459,2025,"WHO",2025-05-01,853,853,NA,14,NA,FALSE,"no_lookup_match",NA,5,"2025/2026","Observed",853,3998,60522,63967,NA,60522,"Europe, Middle East & North Africa","Sudan",0.230758707812569,26.875,99.996603687173,"Extremely High","Rare bad event - unusually high cases to date",14.7034684367794,"Extremely High",99.9999495336396,"Rare bad event - unusually high cases to date","Sudan"
"SDN",2,6,0.397705150144643,7.375,0.25103194313691,34.25,7.375,34.25,0.00643578755115864,0.00223798585543405,2025,"WHO",2025-06-01,335,335,NA,13,NA,FALSE,"no_lookup_match",NA,5,"2025/2026","Observed",1188,4333,60522,63967,NA,60522,"Europe, Middle East & North Africa","Sudan",0.25103194313691,34.25,99.9991350237248,"Extremely High","Rare bad event - unusually high cases to date",16.8162779641976,"Extremely High",99.9999495336396,"Rare bad event - unusually high cases to date","Sudan"
"SDN",3,7,0.558315809216979,18.375,0.441889197365724,52.625,18.375,52.625,0.0140917338000774,0.00765594624891873,2025,"WHO",2025-07-01,741,741,741,12,1,TRUE,"applied_mean",NA,5,"2025/2026","Observed",1929,5074,60522,63967,NA,60522,"Europe, Middle East & North Africa","Sudan",0.441889197365724,52.625,99.9999989951533,"Extremely High","Rare bad event - unusually high cases to date",23.6030681843215,"Extremely High",99.9999495336396,"Rare bad event - unusually high cases to date","Sudan"
"SDN",4,8,0.801705776492556,112.75,0.876512463413273,165.375,112.75,165.375,0.0601838963018577,0.0460921625017804,2025,"WHO",2025-08-01,3791,3791,3791,11,1,TRUE,"applied_mean",NA,5,"2025/2026","Observed",5720,8865,60522,63967,NA,60522,"Europe, Middle East & North Africa","Sudan",0.876512463413273,165.375,99.9999999999956,"Extremely High","Rare bad event - unusually high cases to date",31.3628890236826,"Extremely High",99.9999495336396,"Rare bad event - unusually high cases to date","Sudan"
"SDN",5,9,0.857381496811902,380.125,0.999186176082462,545.5,380.125,545.5,0.183566285414363,0.123382389112505,2025,"WHO",2025-09-01,12511,12511,12511,10,1,TRUE,"applied_mean",NA,5,"2025/2026","Observed",18231,21376,60522,63967,NA,60522,"Europe, Middle East & North Africa","Sudan",0.999186176082462,545.5,99.9999999999997,"Extremely High","Rare bad event - unusually high cases to date",32.3778803465388,"Extremely High",99.9999495336396,"Rare bad event - unusually high cases to date","Sudan"
"SDN",6,10,0.801594453569587,1331.375,0.889024643717304,1876.875,1331.375,1876.875,0.523438285897356,0.339872000482993,2025,"WHO",2025-10-01,25882,18678,25882,9,1.38571428571429,TRUE,"applied_mean",NA,5,"2025/2026","Observed",44113,47258,60522,63967,NA,60522,"Europe, Middle East & North Africa","Sudan",0.889024643717304,1876.875,99.9999999442613,"Extremely High","Rare bad event - unusually high cases to date",21.2130338254039,"Extremely High",99.9999495336396,"Rare bad event - unusually high cases to date","Sudan"
"SDN",7,11,0.766305320192734,1090.625,0.850598772941311,2967.50000000001,1090.625,2967.5,0.797393281482559,0.273954995585204,2025,"WHO",2025-11-01,8674,6632,8674,8,1.30797342192691,TRUE,"applied_mean",NA,5,"2025/2026","Observed",52787,55932,60522,63967,NA,60522,"Europe, Middle East & North Africa","Sudan",0.850598772941311,2967.50000000001,99.9999840316218,"Extremely High","Rare bad event - unusually high cases to date",15.4813482129796,"Extremely High",99.9999495336396,"Rare bad event - unusually high cases to date","Sudan"
"SDN",8,12,0.865771972049896,411.875,0.857016179687255,3379.375,411.875,3379.375,0.913006526592569,0.11561324511001,2025,"WHO",2025-12-01,2470,2006,2470,7,1.23116638013434,TRUE,"applied_mean",NA,5,"2025/2026","Observed",55257,58402,60522,63967,NA,60522,"Europe, Middle East & North Africa","Sudan",0.857016179687255,3379.375,99.9999495336396,"Extremely High","Rare bad event - unusually high cases to date",14.2096423522644,"Extremely High",99.9999495336396,"Rare bad event - unusually high cases to date","Sudan"
"SDN",9,1,0.29884567445588,196.625,0.845945793170915,3576,196.625,3576,0.953590584130014,0.0405840575374448,2026,"Estimates",2026-01-01,2456,NA,NA,NA,NA,NA,NA,NA,5,"2025/2026","Unobserved",57713,2456,60522,706322,2456.22833028123,60522,"Europe, Middle East & North Africa","Sudan",0.845945793170915,3576,99.9999301666735,"Extremely High","Rare bad event - unusually high cases to date",13.9224792846198,"Normal",66.011935385835,"Average - typical case load at this point","Sudan"
"SDN",10,2,0.237844991032519,165,0.820391226169524,3741.00000000001,165,3741,0.971730368014439,0.0181397838844244,2026,"Estimates",2026-02-01,1098,NA,NA,NA,NA,NA,NA,NA,5,"2025/2026","Unobserved",58811,3554,60522,706322,1097.85600025313,60522,"Europe, Middle East & North Africa","Sudan",0.820391226169524,3741.00000000001,99.9998630257579,"Extremely High","Rare bad event - unusually high cases to date",13.3318450446859,"Normal",66.011935385835,"Average - typical case load at this point","Sudan"
"SDN",11,3,0.138252127861018,147.625,0.798158958415404,3888.62499999999,147.625,3888.625,0.986480613005609,0.0147502449911708,2026,"Estimates",2026-03-01,893,NA,NA,NA,NA,NA,NA,NA,5,"2025/2026","Unobserved",59704,4447,60522,706322,892.714327355638,60522,"Europe, Middle East & North Africa","Sudan",0.798158958415404,3888.62499999999,99.9997571603825,"Extremely High","Rare bad event - unusually high cases to date",12.8220632029302,"Normal",66.011935385835,"Average - typical case load at this point","Sudan"
"SDN",12,4,0.124784875985553,145.625,0.777112424611059,4034.25,145.625,4034.25,1,0.0135193869943906,2026,"Estimates",2026-04-01,818,NA,NA,NA,NA,NA,NA,NA,5,"2025/2026","Unobserved",60522,5265,60522,706322,818.220339674507,60522,"Europe, Middle East & North Africa","Sudan",0.777112424611059,4034.25,99.9995869244896,"Extremely High","Rare bad event - unusually high cases to date",12.3421713134585,"Normal",66.011935385835,"Average - typical case load at this point","Sudan"
"SDN",1,5,0.230758707812569,26.875,0.230758707812569,26.875,26.875,26.875,0.00419780169572459,0.00419780169572459,2026,"WHO",2026-05-01,2965,2738,2965,2,1.08305439194039,TRUE,"applied_median",NA,5,"2026/2027","Observed",2965,8230,706322,706322,NA,252843,"Europe, Middle East & North Africa","Sudan",0.230758707812569,26.875,99.9999999999801,"Extremely High","Rare bad event - unusually high cases to date",52.2930890613555,"Normal",66.011935385835,"Average - typical case load at this point","Sudan"
"SDN",2,6,0.397705150144643,7.375,0.25103194313691,34.25,7.375,34.25,0.00643578755115864,0.00223798585543405,2026,"Estimates",2026-06-01,135,NA,NA,NA,NA,NA,NA,NA,5,"2026/2027","Unobserved",3100,8365,706322,706322,135.44737994258,252843,"Europe, Middle East & North Africa","Sudan",0.25103194313691,34.25,99.9999999996194,"Extremely High","Rare bad event - unusually high cases to date",44.684293970738,"Normal",66.011935385835,"Average - typical case load at this point","Sudan"
"SDN",3,7,0.558315809216979,18.375,0.441889197365724,52.625,18.375,52.625,0.0140917338000774,0.00765594624891873,2026,"Estimates",2026-07-01,463,NA,NA,NA,NA,NA,NA,NA,5,"2026/2027","Unobserved",3563,8828,706322,706322,463.35317887706,252843,"Europe, Middle East & North Africa","Sudan",0.441889197365724,52.625,99.9999999999992,"Extremely High","Rare bad event - unusually high cases to date",44.1572822477051,"Normal",66.011935385835,"Average - typical case load at this point","Sudan"
"SDN",4,8,0.801705776492556,112.75,0.876512463413273,165.375,112.75,165.375,0.0601838963018577,0.0460921625017804,2026,NA,2026-08-01,NA,NA,NA,NA,NA,NA,NA,NA,5,"2026/2027","Unobserved",3563,8828,706322,706322,NA,252843,"Europe, Middle East & North Africa","Sudan",0.876512463413273,165.375,99.9999995819976,"Extremely High","Rare bad event - unusually high cases to date",19.1838937496392,"Normal",66.011935385835,"Average - typical case load at this point","Sudan"
"SDN",5,9,0.857381496811902,380.125,0.999186176082462,545.5,380.125,545.5,0.183566285414363,0.123382389112505,2026,NA,2026-09-01,NA,NA,NA,NA,NA,NA,NA,NA,5,"2026/2027","Unobserved",3563,8828,706322,706322,NA,252843,"Europe, Middle East & North Africa","Sudan",0.999186176082462,545.5,99.8532613593627,"Extremely High","Rare bad event - unusually high cases to date",5.52431392641886,"Normal",66.011935385835,"Average - typical case load at this point","Sudan"
"SDN",6,10,0.801594453569587,1331.375,0.889024643717304,1876.875,1331.375,1876.875,0.523438285897356,0.339872000482993,2026,NA,2026-10-01,NA,NA,NA,NA,NA,NA,NA,NA,5,"2026/2027","Unobserved",3563,8828,706322,706322,NA,252843,"Europe, Middle East & North Africa","Sudan",0.889024643717304,1876.875,84.5196778449988,"High","Above average - more cases than typical at this point",0.846853887729027,"Normal",66.011935385835,"Average - typical case load at this point","Sudan"
"SDN",7,11,0.766305320192734,1090.625,0.850598772941311,2967.50000000001,1090.625,2967.5,0.797393281482559,0.273954995585204,2026,NA,2026-11-01,NA,NA,NA,NA,NA,NA,NA,NA,5,"2026/2027","Unobserved",3563,8828,706322,706322,NA,252843,"Europe, Middle East & North Africa","Sudan",0.850598772941311,2967.50000000001,70.3760323836513,"Normal","Average - typical case load at this point",0.185050890932852,"Normal",66.011935385835,"Average - typical case load at this point","Sudan"
"SDN",8,12,0.865771972049896,411.875,0.857016179687255,3379.375,411.875,3379.375,0.913006526592569,0.11561324511001,2026,NA,2026-12-01,NA,NA,NA,NA,NA,NA,NA,NA,5,"2026/2027","Unobserved",3563,8828,706322,706322,NA,252843,"Europe, Middle East & North Africa","Sudan",0.857016179687255,3379.375,66.011935385835,"Normal","Average - typical case load at this point",0.0502961648096756,"Normal",66.011935385835,"Average - typical case load at this point","Sudan"
"SEN",9,1,0.520541326036736,148.714285714286,0.500868075467418,2377,148.714285714286,2377,0.783446099807684,0.122231562194874,2025,"WHO",2025-01-01,92,92,NA,18,NA,FALSE,"no_lookup_match",NA,5,"2024/2025","Observed",92,92,451,18849,NA,451,"Sub-Saharan Africa","Senegal",0.500868075467418,2377,15.6176497250552,"Low","Below average - fewer cases than typical at this point",-0.680256886681902,"Extremely High",97.4721551179228,"Rare bad event - unusually high cases to date","Senegal"
"SEN",10,2,0.545447477113455,123.142857142857,0.536975010937936,2500.14285714286,123.142857142857,2500.14285714286,0.888181240073686,0.104735140266002,2025,"WHO",2025-02-01,140,140,NA,17,NA,FALSE,"no_lookup_match",NA,5,"2024/2025","Observed",232,232,451,18849,NA,451,"Sub-Saharan Africa","Senegal",0.536975010937936,2500.14285714286,22.1504453634507,"Low","Below average - fewer cases than typical at this point",-0.664715773172406,"Extremely High",97.4721551179228,"Rare bad event - unusually high cases to date","Senegal"
"SEN",11,3,0.610369940626789,84.2857142857143,0.558542311985579,2584.42857142857,84.2857142857143,2584.42857142857,0.963300791090206,0.0751195510165196,2025,"WHO",2025-03-01,89,89,NA,16,NA,FALSE,"no_lookup_match",NA,5,"2024/2025","Observed",321,321,451,18849,NA,451,"Sub-Saharan Africa","Senegal",0.558542311985579,2584.42857142857,24.7420817329968,"Low","Below average - fewer cases than typical at this point",-0.654460402134249,"Extremely High",97.4721551179228,"Rare bad event - unusually high cases to date","Senegal"
"SEN",12,4,0.267064161672603,68.1428571428572,0.563763003958183,2652.57142857143,68.1428571428571,2652.57142857143,1,0.0366992089097942,2025,"WHO",2025-04-01,130,130,NA,15,NA,FALSE,"no_lookup_match",NA,5,"2024/2025","Observed",451,451,451,18849,NA,451,"Sub-Saharan Africa","Senegal",0.563763003958183,2652.57142857143,28.9765444728466,"Normal","Average - typical case load at this point",-0.623114464730907,"Extremely High",97.4721551179228,"Rare bad event - unusually high cases to date","Senegal"
"SEN",1,5,0.42676290398479,39.5714285714286,0.42676290398479,39.5714285714286,39.5714285714286,39.5714285714286,0.0137383919498992,0.0137383919498992,2025,"WHO",2025-05-01,201,201,NA,14,NA,FALSE,"no_lookup_match",NA,5,"2025/2026","Observed",201,652,13256,18849,NA,13256,"Sub-Saharan Africa","Senegal",0.42676290398479,39.5714285714286,97.0413716273214,"Extremely High","Rare bad event - unusually high cases to date",2.65071290379429,"Extremely High",97.4721551179228,"Rare bad event - unusually high cases to date","Senegal"
"SEN",2,6,0.356013553582183,49.8571428571428,0.433056834417801,89.4285714285714,49.8571428571429,89.4285714285714,0.0321930134177581,0.0184546214678589,2025,"WHO",2025-06-01,225,225,NA,13,NA,FALSE,"no_lookup_match",NA,5,"2025/2026","Observed",426,877,13256,18849,NA,13256,"Sub-Saharan Africa","Senegal",0.433056834417801,89.4285714285714,96.580479195995,"Extremely High","Rare bad event - unusually high cases to date",2.4707249801837,"Extremely High",97.4721551179228,"Rare bad event - unusually high cases to date","Senegal"
"SEN",3,7,0.50713812187765,86.5714285714287,0.473800969367625,176,86.5714285714286,176,0.0737061263529963,0.0415131129352383,2025,"WHO",2025-07-01,304,304,304,12,1,TRUE,"applied_mean",NA,5,"2025/2026","Observed",730,1181,13256,18849,NA,13256,"Sub-Saharan Africa","Senegal",0.473800969367625,176,95.6166700647422,"Extremely High","Rare bad event - unusually high cases to date",2.16377093784624,"Extremely High",97.4721551179228,"Rare bad event - unusually high cases to date","Senegal"
"SEN",4,8,0.5481311497472,92.8571428571429,0.502460111310497,268.857142857143,92.8571428571429,268.857142857143,0.117208053375964,0.0435019270229676,2025,"WHO",2025-08-01,356,356,356,11,1,TRUE,"applied_mean",NA,5,"2025/2026","Observed",1086,1537,13256,18849,NA,13256,"Sub-Saharan Africa","Senegal",0.502460111310497,268.857142857143,95.571889714719,"Extremely High","Rare bad event - unusually high cases to date",2.15239395040185,"Extremely High",97.4721551179228,"Rare bad event - unusually high cases to date","Senegal"
"SEN",5,9,0.433503534046085,174.571428571428,0.477500708038208,443.428571428572,174.571428571429,443.428571428571,0.174267801569142,0.0570597481931786,2025,"WHO",2025-09-01,878,878,878,10,1,TRUE,"applied_mean",NA,5,"2025/2026","Observed",1964,2415,13256,18849,NA,13256,"Sub-Saharan Africa","Senegal",0.477500708038208,443.428571428572,96.2924558809913,"Extremely High","Rare bad event - unusually high cases to date",2.36829859132735,"Extremely High",97.4721551179228,"Rare bad event - unusually high cases to date","Senegal"
"SEN",6,10,0.391728177124597,636.714285714286,0.439268212335525,1080.14285714286,636.714285714286,1080.14285714286,0.339942671698465,0.165674870129322,2025,"WHO",2025-10-01,3616,3616,3616,9,1,TRUE,"applied_mean",NA,5,"2025/2026","Observed",5580,6031,13256,18849,NA,13256,"Sub-Saharan Africa","Senegal",0.439268212335525,1080.14285714286,97.2770492711835,"Extremely High","Rare bad event - unusually high cases to date",2.76054051914338,"Extremely High",97.4721551179228,"Rare bad event - unusually high cases to date","Senegal"
"SEN",7,11,0.38812336428334,867.142857142859,0.419672279258814,1947.28571428572,867.142857142857,1947.28571428571,0.567833145204617,0.227890473506152,2025,"WHO",2025-11-01,4923,4923,4923,8,1,TRUE,"applied_mean",NA,5,"2025/2026","Observed",10503,10954,13256,18849,NA,13256,"Sub-Saharan Africa","Senegal",0.419672279258814,1947.28571428572,97.4390063984359,"Extremely High","Rare bad event - unusually high cases to date",2.84600031157161,"Extremely High",97.4721551179228,"Rare bad event - unusually high cases to date","Senegal"
"SEN",8,12,0.451324568813434,281,0.424639390415223,2228.28571428572,281,2228.28571428571,0.66121453761281,0.0933813924081932,2025,"WHO",2025-12-01,1509,1509,1509,7,1,TRUE,"applied_mean",NA,5,"2025/2026","Observed",12012,12463,13256,18849,NA,13256,"Sub-Saharan Africa","Senegal",0.424639390415223,2228.28571428572,97.4721551179228,"Extremely High","Rare bad event - unusually high cases to date",2.86089321047364,"Extremely High",97.4721551179228,"Rare bad event - unusually high cases to date","Senegal"
"SEN",9,1,0.520541326036736,148.714285714286,0.500868075467418,2377,148.714285714286,2377,0.783446099807684,0.122231562194874,2026,"WHO",2026-01-01,455,455,455,6,1,TRUE,"applied_mean",NA,5,"2025/2026","Observed",12467,455,13256,47246,NA,13256,"Sub-Saharan Africa","Senegal",0.500868075467418,2377,97.8039255750917,"Extremely High","Rare bad event - unusually high cases to date",3.00384769655159,"Normal",49.1931816670709,"Average - typical case load at this point","Senegal"
"SEN",10,2,0.545447477113455,123.142857142857,0.536975010937936,2500.14285714286,123.142857142857,2500.14285714286,0.888181240073686,0.104735140266002,2026,"WHO",2026-02-01,312,312,312,5,1,TRUE,"applied_mean",NA,5,"2025/2026","Observed",12779,767,13256,47246,NA,13256,"Sub-Saharan Africa","Senegal",0.536975010937936,2500.14285714286,97.8505436318794,"Extremely High","Rare bad event - unusually high cases to date",3.0123845380929,"Normal",49.1931816670709,"Average - typical case load at this point","Senegal"
"SEN",11,3,0.610369940626789,84.2857142857143,0.558542311985579,2584.42857142857,84.2857142857143,2584.42857142857,0.963300791090206,0.0751195510165196,2026,"WHO",2026-03-01,230,230,230,4,1,TRUE,"applied_mean",NA,5,"2025/2026","Observed",13009,997,13256,47246,NA,13256,"Sub-Saharan Africa","Senegal",0.558542311985579,2584.42857142857,97.8723807360952,"Extremely High","Rare bad event - unusually high cases to date",3.01421891343982,"Normal",49.1931816670709,"Average - typical case load at this point","Senegal"
"SEN",12,4,0.267064161672603,68.1428571428572,0.563763003958183,2652.57142857143,68.1428571428571,2652.57142857143,1,0.0366992089097942,2026,"WHO",2026-04-01,247,247,247,3,1,TRUE,"applied_mean",NA,5,"2025/2026","Observed",13256,1244,13256,47246,NA,13256,"Sub-Saharan Africa","Senegal",0.563763003958183,2652.57142857143,97.8532482181822,"Extremely High","Rare bad event - unusually high cases to date",3.00110622478663,"Normal",49.1931816670709,"Average - typical case load at this point","Senegal"
"SEN",1,5,0.42676290398479,39.5714285714286,0.42676290398479,39.5714285714286,39.5714285714286,39.5714285714286,0.0137383919498992,0.0137383919498992,2026,"WHO",2026-05-01,121,116,121,2,1.0412477666715,TRUE,"applied_mean",NA,5,"2026/2027","Observed",121,1365,8604,47246,NA,11220,"Sub-Saharan Africa","Senegal",0.42676290398479,39.5714285714286,91.3927278095365,"High","Above average - more cases than typical at this point",1.33708527005553,"Normal",49.1931816670709,"Average - typical case load at this point","Senegal"
"SEN",2,6,0.356013553582183,49.8571428571428,0.433056834417801,89.4285714285714,49.8571428571429,89.4285714285714,0.0321930134177581,0.0184546214678589,2026,"WHO",2026-06-01,156,156,NA,1,NA,FALSE,"insufficient_n_rf",NA,5,"2026/2027","Observed",277,1521,8604,47246,NA,11220,"Sub-Saharan Africa","Senegal",0.433056834417801,89.4285714285714,91.6253179651249,"High","Above average - more cases than typical at this point",1.37693628989015,"Normal",49.1931816670709,"Average - typical case load at this point","Senegal"
"SEN",3,7,0.50713812187765,86.5714285714287,0.473800969367625,176,86.5714285714286,176,0.0737061263529963,0.0415131129352383,2026,"Estimates",2026-07-01,550,NA,NA,NA,NA,NA,NA,NA,5,"2026/2027","Unobserved",827,2071,8604,47246,550.297825069518,11220,"Sub-Saharan Africa","Senegal",0.473800969367625,176,96.7857826718375,"Extremely High","Rare bad event - unusually high cases to date",2.54262613815506,"Normal",49.1931816670709,"Average - typical case load at this point","Senegal"
"SEN",4,8,0.5481311497472,92.8571428571429,0.502460111310497,268.857142857143,92.8571428571429,268.857142857143,0.117208053375964,0.0435019270229676,2026,NA,2026-08-01,NA,NA,NA,NA,NA,NA,NA,NA,5,"2026/2027","Unobserved",827,2071,8604,47246,NA,11220,"Sub-Saharan Africa","Senegal",0.502460111310497,268.857142857143,92.0735061309683,"High","Above average - more cases than typical at this point",1.47017537836014,"Normal",49.1931816670709,"Average - typical case load at this point","Senegal"
"SEN",5,9,0.433503534046085,174.571428571428,0.477500708038208,443.428571428572,174.571428571429,443.428571428571,0.174267801569142,0.0570597481931786,2026,NA,2026-09-01,NA,NA,NA,NA,NA,NA,NA,NA,5,"2026/2027","Unobserved",827,2071,8604,47246,NA,11220,"Sub-Saharan Africa","Senegal",0.477500708038208,443.428571428572,82.7842062922006,"High","Above average - more cases than typical at this point",0.597414667203489,"Normal",49.1931816670709,"Average - typical case load at this point","Senegal"
"SEN",6,10,0.391728177124597,636.714285714286,0.439268212335525,1080.14285714286,636.714285714286,1080.14285714286,0.339942671698465,0.165674870129322,2026,NA,2026-10-01,NA,NA,NA,NA,NA,NA,NA,NA,5,"2026/2027","Unobserved",827,2071,8604,47246,NA,11220,"Sub-Saharan Africa","Senegal",0.439268212335525,1080.14285714286,63.4416816919568,"Normal","Average - typical case load at this point",-0.155296288768597,"Normal",49.1931816670709,"Average - typical case load at this point","Senegal"
"SEN",7,11,0.38812336428334,867.142857142859,0.419672279258814,1947.28571428572,867.142857142857,1947.28571428571,0.567833145204617,0.227890473506152,2026,NA,2026-11-01,NA,NA,NA,NA,NA,NA,NA,NA,5,"2026/2027","Unobserved",827,2071,8604,47246,NA,11220,"Sub-Saharan Africa","Senegal",0.419672279258814,1947.28571428572,51.9839534328958,"Normal","Average - typical case load at this point",-0.372655442366749,"Normal",49.1931816670709,"Average - typical case load at this point","Senegal"
"SEN",8,12,0.451324568813434,281,0.424639390415223,2228.28571428572,281,2228.28571428571,0.66121453761281,0.0933813924081932,2026,NA,2026-12-01,NA,NA,NA,NA,NA,NA,NA,NA,5,"2026/2027","Unobserved",827,2071,8604,47246,NA,11220,"Sub-Saharan Africa","Senegal",0.424639390415223,2228.28571428572,49.1931816670709,"Normal","Average - typical case load at this point",-0.409755300375785,"Normal",49.1931816670709,"Average - typical case load at this point","Senegal"
"SGP",12,1,1.9464080873496,1001.375,1.89362656998737,12649.75,1001.375,12649.75,1,0.102619872441714,2025,"WHO",2025-01-01,486,486,NA,18,NA,FALSE,"no_lookup_match",NA,2,"2024/2025","Observed",486,486,486,4498,NA,486,"East & Southeast Asia","Singapore",1.89362656998737,12649.75,0.369058908005511,"Extremely Low","Rare good event - unusually low cases to date",-1.32312296851601,"Low",15.0829947287792,"Below average - fewer cases than typical at this point","Singapore"
"SGP",1,2,1.92586102319404,805.062499999999,1.92586102319404,805.062499999999,805.0625,805.0625,0.0743645391296388,0.0743645391296388,2025,"WHO",2025-02-01,380,380,NA,17,NA,FALSE,"no_lookup_match",NA,2,"2025/2026","Observed",380,866,3699,4498,NA,3699,"East & Southeast Asia","Singapore",1.92586102319404,805.062499999999,25.165879910872,"Normal","Average - typical case load at this point",-0.731841157362946,"Low",15.0829947287792,"Below average - fewer cases than typical at this point","Singapore"
"SGP",2,3,1.69541219086068,797.625,1.86348155408988,1602.6875,797.625,1602.6875,0.140359349825143,0.065994810695504,2025,"WHO",2025-03-01,356,356,NA,16,NA,FALSE,"no_lookup_match",NA,2,"2025/2026","Observed",736,1222,3699,4498,NA,3699,"East & Southeast Asia","Singapore",1.86348155408988,1602.6875,24.808021980095,"Low","Below average - fewer cases than typical at this point",-0.737774935605081,"Low",15.0829947287792,"Below average - fewer cases than typical at this point","Singapore"
"SGP",3,4,1.62778096108952,887.9375,1.85797170687362,2490.625,887.9375,2490.625,0.211037069812616,0.0706777199874728,2025,"WHO",2025-04-01,380,380,NA,15,NA,FALSE,"no_lookup_match",NA,2,"2025/2026","Observed",1116,1602,3699,4498,NA,3699,"East & Southeast Asia","Singapore",1.85797170687362,2490.625,24.0359812460135,"Low","Below average - fewer cases than typical at this point",-0.752027140881073,"Low",15.0829947287792,"Below average - fewer cases than typical at this point","Singapore"
"SGP",4,5,1.14739480196335,1338.8125,1.60933478989647,3829.4375,1338.8125,3829.4375,0.303778771673857,0.0927417018612419,2025,"WHO",2025-05-01,532,532,NA,14,NA,FALSE,"no_lookup_match",NA,2,"2025/2026","Observed",1648,2134,3699,4498,NA,3699,"East & Southeast Asia","Singapore",1.60933478989647,3829.4375,25.5119936763493,"Normal","Average - typical case load at this point",-0.722503160051112,"Low",15.0829947287792,"Below average - fewer cases than typical at this point","Singapore"
"SGP",5,6,1.16491361235597,1676.5,1.51033357227798,5505.93749999999,1676.5,5505.9375,0.417609352609051,0.113830580935193,2025,"WHO",2025-06-01,449,449,NA,13,NA,FALSE,"no_lookup_match",NA,2,"2025/2026","Observed",2097,2583,3699,4498,NA,3699,"East & Southeast Asia","Singapore",1.51033357227798,5505.93749999999,23.1948671577773,"Low","Below average - fewer cases than typical at this point",-0.760789731510916,"Low",15.0829947287792,"Below average - fewer cases than typical at this point","Singapore"
"SGP",6,7,1.23606548689859,1650.75,1.49183702419237,7156.68749999999,1650.75,7156.6875,0.535290198069568,0.117680845460518,2025,"WHO",2025-07-01,465,465,465,12,1,TRUE,"applied_mean",NA,2,"2025/2026","Observed",2562,3048,3699,4498,NA,3699,"East & Southeast Asia","Singapore",1.49183702419237,7156.68749999999,21.7828959845701,"Low","Below average - fewer cases than typical at this point",-0.784078156616961,"Low",15.0829947287792,"Below average - fewer cases than typical at this point","Singapore"
"SGP",7,8,1.19138433696591,1320.375,1.46392721820009,8477.0625,1320.375,8477.0625,0.625982668417061,0.0906924703474931,2025,"WHO",2025-08-01,233,233,233,11,1.00014467592593,TRUE,"applied_mean",NA,2,"2025/2026","Observed",2795,3281,3699,4498,NA,3699,"East & Southeast Asia","Singapore",1.46392721820009,8477.0625,20.1065407547975,"Low","Below average - fewer cases than typical at this point",-0.810929066924184,"Low",15.0829947287792,"Below average - fewer cases than typical at this point","Singapore"
"SGP",8,9,1.80267189670415,988.125,1.52669337636728,9465.1875,988.125,9465.1875,0.705691538925494,0.0797088705084324,2025,"WHO",2025-09-01,176,176,176,10,1.00052985309355,TRUE,"applied_mean",NA,2,"2025/2026","Observed",2971,3457,3699,4498,NA,3699,"East & Southeast Asia","Singapore",1.52669337636728,9465.1875,18.1242777078824,"Low","Below average - fewer cases than typical at this point",-0.847688888595984,"Low",15.0829947287792,"Below average - fewer cases than typical at this point","Singapore"
"SGP",9,10,2.30606870819339,831.6875,1.59737998594162,10296.875,831.6875,10296.875,0.777555571640696,0.071864032715202,2025,"WHO",2025-10-01,224,224,224,9,1.000949599069,TRUE,"applied_mean",NA,2,"2025/2026","Observed",3195,3681,3699,4498,NA,3699,"East & Southeast Asia","Singapore",1.59737998594162,10296.875,16.9854713286082,"Low","Below average - fewer cases than typical at this point",-0.87164173962395,"Low",15.0829947287792,"Below average - fewer cases than typical at this point","Singapore"
"SGP",10,11,1.9129931185318,683.999999999999,1.64805605789242,10980.875,684,10980.875,0.834990684595172,0.0574351129544767,2025,"WHO",2025-11-01,160,160,160,8,1.00123475644469,TRUE,"applied_mean",NA,2,"2025/2026","Observed",3355,3841,3699,4498,NA,3699,"East & Southeast Asia","Singapore",1.64805605789242,10980.875,16.0504964182768,"Low","Below average - fewer cases than typical at this point",-0.891468775996072,"Low",15.0829947287792,"Below average - fewer cases than typical at this point","Singapore"
"SGP",11,12,2.35225519411003,667.5,1.73063077025101,11648.375,667.5,11648.375,0.897380127558286,0.0623894429631139,2025,"WHO",2025-12-01,195,195,195,7,1.0015395502684,TRUE,"applied_mean",NA,2,"2025/2026","Observed",3550,4036,3699,4498,NA,3699,"East & Southeast Asia","Singapore",1.73063077025101,11648.375,15.0829947287792,"Low","Below average - fewer cases than typical at this point",-0.914539547348172,"Low",15.0829947287792,"Below average - fewer cases than typical at this point","Singapore"
"SGP",12,1,1.9464080873496,1001.375,1.89362656998737,12649.75,1001.375,12649.75,1,0.102619872441714,2026,"WHO",2026-01-01,149,149,149,6,1.00145318061343,TRUE,"applied_mean",NA,2,"2025/2026","Observed",3699,149,3699,2871,NA,3699,"East & Southeast Asia","Singapore",1.89362656998737,12649.75,12.6272258378369,"Low","Below average - fewer cases than typical at this point",-0.973625971468064,"Extremely Low",4.02824960617629,"Rare good event - unusually low cases to date","Singapore"
"SGP",1,2,1.92586102319404,805.062499999999,1.92586102319404,805.062499999999,805.0625,805.0625,0.0743645391296388,0.0743645391296388,2026,"WHO",2026-02-01,134,134,134,5,1.00114816157752,TRUE,"applied_mean",NA,2,"2026/2027","Observed",134,283,2514,2871,NA,2774,"East & Southeast Asia","Singapore",1.92586102319404,805.062499999999,4.93756832086182,"Extremely Low","Rare good event - unusually low cases to date",-1.1553857530666,"Extremely Low",4.02824960617629,"Rare good event - unusually low cases to date","Singapore"
"SGP",2,3,1.69541219086068,797.625,1.86348155408988,1602.6875,797.625,1602.6875,0.140359349825143,0.065994810695504,2026,"WHO",2026-03-01,127,127,127,4,1.00089351689751,TRUE,"applied_mean",NA,2,"2026/2027","Observed",261,410,2514,2871,NA,2774,"East & Southeast Asia","Singapore",1.86348155408988,1602.6875,5.08108593977558,"Low","Below average - fewer cases than typical at this point",-1.14212263233823,"Extremely Low",4.02824960617629,"Rare good event - unusually low cases to date","Singapore"
"SGP",3,4,1.62778096108952,887.9375,1.85797170687362,2490.625,887.9375,2490.625,0.211037069812616,0.0706777199874728,2026,"WHO",2026-04-01,131,131,131,3,1.00072411521605,TRUE,"applied_mean",NA,2,"2026/2027","Observed",392,541,2514,2871,NA,2774,"East & Southeast Asia","Singapore",1.85797170687362,2490.625,4.81856906783771,"Extremely Low","Rare good event - unusually low cases to date",-1.14811163665112,"Extremely Low",4.02824960617629,"Rare good event - unusually low cases to date","Singapore"
"SGP",4,5,1.14739480196335,1338.8125,1.60933478989647,3829.4375,1338.8125,3829.4375,0.303778771673857,0.0927417018612419,2026,"WHO",2026-05-01,216,198,216,2,1.08913245538724,TRUE,"applied_mean",NA,2,"2026/2027","Observed",608,757,2514,2871,NA,2774,"East & Southeast Asia","Singapore",1.60933478989647,3829.4375,6.63398233925705,"Low","Below average - fewer cases than typical at this point",-1.06695643292882,"Extremely Low",4.02824960617629,"Rare good event - unusually low cases to date","Singapore"
"SGP",5,6,1.16491361235597,1676.5,1.51033357227798,5505.93749999999,1676.5,5505.9375,0.417609352609051,0.113830580935193,2026,"WHO",2026-06-01,442,442,NA,1,NA,FALSE,"insufficient_n_rf",NA,2,"2026/2027","Observed",1050,1199,2514,2871,NA,2774,"East & Southeast Asia","Singapore",1.51033357227798,5505.93749999999,9.62398888621404,"Low","Below average - fewer cases than typical at this point",-0.994453988744125,"Extremely Low",4.02824960617629,"Rare good event - unusually low cases to date","Singapore"
"SGP",6,7,1.23606548689859,1650.75,1.49183702419237,7156.68749999999,1650.75,7156.6875,0.535290198069568,0.117680845460518,2026,"Estimates",2026-07-01,435,NA,NA,NA,NA,NA,NA,NA,2,"2026/2027","Unobserved",1485,1634,2514,2871,435.301447358454,2774,"East & Southeast Asia","Singapore",1.49183702419237,7156.68749999999,10.9770773361715,"Low","Below average - fewer cases than typical at this point",-0.967866972434461,"Extremely Low",4.02824960617629,"Rare good event - unusually low cases to date","Singapore"
"SGP",7,8,1.19138433696591,1320.375,1.46392721820009,8477.0625,1320.375,8477.0625,0.625982668417061,0.0906924703474931,2026,NA,2026-08-01,NA,NA,NA,NA,NA,NA,NA,NA,2,"2026/2027","Unobserved",1485,1634,2514,2871,NA,2774,"East & Southeast Asia","Singapore",1.46392721820009,8477.0625,9.06386214724006,"Low","Below average - fewer cases than typical at this point",-0.997888833324268,"Extremely Low",4.02824960617629,"Rare good event - unusually low cases to date","Singapore"
"SGP",8,9,1.80267189670415,988.125,1.52669337636728,9465.1875,988.125,9465.1875,0.705691538925494,0.0797088705084324,2026,NA,2026-09-01,NA,NA,NA,NA,NA,NA,NA,NA,2,"2026/2027","Unobserved",1485,1634,2514,2871,NA,2774,"East & Southeast Asia","Singapore",1.52669337636728,9465.1875,7.22858056415687,"Low","Below average - fewer cases than typical at this point",-1.04165706220564,"Extremely Low",4.02824960617629,"Rare good event - unusually low cases to date","Singapore"
"SGP",9,10,2.30606870819339,831.6875,1.59737998594162,10296.875,831.6875,10296.875,0.777555571640696,0.071864032715202,2026,NA,2026-10-01,NA,NA,NA,NA,NA,NA,NA,NA,2,"2026/2027","Unobserved",1485,1634,2514,2871,NA,2774,"East & Southeast Asia","Singapore",1.59737998594162,10296.875,5.84693350990877,"Low","Below average - fewer cases than typical at this point",-1.08151693100045,"Extremely Low",4.02824960617629,"Rare good event - unusually low cases to date","Singapore"
"SGP",10,11,1.9129931185318,683.999999999999,1.64805605789242,10980.875,684,10980.875,0.834990684595172,0.0574351129544767,2026,NA,2026-11-01,NA,NA,NA,NA,NA,NA,NA,NA,2,"2026/2027","Unobserved",1485,1634,2514,2871,NA,2774,"East & Southeast Asia","Singapore",1.64805605789242,10980.875,4.9594634133751,"Extremely Low","Rare good event - unusually low cases to date",-1.11007275404615,"Extremely Low",4.02824960617629,"Rare good event - unusually low cases to date","Singapore"
"SGP",11,12,2.35225519411003,667.5,1.73063077025101,11648.375,667.5,11648.375,0.897380127558286,0.0623894429631139,2026,NA,2026-12-01,NA,NA,NA,NA,NA,NA,NA,NA,2,"2026/2027","Unobserved",1485,1634,2514,2871,NA,2774,"East & Southeast Asia","Singapore",1.73063077025101,11648.375,4.02824960617629,"Extremely Low","Rare good event - unusually low cases to date",-1.14773746239582,"Extremely Low",4.02824960617629,"Rare good event - unusually low cases to date","Singapore"
"SLB",10,1,0.38497437113306,313,0.568338636356396,3145.99999999999,313,3146,0.886738284397408,0.0814966981560136,2025,"WHO",2025-01-01,47,47,NA,18,NA,FALSE,"no_lookup_match",NA,4,"2024/2025","Observed",47,47,111,360,NA,111,"Pacific Islands","Solomon Islands",0.568338636356396,3145.99999999999,7.51780054805037,"Low","Below average - fewer cases than typical at this point",-0.742552600472337,"Low",16.8372297405004,"Below average - fewer cases than typical at this point","Solomon Islands"
"SLB",11,2,0.443539664900341,151.4,0.574141470653874,3297.4,151.4,3297.4,0.938593802700081,0.051855518302673,2025,"WHO",2025-02-01,34,34,NA,17,NA,FALSE,"no_lookup_match",NA,4,"2024/2025","Observed",81,81,111,360,NA,111,"Pacific Islands","Solomon Islands",0.574141470653874,3297.4,9.7225870527733,"Low","Below average - fewer cases than typical at this point",-0.739043620168781,"Low",16.8372297405004,"Below average - fewer cases than typical at this point","Solomon Islands"
"SLB",12,3,0.658235182417325,112.1,0.589057675285265,3409.50000000001,112.1,3409.5,1,0.061406197299919,2025,"WHO",2025-03-01,30,30,NA,16,NA,FALSE,"no_lookup_match",NA,4,"2024/2025","Observed",111,111,111,360,NA,111,"Pacific Islands","Solomon Islands",0.589057675285265,3409.50000000001,10.8802806494584,"Low","Below average - fewer cases than typical at this point",-0.742449963119546,"Low",16.8372297405004,"Below average - fewer cases than typical at this point","Solomon Islands"
"SLB",1,4,0.406394380800847,93.6,0.406394380800847,93.6,93.6,93.6,0.113713605979972,0.113713605979972,2025,"WHO",2025-04-01,30,30,NA,15,NA,FALSE,"no_lookup_match",NA,4,"2025/2026","Observed",30,141,238,360,NA,238,"Pacific Islands","Solomon Islands",0.406394380800847,93.6,47.8310643936751,"Normal","Average - typical case load at this point",-0.432229436450215,"Low",16.8372297405004,"Below average - fewer cases than typical at this point","Solomon Islands"
"SLB",2,5,0.362202453919243,63.4000000000001,0.466361499594968,157,63.4,157,0.163395303089957,0.0496816971099846,2025,"WHO",2025-05-01,28,28,NA,14,NA,FALSE,"no_lookup_match",NA,4,"2025/2026","Observed",58,169,238,360,NA,238,"Pacific Islands","Solomon Islands",0.466361499594968,157,47.3510120821159,"Normal","Average - typical case load at this point",-0.429984516504278,"Low",16.8372297405004,"Below average - fewer cases than typical at this point","Solomon Islands"
"SLB",3,6,0.428082568806234,58.3000000000001,0.516055276569109,215.3,58.3,215.3,0.213055483950506,0.0496601808605491,2025,"WHO",2025-06-01,13,13,NA,13,NA,FALSE,"no_lookup_match",NA,4,"2025/2026","Observed",71,182,238,360,NA,238,"Pacific Islands","Solomon Islands",0.516055276569109,215.3,42.9080366222998,"Normal","Average - typical case load at this point",-0.48089532220114,"Low",16.8372297405004,"Below average - fewer cases than typical at this point","Solomon Islands"
"SLB",4,7,0.405297520104043,68.2000000000001,0.549076580871755,283.5,68.2,283.5,0.259829844860614,0.0467743609101086,2025,"WHO",2025-07-01,5,5,5,12,1,TRUE,"applied_mean",NA,4,"2025/2026","Observed",76,187,238,360,NA,238,"Pacific Islands","Solomon Islands",0.549076580871755,283.5,37.5018296795188,"Normal","Average - typical case load at this point",-0.541827868500578,"Low",16.8372297405004,"Below average - fewer cases than typical at this point","Solomon Islands"
"SLB",5,8,0.296782303896142,585.8,0.611865585542867,869.300000000001,585.8,869.3,0.388340124633295,0.12851027977268,2025,"WHO",2025-08-01,23,23,23,11,1,TRUE,"applied_mean",NA,4,"2025/2026","Observed",99,210,238,360,NA,238,"Pacific Islands","Solomon Islands",0.611865585542867,869.300000000001,21.426387508072,"Low","Below average - fewer cases than typical at this point",-0.692891835842918,"Low",16.8372297405004,"Below average - fewer cases than typical at this point","Solomon Islands"
"SLB",6,9,0.3875707444834,380.999999999999,0.627083586392561,1250.3,381,1250.3,0.498534483595873,0.110194358962578,2025,"WHO",2025-09-01,20,20,20,10,1,TRUE,"applied_mean",NA,4,"2025/2026","Observed",119,230,238,360,NA,238,"Pacific Islands","Solomon Islands",0.627083586392561,1250.3,18.6828437296547,"Low","Below average - fewer cases than typical at this point",-0.716337011180528,"Low",16.8372297405004,"Below average - fewer cases than typical at this point","Solomon Islands"
"SLB",7,10,0.32766446780879,684.600000000001,0.61766522025625,1934.9,684.6,1934.9,0.637777207591182,0.139242723995309,2025,"WHO",2025-10-01,30,30,30,9,1,TRUE,"applied_mean",NA,4,"2025/2026","Observed",149,260,238,360,NA,238,"Pacific Islands","Solomon Islands",0.61766522025625,1934.9,16.7649011318603,"Low","Below average - fewer cases than typical at this point",-0.725280296154053,"Low",16.8372297405004,"Below average - fewer cases than typical at this point","Solomon Islands"
"SLB",8,11,0.319290244512273,558.100000000001,0.585443866772303,2493,558.1,2493,0.745121353797113,0.107344146205931,2025,"WHO",2025-11-01,14,14,14,8,1,TRUE,"applied_mean",NA,4,"2025/2026","Observed",163,274,238,360,NA,238,"Pacific Islands","Solomon Islands",0.585443866772303,2493,16.4103315411581,"Low","Below average - fewer cases than typical at this point",-0.715031681743953,"Low",16.8372297405004,"Below average - fewer cases than typical at this point","Solomon Islands"
"SLB",9,12,0.298560457660626,340,0.566884704740975,2833,340,2833,0.805241586241394,0.0601202324442819,2025,"WHO",2025-12-01,16,16,16,7,1,TRUE,"applied_mean",NA,4,"2025/2026","Observed",179,290,238,360,NA,238,"Pacific Islands","Solomon Islands",0.566884704740975,2833,16.8372297405004,"Low","Below average - fewer cases than typical at this point",-0.705274638094075,"Low",16.8372297405004,"Below average - fewer cases than typical at this point","Solomon Islands"
"SLB",10,1,0.38497437113306,313,0.568338636356396,3145.99999999999,313,3146,0.886738284397408,0.0814966981560136,2026,"WHO",2026-01-01,20,20,20,6,1,TRUE,"applied_mean",NA,4,"2025/2026","Observed",199,20,238,47,NA,238,"Pacific Islands","Solomon Islands",0.568338636356396,3145.99999999999,16.7836496567284,"Low","Below average - fewer cases than typical at this point",-0.706131821100993,"Low",9.35224784134544,"Below average - fewer cases than typical at this point","Solomon Islands"
"SLB",11,2,0.443539664900341,151.4,0.574141470653874,3297.4,151.4,3297.4,0.938593802700081,0.051855518302673,2026,"WHO",2026-02-01,24,24,24,5,1,TRUE,"applied_mean",NA,4,"2025/2026","Observed",223,44,238,47,NA,238,"Pacific Islands","Solomon Islands",0.574141470653874,3297.4,17.1742032009503,"Low","Below average - fewer cases than typical at this point",-0.70641577721891,"Low",9.35224784134544,"Below average - fewer cases than typical at this point","Solomon Islands"
"SLB",12,3,0.658235182417325,112.1,0.589057675285265,3409.50000000001,112.1,3409.5,1,0.061406197299919,2026,"Estimates",2026-03-01,15,NA,NA,NA,NA,NA,NA,NA,4,"2025/2026","Unobserved",238,59,238,47,14.6146749573807,238,"Pacific Islands","Solomon Islands",0.589057675285265,3409.50000000001,16.8767625679522,"Low","Below average - fewer cases than typical at this point",-0.713863895114033,"Low",9.35224784134544,"Below average - fewer cases than typical at this point","Solomon Islands"
"SLB",1,4,0.406394380800847,93.6,0.406394380800847,93.6,93.6,93.6,0.113713605979972,0.113713605979972,2026,"Estimates",2026-04-01,27,NA,NA,NA,NA,NA,NA,NA,4,"2026/2027","Unobserved",27,86,NA,47,27.0638382232334,239,"Pacific Islands","Solomon Islands",0.406394380800847,93.6,46.0400289672377,"Normal","Average - typical case load at this point",-0.452617617414848,"Low",9.35224784134544,"Below average - fewer cases than typical at this point","Solomon Islands"
"SLB",2,5,0.362202453919243,63.4000000000001,0.466361499594968,157,63.4,157,0.163395303089957,0.0496816971099846,2026,"Estimates",2026-05-01,12,NA,NA,NA,NA,NA,NA,NA,4,"2026/2027","Unobserved",39,98,NA,47,11.8242439121763,239,"Pacific Islands","Solomon Islands",0.466361499594968,157,40.1467584763794,"Normal","Average - typical case load at this point",-0.512506797449543,"Low",9.35224784134544,"Below average - fewer cases than typical at this point","Solomon Islands"
"SLB",3,6,0.428082568806234,58.3000000000001,0.516055276569109,215.3,58.3,215.3,0.213055483950506,0.0496601808605491,2026,"Estimates",2026-06-01,12,NA,NA,NA,NA,NA,NA,NA,4,"2026/2027","Unobserved",51,110,NA,47,11.8191230448107,239,"Pacific Islands","Solomon Islands",0.516055276569109,215.3,36.8233307735619,"Normal","Average - typical case load at this point",-0.547547480510376,"Low",9.35224784134544,"Below average - fewer cases than typical at this point","Solomon Islands"
"SLB",4,7,0.405297520104043,68.2000000000001,0.549076580871755,283.5,68.2,283.5,0.259829844860614,0.0467743609101086,2026,"Estimates",2026-07-01,11,NA,NA,NA,NA,NA,NA,NA,4,"2026/2027","Unobserved",62,121,NA,47,11.1322978966058,239,"Pacific Islands","Solomon Islands",0.549076580871755,283.5,33.890210135318,"Normal","Average - typical case load at this point",-0.578384929507846,"Low",9.35224784134544,"Below average - fewer cases than typical at this point","Solomon Islands"
"SLB",5,8,0.296782303896142,585.8,0.611865585542867,869.300000000001,585.8,869.3,0.388340124633295,0.12851027977268,2026,NA,2026-08-01,NA,NA,NA,NA,NA,NA,NA,NA,4,"2026/2027","Unobserved",62,121,NA,47,NA,239,"Pacific Islands","Solomon Islands",0.611865585542867,869.300000000001,16.296845714831,"Low","Below average - fewer cases than typical at this point",-0.726173671395544,"Low",9.35224784134544,"Below average - fewer cases than typical at this point","Solomon Islands"
"SLB",6,9,0.3875707444834,380.999999999999,0.627083586392561,1250.3,381,1250.3,0.498534483595873,0.110194358962578,2026,NA,2026-09-01,NA,NA,NA,NA,NA,NA,NA,NA,4,"2026/2027","Unobserved",62,121,NA,47,NA,239,"Pacific Islands","Solomon Islands",0.627083586392561,1250.3,12.5982367650772,"Low","Below average - fewer cases than typical at this point",-0.752429302913305,"Low",9.35224784134544,"Below average - fewer cases than typical at this point","Solomon Islands"
"SLB",7,10,0.32766446780879,684.600000000001,0.61766522025625,1934.9,684.6,1934.9,0.637777207591182,0.139242723995309,2026,NA,2026-10-01,NA,NA,NA,NA,NA,NA,NA,NA,4,"2026/2027","Unobserved",62,121,NA,47,NA,239,"Pacific Islands","Solomon Islands",0.61766522025625,1934.9,9.90355943893615,"Low","Below average - fewer cases than typical at this point",-0.760612277656602,"Low",9.35224784134544,"Below average - fewer cases than typical at this point","Solomon Islands"
"SLB",8,11,0.319290244512273,558.100000000001,0.585443866772303,2493,558.1,2493,0.745121353797113,0.107344146205931,2026,NA,2026-11-01,NA,NA,NA,NA,NA,NA,NA,NA,4,"2026/2027","Unobserved",62,121,NA,47,NA,239,"Pacific Islands","Solomon Islands",0.585443866772303,2493,9.44337512220371,"Low","Below average - fewer cases than typical at this point",-0.746026617304528,"Low",9.35224784134544,"Below average - fewer cases than typical at this point","Solomon Islands"
"SLB",9,12,0.298560457660626,340,0.566884704740975,2833,340,2833,0.805241586241394,0.0601202324442819,2026,NA,2026-12-01,NA,NA,NA,NA,NA,NA,NA,NA,4,"2026/2027","Unobserved",62,121,NA,47,NA,239,"Pacific Islands","Solomon Islands",0.566884704740975,2833,9.35224784134544,"Low","Below average - fewer cases than typical at this point",-0.736366247987446,"Low",9.35224784134544,"Below average - fewer cases than typical at this point","Solomon Islands"
"SLV",12,1,1.95702892448805,1036.9375,1.5704851545701,19631.9375,1036.9375,19631.9375,1,0.0651374322588544,2025,"PAHO",2025-01-01,411,411,NA,79,NA,FALSE,"no_lookup_match","current_month_missing",2,"2024/2025","Observed",411,411,411,6239,NA,411,"North & Central America","El Salvador",1.5704851545701,19631.9375,0.330001592363544,"Extremely Low","Rare good event - unusually low cases to date",-1.22690504193516,"Low",16.6460126596933,"Below average - fewer cases than typical at this point","El Salvador"
"SLV",1,2,2.30972545785511,824.812499999999,2.30972545785511,824.812499999999,824.8125,824.8125,0.0574284156592147,0.0574284156592147,2025,"PAHO",2025-02-01,358,358,NA,75,NA,FALSE,"no_lookup_match","current_month_missing",2,"2025/2026","Observed",358,769,6153,6239,NA,6153,"North & Central America","El Salvador",2.30972545785511,824.812499999999,19.015678626401,"Low","Below average - fewer cases than typical at this point",-0.858934792617547,"Low",16.6460126596933,"Below average - fewer cases than typical at this point","El Salvador"
"SLV",2,3,2.30636563305986,987.874999999998,2.44412188373863,1812.6875,987.875,1812.6875,0.120425333291993,0.062996917632778,2025,"PAHO",2025-03-01,492,492,NA,70,NA,FALSE,"no_lookup_match","current_month_missing",2,"2025/2026","Observed",850,1261,6153,6239,NA,6153,"North & Central America","El Salvador",2.44412188373863,1812.6875,20.4858736145599,"Low","Below average - fewer cases than typical at this point",-0.829719374296905,"Low",16.6460126596933,"Below average - fewer cases than typical at this point","El Salvador"
"SLV",3,4,2.63438702261917,915.187499999999,2.62627164932741,2727.875,915.1875,2727.875,0.180886441028782,0.0604611077367897,2025,"PAHO",2025-04-01,379,379,NA,66,NA,FALSE,"no_lookup_match","current_month_missing",2,"2025/2026","Observed",1229,1640,6153,6239,NA,6153,"North & Central America","El Salvador",2.62627164932741,2727.875,17.8342100631242,"Low","Below average - fewer cases than typical at this point",-0.890024197818041,"Low",16.6460126596933,"Below average - fewer cases than typical at this point","El Salvador"
"SLV",4,5,2.07399146753647,1327.125,2.53309673743142,4055,1327.125,4055,0.261577887168614,0.0806914461398314,2025,"PAHO",2025-05-01,391,391,NA,62,NA,FALSE,"no_lookup_match","current_month_missing",2,"2025/2026","Observed",1620,2031,6153,6239,NA,6153,"North & Central America","El Salvador",2.53309673743142,4055,14.8453470282555,"Low","Below average - fewer cases than typical at this point",-0.955428932527754,"Low",16.6460126596933,"Below average - fewer cases than typical at this point","El Salvador"
"SLV",5,6,1.50966112738915,1926.25,2.22555058897736,5981.25000000001,1926.25,5981.25,0.360160125264429,0.098582238095815,2025,"PAHO",2025-06-01,616,616,NA,57,NA,FALSE,"no_lookup_match","current_month_missing",2,"2025/2026","Observed",2236,2647,6153,6239,NA,6153,"North & Central America","El Salvador",2.22555058897736,5981.25000000001,15.3300718783178,"Low","Below average - fewer cases than typical at this point",-0.933956846442286,"Low",16.6460126596933,"Below average - fewer cases than typical at this point","El Salvador"
"SLV",6,7,1.28617211920646,2429.6875,1.97973632185146,8410.93750000001,2429.6875,8410.9375,0.476528847932227,0.116368722667798,2025,"PAHO",2025-07-01,732,732,NA,53,NA,FALSE,"no_lookup_match","current_month_missing",2,"2025/2026","Observed",2968,3379,6153,6239,NA,6153,"North & Central America","El Salvador",1.97973632185146,8410.93750000001,15.975602947576,"Low","Below average - fewer cases than typical at this point",-0.910419417509009,"Low",16.6460126596933,"Below average - fewer cases than typical at this point","El Salvador"
"SLV",7,8,0.889629682169646,3139.125,1.62829343847218,11550.0625,3139.125,11550.0625,0.602983787600194,0.126454939667967,2025,"PAHO",2025-08-01,690,690,NA,49,1,TRUE,"applied_mean","previous_month_missing",2,"2025/2026","Observed",3658,4069,6153,6239,NA,6153,"North & Central America","El Salvador",1.62829343847218,11550.0625,17.0760406970718,"Low","Below average - fewer cases than typical at this point",-0.871850272067187,"Low",16.6460126596933,"Below average - fewer cases than typical at this point","El Salvador"
"SLV",8,9,1.01490927710245,2628.5625,1.52760828991535,14178.625,2628.5625,14178.625,0.71849866714481,0.115514879544616,2025,"PAHO",2025-09-01,811,811,811,44,1,TRUE,"applied_mean","not_missing",2,"2025/2026","Observed",4469,4880,6153,6239,NA,6153,"North & Central America","El Salvador",1.52760828991535,14178.625,18.2043506485801,"Low","Below average - fewer cases than typical at this point",-0.846351853869665,"Low",16.6460126596933,"Below average - fewer cases than typical at this point","El Salvador"
"SLV",9,10,1.31003345484024,2078.5,1.51427154588084,16257.125,2078.5,16257.125,0.818874345389383,0.100375678244573,2025,"PAHO",2025-10-01,458,458,458,40,1,TRUE,"applied_mean","not_missing",2,"2025/2026","Observed",4927,5338,6153,6239,NA,6153,"North & Central America","El Salvador",1.51427154588084,16257.125,17.4985789811976,"Low","Below average - fewer cases than typical at this point",-0.857575987076819,"Low",16.6460126596933,"Below average - fewer cases than typical at this point","El Salvador"
"SLV",10,11,1.13972999025959,1524.25,1.50003950806896,17781.375,1524.25,17781.375,0.890954774721057,0.0720804293316743,2025,"PAHO",2025-11-01,298,298,298,36,1,TRUE,"applied_mean","not_missing",2,"2025/2026","Observed",5225,5636,6153,6239,NA,6153,"North & Central America","El Salvador",1.50003950806896,17781.375,17.0156643793201,"Low","Below average - fewer cases than typical at this point",-0.864832431603627,"Low",16.6460126596933,"Below average - fewer cases than typical at this point","El Salvador"
"SLV",11,12,1.35228606808514,813.625,1.51605458908745,18595,813.625,18595,0.934862567741146,0.0439077930200885,2025,"PAHO",2025-12-01,197,197,197,32,1,TRUE,"applied_mean","not_missing",2,"2025/2026","Observed",5422,5833,6153,6239,NA,6153,"North & Central America","El Salvador",1.51605458908745,18595,16.6460126596933,"Low","Below average - fewer cases than typical at this point",-0.872224387571232,"Low",16.6460126596933,"Below average - fewer cases than typical at this point","El Salvador"
"SLV",12,1,1.95702892448805,1036.9375,1.5704851545701,19631.9375,1036.9375,19631.9375,1,0.0651374322588544,2026,"PAHO",2026-01-01,731,731,731,27,1,TRUE,"applied_mean","not_missing",2,"2025/2026","Observed",6153,731,6153,5714,NA,6153,"North & Central America","El Salvador",1.5704851545701,19631.9375,17.5346399313833,"Low","Below average - fewer cases than typical at this point",-0.860383442726397,"Extremely Low",4.29465906358252,"Rare good event - unusually low cases to date","El Salvador"
"SLV",1,2,2.30972545785511,824.812499999999,2.30972545785511,824.812499999999,824.8125,824.8125,0.0574284156592147,0.0574284156592147,2026,"PAHO",2026-02-01,371,371,371,23,1,TRUE,"applied_mean","not_missing",2,"2026/2027","Observed",371,1102,4180,5714,NA,4180,"North & Central America","El Salvador",2.30972545785511,824.812499999999,20.1632142949774,"Low","Below average - fewer cases than typical at this point",-0.835014798392825,"Extremely Low",4.29465906358252,"Rare good event - unusually low cases to date","El Salvador"
"SLV",2,3,2.30636563305986,987.874999999998,2.44412188373863,1812.6875,987.875,1812.6875,0.120425333291993,0.062996917632778,2026,"PAHO",2026-03-01,463,463,463,18,1,TRUE,"applied_mean","not_missing",2,"2026/2027","Observed",834,1565,4180,5714,NA,4180,"North & Central America","El Salvador",2.44412188373863,1812.6875,19.8351053927619,"Low","Below average - fewer cases than typical at this point",-0.843509425573929,"Extremely Low",4.29465906358252,"Rare good event - unusually low cases to date","El Salvador"
"SLV",3,4,2.63438702261917,915.187499999999,2.62627164932741,2727.875,915.1875,2727.875,0.180886441028782,0.0604611077367897,2026,"PAHO",2026-04-01,358,358,358,14,1,TRUE,"applied_mean","not_missing",2,"2026/2027","Observed",1192,1923,4180,5714,NA,4180,"North & Central America","El Salvador",2.62627164932741,2727.875,16.8574047284578,"Low","Below average - fewer cases than typical at this point",-0.9119946058369,"Extremely Low",4.29465906358252,"Rare good event - unusually low cases to date","El Salvador"
"SLV",4,5,2.07399146753647,1327.125,2.53309673743142,4055,1327.125,4055,0.261577887168614,0.0806914461398314,2026,"PAHO",2026-05-01,219,219,219,10,1,TRUE,"applied_mean","not_missing",2,"2026/2027","Observed",1411,2142,4180,5714,NA,4180,"North & Central America","El Salvador",2.53309673743142,4055,11.4254893811368,"Low","Below average - fewer cases than typical at this point",-1.03743494768106,"Extremely Low",4.29465906358252,"Rare good event - unusually low cases to date","El Salvador"
"SLV",5,6,1.50966112738915,1926.25,2.22555058897736,5981.25000000001,1926.25,5981.25,0.360160125264429,0.098582238095815,2026,"PAHO",2026-06-01,439,439,439,5,1,TRUE,"applied_mean","not_missing",2,"2026/2027","Observed",1850,2581,4180,5714,NA,4180,"North & Central America","El Salvador",2.22555058897736,5981.25000000001,11.0415068868033,"Low","Below average - fewer cases than typical at this point",-1.03021406364453,"Extremely Low",4.29465906358252,"Rare good event - unusually low cases to date","El Salvador"
"SLV",6,7,1.28617211920646,2429.6875,1.97973632185146,8410.93750000001,2429.6875,8410.9375,0.476528847932227,0.116368722667798,2026,"PAHO",2026-07-01,142,142,142,4,1,TRUE,"applied_mean","not_missing",2,"2026/2027","Observed",1992,2723,4180,5714,NA,4180,"North & Central America","El Salvador",1.97973632185146,8410.93750000001,8.38925653851204,"Low","Below average - fewer cases than typical at this point",-1.07367121885503,"Extremely Low",4.29465906358252,"Rare good event - unusually low cases to date","El Salvador"
"SLV",7,8,0.889629682169646,3139.125,1.62829343847218,11550.0625,3139.125,11550.0625,0.602983787600194,0.126454939667967,2026,NA,2026-08-01,NA,NA,NA,NA,NA,NA,NA,NA,2,"2026/2027","Unobserved",1992,2723,4180,5714,NA,4180,"North & Central America","El Salvador",1.62829343847218,11550.0625,7.29963604762602,"Low","Below average - fewer cases than typical at this point",-1.05589627439724,"Extremely Low",4.29465906358252,"Rare good event - unusually low cases to date","El Salvador"
"SLV",8,9,1.01490927710245,2628.5625,1.52760828991535,14178.625,2628.5625,14178.625,0.71849866714481,0.115514879544616,2026,NA,2026-09-01,NA,NA,NA,NA,NA,NA,NA,NA,2,"2026/2027","Unobserved",1992,2723,4180,5714,NA,4180,"North & Central America","El Salvador",1.52760828991535,14178.625,6.18877837312136,"Low","Below average - fewer cases than typical at this point",-1.06226271984391,"Extremely Low",4.29465906358252,"Rare good event - unusually low cases to date","El Salvador"
"SLV",9,10,1.31003345484024,2078.5,1.51427154588084,16257.125,2078.5,16257.125,0.818874345389383,0.100375678244573,2026,NA,2026-10-01,NA,NA,NA,NA,NA,NA,NA,NA,2,"2026/2027","Unobserved",1992,2723,4180,5714,NA,4180,"North & Central America","El Salvador",1.51427154588084,16257.125,5.20660676337451,"Low","Below average - fewer cases than typical at this point",-1.07972583291439,"Extremely Low",4.29465906358252,"Rare good event - unusually low cases to date","El Salvador"
"SLV",10,11,1.13972999025959,1524.25,1.50003950806896,17781.375,1524.25,17781.375,0.890954774721057,0.0720804293316743,2026,NA,2026-11-01,NA,NA,NA,NA,NA,NA,NA,NA,2,"2026/2027","Unobserved",1992,2723,4180,5714,NA,4180,"North & Central America","El Salvador",1.50003950806896,17781.375,4.6929999437895,"Extremely Low","Rare good event - unusually low cases to date",-1.08750842299242,"Extremely Low",4.29465906358252,"Rare good event - unusually low cases to date","El Salvador"
"SLV",11,12,1.35228606808514,813.625,1.51605458908745,18595,813.625,18595,0.934862567741146,0.0439077930200885,2026,NA,2026-12-01,NA,NA,NA,NA,NA,NA,NA,NA,2,"2026/2027","Unobserved",1992,2723,4180,5714,NA,4180,"North & Central America","El Salvador",1.51605458908745,18595,4.29465906358252,"Extremely Low","Rare good event - unusually low cases to date",-1.09933511780499,"Extremely Low",4.29465906358252,"Rare good event - unusually low cases to date","El Salvador"
"SUR",10,1,0.981447610500975,51.1818181818182,1.19655896675614,243.727272727273,51.1818181818182,243.727272727273,0.681017267114624,0.20606169255609,2025,"PAHO",2025-01-01,75,75,NA,79,NA,FALSE,"no_lookup_match","current_month_missing",4,"2024/2025","Observed",75,75,526,2764,NA,526,"South America","Suriname",1.19655896675614,243.727272727273,22.9071754514442,"Low","Below average - fewer cases than typical at this point",-0.755413518668274,"Extremely High",95.5702642030427,"Rare bad event - unusually high cases to date","Suriname"
"SUR",11,2,0.693658272557179,74.1818181818182,1.39427952245717,317.909090909091,74.1818181818182,317.909090909091,0.887238270318264,0.20622100320364,2025,"PAHO",2025-02-01,162,162,NA,75,NA,FALSE,"no_lookup_match","current_month_missing",4,"2024/2025","Observed",237,237,526,2764,NA,526,"South America","Suriname",1.39427952245717,317.909090909091,48.5490017601966,"Normal","Average - typical case load at this point",-0.299860334429006,"Extremely High",95.5702642030427,"Rare bad event - unusually high cases to date","Suriname"
"SUR",12,3,0.457863520264418,48.6363636363636,1.36714345895353,366.545454545454,48.6363636363636,366.545454545455,1,0.112761729681736,2025,"PAHO",2025-03-01,289,289,NA,70,NA,FALSE,"no_lookup_match","current_month_missing",4,"2024/2025","Observed",526,526,526,2764,NA,526,"South America","Suriname",1.36714345895353,366.545454545454,76.7231416240711,"High","Above average - more cases than typical at this point",0.507700626867823,"Extremely High",95.5702642030427,"Rare bad event - unusually high cases to date","Suriname"
"SUR",1,4,0.333372422562774,25.5454545454546,0.333372422562774,25.5454545454546,25.5454545454545,25.5454545454545,0.0652557465845809,0.0652557465845809,2025,"PAHO",2025-04-01,98,98,NA,66,NA,FALSE,"no_lookup_match","current_month_missing",4,"2025/2026","Observed",98,624,1114,2764,NA,1114,"South America","Suriname",0.333372422562774,25.5454545454546,93.5153051245409,"High","Above average - more cases than typical at this point",1.62705172992451,"Extremely High",95.5702642030427,"Rare bad event - unusually high cases to date","Suriname"
"SUR",2,5,0.359600439639485,29.1818181818182,0.35157986883542,54.7272727272727,29.1818181818182,54.7272727272727,0.119881525072193,0.0546257784876122,2025,"PAHO",2025-05-01,204,204,NA,62,NA,FALSE,"no_lookup_match","current_month_missing",4,"2025/2026","Observed",302,828,1114,2764,NA,1114,"South America","Suriname",0.35157986883542,54.7272727272727,97.0422609454886,"Extremely High","Rare bad event - unusually high cases to date",2.67050793959556,"Extremely High",95.5702642030427,"Rare bad event - unusually high cases to date","Suriname"
"SUR",3,6,0.392063355436553,18.5454545454545,0.363263617831655,73.2727272727272,18.5454545454545,73.2727272727273,0.163708336151583,0.0438268110793894,2025,"PAHO",2025-06-01,119,119,NA,57,NA,FALSE,"no_lookup_match","current_month_missing",4,"2025/2026","Observed",421,947,1114,2764,NA,1114,"South America","Suriname",0.363263617831655,73.2727272727272,97.420547520646,"Extremely High","Rare bad event - unusually high cases to date",2.85320817889795,"Extremely High",95.5702642030427,"Rare bad event - unusually high cases to date","Suriname"
"SUR",4,7,0.335929046954333,25.3636363636364,0.35404309436265,98.6363636363636,25.3636363636364,98.6363636363636,0.222703280468792,0.0589949443172098,2025,"PAHO",2025-07-01,115,115,NA,53,NA,FALSE,"no_lookup_match","current_month_missing",4,"2025/2026","Observed",536,1062,1114,2764,NA,1114,"South America","Suriname",0.35404309436265,98.6363636363636,96.9556363714219,"Extremely High","Rare bad event - unusually high cases to date",2.63363542232342,"Extremely High",95.5702642030427,"Rare bad event - unusually high cases to date","Suriname"
"SUR",5,8,0.350917433181316,26.7272727272727,0.34883981681981,125.363636363636,26.7272727272727,125.363636363636,0.279412391384071,0.0567091109152784,2025,"PAHO",2025-08-01,133,133,NA,49,1,TRUE,"applied_mean","previous_month_missing",4,"2025/2026","Observed",669,1195,1114,2764,NA,1114,"South America","Suriname",0.34883981681981,125.363636363636,96.7755675702425,"Extremely High","Rare bad event - unusually high cases to date",2.55768197461957,"Extremely High",95.5702642030427,"Rare bad event - unusually high cases to date","Suriname"
"SUR",6,9,0.407704316249238,17.6363636363636,0.349008662975459,143,17.6363636363636,143,0.319733108226054,0.0403207168419831,2025,"PAHO",2025-09-01,67,67,67,44,1,TRUE,"applied_mean","not_missing",4,"2025/2026","Observed",736,1262,1114,2764,NA,1114,"South America","Suriname",0.349008662975459,143,96.4967087507197,"Extremely High","Rare bad event - unusually high cases to date",2.44685047720909,"Extremely High",95.5702642030427,"Rare bad event - unusually high cases to date","Suriname"
"SUR",7,10,0.574640543800045,21.8181818181818,0.463881349359558,164.818181818182,21.8181818181818,164.818181818182,0.396863295812895,0.0771301875868411,2025,"PAHO",2025-10-01,19,19,19,40,1,TRUE,"applied_mean","not_missing",4,"2025/2026","Observed",755,1281,1114,2764,NA,1114,"South America","Suriname",0.463881349359558,164.818181818182,96.4890940261099,"Extremely High","Rare bad event - unusually high cases to date",2.43541995250421,"Extremely High",95.5702642030427,"Rare bad event - unusually high cases to date","Suriname"
"SUR",8,11,0.646204140243466,11.2727272727273,0.474398184697182,176.090909090909,11.2727272727273,176.090909090909,0.428178125245911,0.0313148294330163,2025,"PAHO",2025-11-01,20,20,20,36,1,TRUE,"applied_mean","not_missing",4,"2025/2026","Observed",775,1301,1114,2764,NA,1114,"South America","Suriname",0.474398184697182,176.090909090909,96.2064542454592,"Extremely High","Rare bad event - unusually high cases to date",2.33943648938341,"Extremely High",95.5702642030427,"Rare bad event - unusually high cases to date","Suriname"
"SUR",9,12,0.422454608425042,16.4545454545454,0.486815474185354,192.545454545455,16.4545454545455,192.545454545455,0.474955574558533,0.0467774493126222,2025,"PAHO",2025-12-01,12,12,12,34,1,TRUE,"applied_mean","not_missing",4,"2025/2026","Observed",787,1313,1114,2764,NA,1114,"South America","Suriname",0.486815474185354,192.545454545455,95.5702642030427,"Extremely High","Rare bad event - unusually high cases to date",2.15139049321806,"Extremely High",95.5702642030427,"Rare bad event - unusually high cases to date","Suriname"
"SUR",10,1,0.981447610500975,51.1818181818182,1.19655896675614,243.727272727273,51.1818181818182,243.727272727273,0.681017267114624,0.20606169255609,2026,"PAHO",2026-01-01,109,109,109,27,1,TRUE,"applied_mean","not_missing",4,"2025/2026","Observed",896,109,1114,3487,NA,1114,"South America","Suriname",1.19655896675614,243.727272727273,98.1317635657761,"Extremely High","Rare bad event - unusually high cases to date",2.92030818773969,"Normal",70.1497026628158,"Average - typical case load at this point","Suriname"
"SUR",11,2,0.693658272557179,74.1818181818182,1.39427952245717,317.909090909091,74.1818181818182,317.909090909091,0.887238270318264,0.20622100320364,2026,"PAHO",2026-02-01,133,133,133,23,1,TRUE,"applied_mean","not_missing",4,"2025/2026","Observed",1029,242,1114,3487,NA,1114,"South America","Suriname",1.39427952245717,317.909090909091,97.5760839427045,"Extremely High","Rare bad event - unusually high cases to date",2.63540172573448,"Normal",70.1497026628158,"Average - typical case load at this point","Suriname"
"SUR",12,3,0.457863520264418,48.6363636363636,1.36714345895353,366.545454545454,48.6363636363636,366.545454545455,1,0.112761729681736,2026,"PAHO",2026-03-01,85,85,85,18,1,TRUE,"applied_mean","not_missing",4,"2025/2026","Observed",1114,327,1114,3487,NA,1114,"South America","Suriname",1.36714345895353,366.545454545454,96.7825059404904,"Extremely High","Rare bad event - unusually high cases to date",2.37988287007254,"Normal",70.1497026628158,"Average - typical case load at this point","Suriname"
"SUR",1,4,0.333372422562774,25.5454545454546,0.333372422562774,25.5454545454546,25.5454545454545,25.5454545454545,0.0652557465845809,0.0652557465845809,2026,"PAHO",2026-04-01,89,89,89,14,1,TRUE,"applied_mean","not_missing",4,"2026/2027","Observed",89,416,759,3487,NA,925,"South America","Suriname",0.333372422562774,25.5454545454546,92.3886780818835,"High","Above average - more cases than typical at this point",1.42494618254367,"Normal",70.1497026628158,"Average - typical case load at this point","Suriname"
"SUR",2,5,0.359600439639485,29.1818181818182,0.35157986883542,54.7272727272727,29.1818181818182,54.7272727272727,0.119881525072193,0.0546257784876122,2026,"PAHO",2026-05-01,2,2,2,13,1,TRUE,"applied_mean","not_missing",4,"2026/2027","Observed",91,418,759,3487,NA,925,"South America","Suriname",0.35157986883542,54.7272727272727,80.9581182840924,"High","Above average - more cases than typical at this point",0.39173995143332,"Normal",70.1497026628158,"Average - typical case load at this point","Suriname"
"SUR",3,6,0.392063355436553,18.5454545454545,0.363263617831655,73.2727272727272,18.5454545454545,73.2727272727273,0.163708336151583,0.0438268110793894,2026,"Estimates",2026-06-01,49,NA,NA,1,NA,FALSE,"no_lookup_match",NA,4,"2026/2027","Unobserved",140,467,759,3487,48.8230675424398,925,"South America","Suriname",0.363263617831655,73.2727272727272,83.3768576092829,"High","Above average - more cases than typical at this point",0.547517595636889,"Normal",70.1497026628158,"Average - typical case load at this point","Suriname"
"SUR",4,7,0.335929046954333,25.3636363636364,0.35404309436265,98.6363636363636,25.3636363636364,98.6363636363636,0.222703280468792,0.0589949443172098,2026,"Estimates",2026-07-01,66,NA,NA,NA,NA,NA,NA,NA,4,"2026/2027","Unobserved",206,533,759,3487,65.7203679693717,925,"South America","Suriname",0.35404309436265,98.6363636363636,84.9267659497288,"High","Above average - more cases than typical at this point",0.646502480516308,"Normal",70.1497026628158,"Average - typical case load at this point","Suriname"
"SUR",5,8,0.350917433181316,26.7272727272727,0.34883981681981,125.363636363636,26.7272727272727,125.363636363636,0.279412391384071,0.0567091109152784,2026,NA,2026-08-01,NA,NA,NA,NA,NA,NA,NA,NA,4,"2026/2027","Unobserved",206,533,759,3487,NA,925,"South America","Suriname",0.34883981681981,125.363636363636,80.7211359292366,"High","Above average - more cases than typical at this point",0.379375236034708,"Normal",70.1497026628158,"Average - typical case load at this point","Suriname"
"SUR",6,9,0.407704316249238,17.6363636363636,0.349008662975459,143,17.6363636363636,143,0.319733108226054,0.0403207168419831,2026,NA,2026-09-01,NA,NA,NA,NA,NA,NA,NA,NA,4,"2026/2027","Unobserved",206,533,759,3487,NA,925,"South America","Suriname",0.349008662975459,143,78.2996781876113,"High","Above average - more cases than typical at this point",0.259952074307205,"Normal",70.1497026628158,"Average - typical case load at this point","Suriname"
"SUR",7,10,0.574640543800045,21.8181818181818,0.463881349359558,164.818181818182,21.8181818181818,164.818181818182,0.396863295812895,0.0771301875868411,2026,NA,2026-10-01,NA,NA,NA,NA,NA,NA,NA,NA,4,"2026/2027","Unobserved",206,533,759,3487,NA,925,"South America","Suriname",0.463881349359558,164.818181818182,74.0595395431459,"Normal","Average - typical case load at this point",0.169939192619287,"Normal",70.1497026628158,"Average - typical case load at this point","Suriname"
"SUR",8,11,0.646204140243466,11.2727272727273,0.474398184697182,176.090909090909,11.2727272727273,176.090909090909,0.428178125245911,0.0313148294330163,2026,NA,2026-11-01,NA,NA,NA,NA,NA,NA,NA,NA,4,"2026/2027","Unobserved",206,533,759,3487,NA,925,"South America","Suriname",0.474398184697182,176.090909090909,72.4162884573451,"Normal","Average - typical case load at this point",0.116829782180805,"Normal",70.1497026628158,"Average - typical case load at this point","Suriname"
"SUR",9,12,0.422454608425042,16.4545454545454,0.486815474185354,192.545454545455,16.4545454545455,192.545454545455,0.474955574558533,0.0467774493126222,2026,NA,2026-12-01,NA,NA,NA,NA,NA,NA,NA,NA,4,"2026/2027","Unobserved",206,533,759,3487,NA,925,"South America","Suriname",0.486815474185354,192.545454545455,70.1497026628158,"Normal","Average - typical case load at this point",0.0486933465355975,"Normal",70.1497026628158,"Average - typical case load at this point","Suriname"
"SXM",10,1,0.437434376633685,10.75,4.70882506055288,143.75,10.75,143.75,0.928616305569431,0.108052104145854,2025,"WHO",2025-01-01,0,0,NA,18,NA,FALSE,"no_lookup_match",NA,4,"2024/2025","Observed",0,0,0,66,NA,0,"Caribbean","Sint Maarten",4.70882506055288,143.75,8.76828511640414e-06,"Extremely Low","Rare good event - unusually low cases to date",-2.13529161756378,"Extremely Low",0.518656722068694,"Rare good event - unusually low cases to date","Sint Maarten"
"SXM",11,2,0.432200024224639,4.5,6.04888440524991,148.25,4.5,148.25,0.975297163773726,0.0466808582042957,2025,"WHO",2025-02-01,0,0,NA,17,NA,FALSE,"no_lookup_match",NA,4,"2024/2025","Observed",0,0,0,66,NA,0,"Caribbean","Sint Maarten",6.04888440524991,148.25,3.09820330362891e-07,"Extremely Low","Rare good event - unusually low cases to date",-2.41075791085137,"Extremely Low",0.518656722068694,"Rare good event - unusually low cases to date","Sint Maarten"
"SXM",12,3,0.748936732299839,2.5,6.73424809239004,150.75,2.5,150.75,1,0.0247028362262737,2025,"WHO",2025-03-01,0,0,NA,16,NA,FALSE,"no_lookup_match",NA,4,"2024/2025","Observed",0,0,0,66,NA,0,"Caribbean","Sint Maarten",6.73424809239004,150.75,6.04177405231317e-08,"Extremely Low","Rare good event - unusually low cases to date",-2.53895296651037,"Extremely Low",0.518656722068694,"Rare good event - unusually low cases to date","Sint Maarten"
"SXM",1,4,5.88053187245633,3.25,5.88053187245633,3.25,3.25,3.25,0.0192527242530699,0.0192527242530699,2025,"WHO",2025-04-01,0,0,NA,15,NA,FALSE,"no_lookup_match",NA,4,"2025/2026","Observed",0,0,66,66,NA,20,"Caribbean","Sint Maarten",5.88053187245633,3.25,7.52230770411737,"Low","Below average - fewer cases than typical at this point",-1.44677816656919,"Extremely Low",0.518656722068694,"Rare good event - unusually low cases to date","Sint Maarten"
"SXM",2,5,3.06033375721253,4.5,2.709053246581,7.75000000000001,4.5,7.75,0.0458599147672018,0.0266071905141319,2025,"PAHO",2025-05-01,6,6,NA,62,NA,FALSE,"no_lookup_match","current_month_missing",4,"2025/2026","Observed",6,6,66,66,NA,20,"Caribbean","Sint Maarten",2.709053246581,7.75000000000001,48.7916140182557,"Normal","Average - typical case load at this point",-0.31992618043408,"Extremely Low",0.518656722068694,"Rare good event - unusually low cases to date","Sint Maarten"
"SXM",3,6,3.22169343340707,4.75,2.34787352880516,12.5,4.75,12.5,0.0737512193973062,0.0278913046301044,2025,"WHO",2025-06-01,0,0,NA,13,NA,FALSE,"no_lookup_match",NA,4,"2025/2026","Observed",6,6,66,66,NA,20,"Caribbean","Sint Maarten",2.34787352880516,12.5,28.0256675625786,"Normal","Average - typical case load at this point",-0.731077755788663,"Extremely Low",0.518656722068694,"Rare good event - unusually low cases to date","Sint Maarten"
"SXM",4,7,3.26435034858936,8,2.30321949217188,20.5,8,20.5,0.122131075161012,0.0483798557637053,2025,"PAHO",2025-07-01,2,2,NA,56,NA,FALSE,"no_lookup_match","current_month_missing",4,"2025/2026","Observed",8,8,66,66,NA,20,"Caribbean","Sint Maarten",2.30321949217188,20.5,19.7678926129597,"Low","Below average - fewer cases than typical at this point",-0.877410166732241,"Extremely Low",0.518656722068694,"Rare good event - unusually low cases to date","Sint Maarten"
"SXM",5,8,2.94005707225544,20,2.41277875723517,40.5,20,40.5,0.247252332844147,0.125121257683135,2025,"Estimates",2025-08-01,0,NA,NA,11,1,FALSE,"applied_mean",NA,4,"2025/2026","Unobserved",8,8,66,66,0,20,"Caribbean","Sint Maarten",2.41277875723517,40.5,5.54490797045252,"Low","Below average - fewer cases than typical at this point",-1.21093625179562,"Extremely Low",0.518656722068694,"Rare good event - unusually low cases to date","Sint Maarten"
"SXM",6,9,3.23856732668797,15.5,2.45287823460718,56,15.5,56,0.34406643550034,0.0968141026561934,2025,"Estimates",2025-09-01,0,NA,NA,10,1,FALSE,"applied_mean",NA,4,"2025/2026","Unobserved",8,8,66,66,0,20,"Caribbean","Sint Maarten",2.45287823460718,56,2.75293234694559,"Extremely Low","Rare good event - unusually low cases to date",-1.31396037445561,"Extremely Low",0.518656722068694,"Rare good event - unusually low cases to date","Sint Maarten"
"SXM",7,10,2.3827543203153,22.25,2.3391455111534,78.2499999999999,22.25,78.25,0.4790559965477,0.13498956104736,2025,"Estimates",2025-10-01,0,NA,NA,9,1,FALSE,"applied_mean",NA,4,"2025/2026","Unobserved",8,8,66,66,0,20,"Caribbean","Sint Maarten",2.3391455111534,78.2499999999999,1.54863428321761,"Extremely Low","Rare good event - unusually low cases to date",-1.35298972790772,"Extremely Low",0.518656722068694,"Rare good event - unusually low cases to date","Sint Maarten"
"SXM",8,11,2.5323711592327,35.25,2.33371307007158,113.5,35.25,113.5,0.698859207371721,0.219803210824021,2025,"Estimates",2025-11-01,0,NA,NA,8,1,FALSE,"applied_mean",NA,4,"2025/2026","Unobserved",8,8,66,66,0,20,"Caribbean","Sint Maarten",2.33371307007158,113.5,0.702821861194806,"Extremely Low","Rare good event - unusually low cases to date",-1.40559683034558,"Extremely Low",0.518656722068694,"Rare good event - unusually low cases to date","Sint Maarten"
"SXM",9,12,2.59709288187835,19.5,2.30982408063802,133,19.5,133,0.820564201423576,0.121704994051855,2025,"Estimates",2025-12-01,0,NA,NA,7,1,FALSE,"applied_mean",NA,4,"2025/2026","Unobserved",8,8,66,66,0,20,"Caribbean","Sint Maarten",2.30982408063802,133,0.518656722068694,"Extremely Low","Rare good event - unusually low cases to date",-1.41614909831339,"Extremely Low",0.518656722068694,"Rare good event - unusually low cases to date","Sint Maarten"
"SXM",10,1,0.437434376633685,10.75,4.70882506055288,143.75,10.75,143.75,0.928616305569431,0.108052104145854,2026,"Estimates",2026-01-01,7,NA,NA,6,1,FALSE,"applied_mean",NA,4,"2025/2026","Unobserved",15,7,66,NA,7.13143887362637,20,"Caribbean","Sint Maarten",4.70882506055288,143.75,0.0620890210928989,"Extremely Low","Rare good event - unusually low cases to date",-1.9124785792093,"Extremely Low",0.518656722068694,"Rare good event - unusually low cases to date","Sint Maarten"
"SXM",11,2,0.432200024224639,4.5,6.04888440524991,148.25,4.5,148.25,0.975297163773726,0.0466808582042957,2026,"Estimates",2026-02-01,3,NA,NA,5,1,FALSE,"applied_mean",NA,4,"2025/2026","Unobserved",18,10,66,NA,3.08093664148352,20,"Caribbean","Sint Maarten",6.04888440524991,148.25,0.0241234388200484,"Extremely Low","Rare good event - unusually low cases to date",-2.11805205995542,"Extremely Low",0.518656722068694,"Rare good event - unusually low cases to date","Sint Maarten"
"SXM",12,3,0.748936732299839,2.5,6.73424809239004,150.75,2.5,150.75,1,0.0247028362262737,2026,"Estimates",2026-03-01,2,NA,NA,4,NA,FALSE,"insufficient_n_rf",NA,4,"2025/2026","Unobserved",20,12,66,NA,1.63038719093407,20,"Caribbean","Sint Maarten",6.73424809239004,150.75,0.017816422931579,"Extremely Low","Rare good event - unusually low cases to date",-2.20211011854879,"Extremely Low",0.518656722068694,"Rare good event - unusually low cases to date","Sint Maarten"
"SXM",1,4,5.88053187245633,3.25,5.88053187245633,3.25,3.25,3.25,0.0192527242530699,0.0192527242530699,2026,"Estimates",2026-04-01,1,NA,NA,3,NA,FALSE,"insufficient_n_rf",NA,4,"2026/2027","Unobserved",1,13,NA,NA,1.27067980070262,66,"Caribbean","Sint Maarten",5.88053187245633,3.25,23.2677544300925,"Low","Below average - fewer cases than typical at this point",-1.00161565377867,"Extremely Low",0.518656722068694,"Rare good event - unusually low cases to date","Sint Maarten"
"SXM",2,5,3.06033375721253,4.5,2.709053246581,7.75000000000001,4.5,7.75,0.0458599147672018,0.0266071905141319,2026,"Estimates",2026-05-01,2,NA,NA,2,NA,FALSE,"no_lookup_match",NA,4,"2026/2027","Unobserved",3,15,NA,NA,1.7560745739327,66,"Caribbean","Sint Maarten",2.709053246581,7.75000000000001,23.1028402364457,"Low","Below average - fewer cases than typical at this point",-0.868371061178216,"Extremely Low",0.518656722068694,"Rare good event - unusually low cases to date","Sint Maarten"
"SXM",3,6,3.22169343340707,4.75,2.34787352880516,12.5,4.75,12.5,0.0737512193973062,0.0278913046301044,2026,"Estimates",2026-06-01,2,NA,NA,1,NA,FALSE,"no_lookup_match",NA,4,"2026/2027","Unobserved",5,17,NA,NA,1.84082610558689,66,"Caribbean","Sint Maarten",2.34787352880516,12.5,22.4767081240317,"Low","Below average - fewer cases than typical at this point",-0.843551256679226,"Extremely Low",0.518656722068694,"Rare good event - unusually low cases to date","Sint Maarten"
"SXM",4,7,3.26435034858936,8,2.30321949217188,20.5,8,20.5,0.122131075161012,0.0483798557637053,2026,"Estimates",2026-07-01,3,NA,NA,NA,NA,NA,NA,NA,4,"2026/2027","Unobserved",8,20,NA,NA,3.19307048040455,66,"Caribbean","Sint Maarten",2.30321949217188,20.5,19.7678926129597,"Low","Below average - fewer cases than typical at this point",-0.877410166732241,"Extremely Low",0.518656722068694,"Rare good event - unusually low cases to date","Sint Maarten"
"SXM",5,8,2.94005707225544,20,2.41277875723517,40.5,20,40.5,0.247252332844147,0.125121257683135,2026,NA,2026-08-01,NA,NA,NA,NA,NA,NA,NA,NA,4,"2026/2027","Unobserved",8,20,NA,NA,NA,66,"Caribbean","Sint Maarten",2.41277875723517,40.5,5.54490797045252,"Low","Below average - fewer cases than typical at this point",-1.21093625179562,"Extremely Low",0.518656722068694,"Rare good event - unusually low cases to date","Sint Maarten"
"SXM",6,9,3.23856732668797,15.5,2.45287823460718,56,15.5,56,0.34406643550034,0.0968141026561934,2026,NA,2026-09-01,NA,NA,NA,NA,NA,NA,NA,NA,4,"2026/2027","Unobserved",8,20,NA,NA,NA,66,"Caribbean","Sint Maarten",2.45287823460718,56,2.75293234694559,"Extremely Low","Rare good event - unusually low cases to date",-1.31396037445561,"Extremely Low",0.518656722068694,"Rare good event - unusually low cases to date","Sint Maarten"
"SXM",7,10,2.3827543203153,22.25,2.3391455111534,78.2499999999999,22.25,78.25,0.4790559965477,0.13498956104736,2026,NA,2026-10-01,NA,NA,NA,NA,NA,NA,NA,NA,4,"2026/2027","Unobserved",8,20,NA,NA,NA,66,"Caribbean","Sint Maarten",2.3391455111534,78.2499999999999,1.54863428321761,"Extremely Low","Rare good event - unusually low cases to date",-1.35298972790772,"Extremely Low",0.518656722068694,"Rare good event - unusually low cases to date","Sint Maarten"
"SXM",8,11,2.5323711592327,35.25,2.33371307007158,113.5,35.25,113.5,0.698859207371721,0.219803210824021,2026,NA,2026-11-01,NA,NA,NA,NA,NA,NA,NA,NA,4,"2026/2027","Unobserved",8,20,NA,NA,NA,66,"Caribbean","Sint Maarten",2.33371307007158,113.5,0.702821861194806,"Extremely Low","Rare good event - unusually low cases to date",-1.40559683034558,"Extremely Low",0.518656722068694,"Rare good event - unusually low cases to date","Sint Maarten"
"SXM",9,12,2.59709288187835,19.5,2.30982408063802,133,19.5,133,0.820564201423576,0.121704994051855,2026,NA,2026-12-01,NA,NA,NA,NA,NA,NA,NA,NA,4,"2026/2027","Unobserved",8,20,NA,NA,NA,66,"Caribbean","Sint Maarten",2.30982408063802,133,0.518656722068694,"Extremely Low","Rare good event - unusually low cases to date",-1.41614909831339,"Extremely Low",0.518656722068694,"Rare good event - unusually low cases to date","Sint Maarten"
"SYC",7,1,4.33116624495102,394.8,1.6095234776436,1365,394.8,1365,0.471364889393144,0.194472935363076,2025,"WHO",2025-01-01,1,1,NA,18,NA,FALSE,"no_lookup_match",NA,7,"2024/2025","Observed",1,1,13,379,NA,13,"Sub-Saharan Africa","Seychelles",1.6095234776436,1365,0.00503542865899217,"Extremely Low","Rare good event - unusually low cases to date",-1.266993775255,"Low",11.7028201692056,"Below average - fewer cases than typical at this point","Seychelles"
"SYC",8,2,1.39721791107566,436.8,1.86485970526079,1801.8,436.8,1801.8,0.616274635402875,0.144909746009732,2025,"WHO",2025-02-01,0,0,NA,17,NA,FALSE,"no_lookup_match",NA,7,"2024/2025","Observed",1,1,13,379,NA,13,"Sub-Saharan Africa","Seychelles",1.86485970526079,1801.8,0.000774915357910398,"Extremely Low","Rare good event - unusually low cases to date",-1.36413499779268,"Low",11.7028201692056,"Below average - fewer cases than typical at this point","Seychelles"
"SYC",9,3,1.52056646249907,396.199999999999,1.91117997681542,2198,396.2,2198,0.748750323810381,0.132475688407506,2025,"WHO",2025-03-01,0,0,NA,16,NA,FALSE,"no_lookup_match",NA,7,"2024/2025","Observed",1,1,13,379,NA,13,"Sub-Saharan Africa","Seychelles",1.91117997681542,2198,0.000410678021507686,"Extremely Low","Rare good event - unusually low cases to date",-1.38122500765264,"Low",11.7028201692056,"Below average - fewer cases than typical at this point","Seychelles"
"SYC",10,4,NA,NA,1.89635775685557,2471.2,273.2,2471.2,0.837926465268328,0.0891761414579472,2025,"WHO",2025-04-01,10,10,NA,15,NA,FALSE,"no_lookup_match",NA,7,"2024/2025","Observed",11,11,13,379,NA,13,"Sub-Saharan Africa","Seychelles",1.89635775685557,2471.2,0.00804540756518475,"Extremely Low","Rare good event - unusually low cases to date",-1.37042755963219,"Low",11.7028201692056,"Below average - fewer cases than typical at this point","Seychelles"
"SYC",11,5,NA,NA,1.77006778161264,2774.79999999999,303.6,2774.8,0.918054690699348,0.0801282254310193,2025,"WHO",2025-05-01,1,1,NA,14,NA,FALSE,"no_lookup_match",NA,7,"2024/2025","Observed",12,12,13,379,NA,13,"Sub-Saharan Africa","Seychelles",1.77006778161264,2774.79999999999,0.013238708466517,"Extremely Low","Rare good event - unusually low cases to date",-1.32426296725802,"Low",11.7028201692056,"Below average - fewer cases than typical at this point","Seychelles"
"SYC",12,6,NA,NA,1.73163346993929,3046,271.2,3046,1,0.0819453093006522,2025,"Estimates",2025-06-01,1,NA,NA,NA,NA,NA,NA,NA,7,"2024/2025","Unobserved",13,13,13,379,1.06528902090848,13,"Sub-Saharan Africa","Seychelles",1.73163346993929,3046,0.0151984596994009,"Extremely Low","Rare good event - unusually low cases to date",-1.3099269738819,"Low",11.7028201692056,"Below average - fewer cases than typical at this point","Seychelles"
"SYC",1,7,NA,NA,NA,NA,109.6,109.6,0.0252093127490194,0.0252093127490194,2025,"WHO",2025-07-01,0,0,0,12,1,TRUE,"applied_mean",NA,7,"2025/2026","Observed",0,13,336,379,NA,336,"Sub-Saharan Africa","Seychelles",NA,NA,NA,"Unknown","Cannot determine",NA,"Low",11.7028201692056,"Below average - fewer cases than typical at this point","Seychelles"
"SYC",2,8,0.76337542298745,120.2,0.657045124566234,229.8,120.2,229.8,0.0570399675289174,0.0318306547798981,2025,"WHO",2025-08-01,7,7,7,11,1,TRUE,"applied_mean",NA,7,"2025/2026","Observed",7,20,336,379,NA,336,"Sub-Saharan Africa","Seychelles",0.657045124566234,229.8,9.05456132039979,"Low","Below average - fewer cases than typical at this point",-0.784770696972174,"Low",11.7028201692056,"Below average - fewer cases than typical at this point","Seychelles"
"SYC",3,9,0.683318944037292,140.8,0.665985566159193,370.6,140.8,370.6,0.0922582517024443,0.0352182841735268,2025,"WHO",2025-09-01,5,5,5,10,1,TRUE,"applied_mean",NA,7,"2025/2026","Observed",12,25,336,379,NA,336,"Sub-Saharan Africa","Seychelles",0.665985566159193,370.6,8.91222773274185,"Low","Below average - fewer cases than typical at this point",-0.7889462297856,"Low",11.7028201692056,"Below average - fewer cases than typical at this point","Seychelles"
"SYC",4,10,0.680202747333674,196.2,0.670142025705623,566.8,196.2,566.8,0.14140827315152,0.0491500214490753,2025,"WHO",2025-10-01,7,7,7,9,1,TRUE,"applied_mean",NA,7,"2025/2026","Observed",19,32,336,379,NA,336,"Sub-Saharan Africa","Seychelles",0.670142025705623,566.8,8.86569350771809,"Low","Below average - fewer cases than typical at this point",-0.790713268237107,"Low",11.7028201692056,"Below average - fewer cases than typical at this point","Seychelles"
"SYC",5,11,0.742431714500075,269.4,0.694817656739431,836.2,269.4,836.2,0.211648354169779,0.0702400810182591,2025,"WHO",2025-11-01,14,14,14,8,1,TRUE,"applied_mean",NA,7,"2025/2026","Observed",33,46,336,379,NA,336,"Sub-Saharan Africa","Seychelles",0.694817656739431,836.2,9.10670964000022,"Low","Below average - fewer cases than typical at this point",-0.800329088718741,"Low",11.7028201692056,"Below average - fewer cases than typical at this point","Seychelles"
"SYC",6,12,1.85816282923183,134,0.871560664372728,970.199999999998,134,970.2,0.276891954030067,0.0652435998602886,2025,"WHO",2025-12-01,60,60,60,7,1,TRUE,"applied_median",NA,7,"2025/2026","Observed",93,106,336,379,NA,336,"Sub-Saharan Africa","Seychelles",0.871560664372728,970.199999999998,11.7028201692056,"Low","Below average - fewer cases than typical at this point",-0.843706083993989,"Low",11.7028201692056,"Below average - fewer cases than typical at this point","Seychelles"
"SYC",7,1,4.33116624495102,394.8,1.6095234776436,1365,394.8,1365,0.471364889393144,0.194472935363076,2026,"WHO",2026-01-01,151,151,151,6,1,TRUE,"applied_median",NA,7,"2025/2026","Observed",244,151,336,243,NA,336,"Sub-Saharan Africa","Seychelles",1.6095234776436,1365,7.90527537184123,"Low","Below average - fewer cases than typical at this point",-1.04127567599769,"Extremely Low",1.56015894502091,"Rare good event - unusually low cases to date","Seychelles"
"SYC",8,2,1.39721791107566,436.8,1.86485970526079,1801.8,436.8,1801.8,0.616274635402875,0.144909746009732,2026,"WHO",2026-02-01,29,29,29,5,1,TRUE,"applied_median",NA,7,"2025/2026","Observed",273,180,336,243,NA,336,"Sub-Saharan Africa","Seychelles",1.86485970526079,1801.8,4.49283097021588,"Extremely Low","Rare good event - unusually low cases to date",-1.15809061785065,"Extremely Low",1.56015894502091,"Rare good event - unusually low cases to date","Seychelles"
"SYC",9,3,1.52056646249907,396.199999999999,1.91117997681542,2198,396.2,2198,0.748750323810381,0.132475688407506,2026,"WHO",2026-03-01,29,29,29,4,1,TRUE,"applied_median",NA,7,"2025/2026","Observed",302,209,336,243,NA,336,"Sub-Saharan Africa","Seychelles",1.91117997681542,2198,3.57548907853027,"Extremely Low","Rare good event - unusually low cases to date",-1.19199026604889,"Extremely Low",1.56015894502091,"Rare good event - unusually low cases to date","Seychelles"
"SYC",10,4,NA,NA,1.89635775685557,2471.2,273.2,2471.2,0.837926465268328,0.0891761414579472,2026,"WHO",2026-04-01,22,22,22,3,1,TRUE,"applied_mean",NA,7,"2025/2026","Observed",324,231,336,243,NA,336,"Sub-Saharan Africa","Seychelles",1.89635775685557,2471.2,3.36120226644683,"Extremely Low","Rare good event - unusually low cases to date",-1.19607432568175,"Extremely Low",1.56015894502091,"Rare good event - unusually low cases to date","Seychelles"
"SYC",11,5,NA,NA,1.77006778161264,2774.79999999999,303.6,2774.8,0.918054690699348,0.0801282254310193,2026,"WHO",2026-05-01,0,0,0,2,1,TRUE,"applied_mean",NA,7,"2025/2026","Observed",324,231,336,243,NA,336,"Sub-Saharan Africa","Seychelles",1.77006778161264,2774.79999999999,3.31518762580373,"Extremely Low","Rare good event - unusually low cases to date",-1.17471539024032,"Extremely Low",1.56015894502091,"Rare good event - unusually low cases to date","Seychelles"
"SYC",12,6,NA,NA,1.73163346993929,3046,271.2,3046,1,0.0819453093006522,2026,"WHO",2026-06-01,12,12,NA,1,NA,FALSE,"insufficient_n_rf",NA,7,"2025/2026","Observed",336,243,336,243,NA,336,"Sub-Saharan Africa","Seychelles",1.73163346993929,3046,3.20431754787405,"Extremely Low","Rare good event - unusually low cases to date",-1.17042601359049,"Extremely Low",1.56015894502091,"Rare good event - unusually low cases to date","Seychelles"
"SYC",1,7,NA,NA,NA,NA,109.6,109.6,0.0252093127490194,0.0252093127490194,2026,"Estimates",2026-07-01,8,NA,NA,NA,NA,NA,NA,NA,7,"2026/2027","Unobserved",8,251,NA,243,8.47032908367051,317,"Sub-Saharan Africa","Seychelles",NA,NA,NA,"Unknown","Cannot determine",NA,"Extremely Low",1.56015894502091,"Rare good event - unusually low cases to date","Seychelles"
"SYC",2,8,0.76337542298745,120.2,0.657045124566234,229.8,120.2,229.8,0.0570399675289174,0.0318306547798981,2026,NA,2026-08-01,NA,NA,NA,NA,NA,NA,NA,NA,7,"2026/2027","Unobserved",8,251,NA,243,NA,317,"Sub-Saharan Africa","Seychelles",0.657045124566234,229.8,9.78719168756865,"Low","Below average - fewer cases than typical at this point",-0.781248386842137,"Extremely Low",1.56015894502091,"Rare good event - unusually low cases to date","Seychelles"
"SYC",3,9,0.683318944037292,140.8,0.665985566159193,370.6,140.8,370.6,0.0922582517024443,0.0352182841735268,2026,NA,2026-09-01,NA,NA,NA,NA,NA,NA,NA,NA,7,"2026/2027","Unobserved",8,251,NA,243,NA,317,"Sub-Saharan Africa","Seychelles",0.665985566159193,370.6,6.97006029141072,"Low","Below average - fewer cases than typical at this point",-0.797746522365473,"Extremely Low",1.56015894502091,"Rare good event - unusually low cases to date","Seychelles"
"SYC",4,10,0.680202747333674,196.2,0.670142025705623,566.8,196.2,566.8,0.14140827315152,0.0491500214490753,2026,NA,2026-10-01,NA,NA,NA,NA,NA,NA,NA,NA,7,"2026/2027","Unobserved",8,251,NA,243,NA,317,"Sub-Saharan Africa","Seychelles",0.670142025705623,566.8,5.18403371412453,"Low","Below average - fewer cases than typical at this point",-0.806591044707731,"Extremely Low",1.56015894502091,"Rare good event - unusually low cases to date","Seychelles"
"SYC",5,11,0.742431714500075,269.4,0.694817656739431,836.2,269.4,836.2,0.211648354169779,0.0702400810182591,2026,NA,2026-11-01,NA,NA,NA,NA,NA,NA,NA,NA,7,"2026/2027","Unobserved",8,251,NA,243,NA,317,"Sub-Saharan Africa","Seychelles",0.694817656739431,836.2,3.61613555805012,"Extremely Low","Rare good event - unusually low cases to date",-0.825239730175376,"Extremely Low",1.56015894502091,"Rare good event - unusually low cases to date","Seychelles"
"SYC",6,12,1.85816282923183,134,0.871560664372728,970.199999999998,134,970.2,0.276891954030067,0.0652435998602886,2026,NA,2026-12-01,NA,NA,NA,NA,NA,NA,NA,NA,7,"2026/2027","Unobserved",8,251,NA,243,NA,317,"Sub-Saharan Africa","Seychelles",0.871560664372728,970.199999999998,1.56015894502091,"Extremely Low","Rare good event - unusually low cases to date",-0.925460549497283,"Extremely Low",1.56015894502091,"Rare good event - unusually low cases to date","Seychelles"
"TCA",9,1,NA,NA,2.11975842847989,185.142857142857,31.5714285714286,185.142857142857,0.706284171567204,0.163305673221492,2025,"WHO",2025-01-01,0,0,NA,18,NA,FALSE,"no_lookup_match",NA,5,"2024/2025","Observed",0,0,0,2,NA,0,"Caribbean","Turks And Caicos Islands",2.11975842847989,185.142857142857,0.00749205477136356,"Extremely Low","Rare good event - unusually low cases to date",-1.44767516336812,"Unknown",6.5268536889073,"Cannot determine","Turks And Caicos Islands"
"TCA",10,2,NA,NA,3.17159223635747,213.285714285715,28.1428571428571,213.285714285714,0.848122425254418,0.141838253687213,2025,"WHO",2025-02-01,0,0,NA,17,NA,FALSE,"no_lookup_match",NA,5,"2024/2025","Observed",0,0,0,2,NA,0,"Caribbean","Turks And Caicos Islands",3.17159223635747,213.285714285715,0.000152404868987215,"Extremely Low","Rare good event - unusually low cases to date",-1.76780123061948,"Unknown",6.5268536889073,"Cannot determine","Turks And Caicos Islands"
"TCA",11,3,NA,NA,3.91807466471471,235.285714285714,22,235.285714285714,0.957754226190839,0.109631800936421,2025,"WHO",2025-03-01,0,0,NA,16,NA,FALSE,"no_lookup_match",NA,5,"2024/2025","Observed",0,0,0,2,NA,0,"Caribbean","Turks And Caicos Islands",3.91807466471471,235.285714285714,1.00812016846929e-05,"Extremely Low","Rare good event - unusually low cases to date",-1.96313472990054,"Unknown",6.5268536889073,"Cannot determine","Turks And Caicos Islands"
"TCA",12,4,0.948613401261463,9.00000000000001,4.10842821152714,244.285714285714,9,244.285714285714,1,0.0422457738091611,2025,"WHO",2025-04-01,0,0,NA,15,NA,FALSE,"no_lookup_match",NA,5,"2024/2025","Observed",0,0,0,2,NA,0,"Caribbean","Turks And Caicos Islands",4.10842821152714,244.285714285714,4.79707242802523e-06,"Extremely Low","Rare good event - unusually low cases to date",-2.01009327875175,"Unknown",6.5268536889073,"Cannot determine","Turks And Caicos Islands"
"TCA",1,5,0.685327833806371,7.14285714285714,0.685327833806371,7.14285714285714,7.14285714285714,7.14285714285714,0.0250317616724175,0.0250317616724175,2025,"PAHO",2025-05-01,1,1,NA,62,NA,FALSE,"no_lookup_match","current_month_missing",5,"2025/2026","Observed",1,1,9,2,NA,9,"Caribbean","Turks And Caicos Islands",0.685327833806371,7.14285714285714,30.6215607385465,"Normal","Average - typical case load at this point",-0.680069157283781,"Unknown",6.5268536889073,"Cannot determine","Turks And Caicos Islands"
"TCA",2,6,NA,NA,NA,NA,6.57142857142857,13.7142857142857,0.0479210452438485,0.022889283571431,2025,"WHO",2025-06-01,0,0,NA,13,NA,FALSE,"no_lookup_match",NA,5,"2025/2026","Observed",1,1,9,2,NA,9,"Caribbean","Turks And Caicos Islands",NA,NA,NA,"Unknown","Cannot determine",NA,"Unknown",6.5268536889073,"Cannot determine","Turks And Caicos Islands"
"TCA",3,7,NA,NA,NA,NA,7.71428571428571,21.4285714285714,0.0737836204046425,0.025862575160794,2025,"WHO",2025-07-01,0,0,0,12,1,TRUE,"applied_mean",NA,5,"2025/2026","Observed",1,1,9,2,NA,9,"Caribbean","Turks And Caicos Islands",NA,NA,NA,"Unknown","Cannot determine",NA,"Unknown",6.5268536889073,"Cannot determine","Turks And Caicos Islands"
"TCA",4,8,0.636757495610487,21.4285714285714,0.571767567372618,42.8571428571429,21.4285714285714,42.8571428571429,0.147707263690204,0.0739236432855612,2025,"WHO",2025-08-01,0,0,0,11,1,TRUE,"applied_mean",NA,5,"2025/2026","Observed",1,1,9,2,NA,9,"Caribbean","Turks And Caicos Islands",0.571767567372618,42.8571428571429,13.1540799795038,"Low","Below average - fewer cases than typical at this point",-0.733631997146669,"Unknown",6.5268536889073,"Cannot determine","Turks And Caicos Islands"
"TCA",5,9,0.960453606830475,22.1428571428571,0.725747822487228,65.0000000000001,22.1428571428571,65,0.226771579410596,0.0790643157203921,2025,"WHO",2025-09-01,0,0,0,10,1,TRUE,"applied_mean",NA,5,"2025/2026","Observed",1,1,9,2,NA,9,"Caribbean","Turks And Caicos Islands",0.725747822487228,65.0000000000001,6.5268536889073,"Low","Below average - fewer cases than typical at this point",-0.834158151827903,"Unknown",6.5268536889073,"Cannot determine","Turks And Caicos Islands"
"TCA",6,10,NA,NA,NA,NA,71.7142857142857,136.714285714286,0.484139629204905,0.257368049794309,2025,"WHO",2025-10-01,0,0,0,9,1,TRUE,"applied_mean",NA,5,"2025/2026","Observed",1,1,9,2,NA,9,"Caribbean","Turks And Caicos Islands",NA,NA,NA,"Unknown","Cannot determine",NA,"Unknown",6.5268536889073,"Cannot determine","Turks And Caicos Islands"
"TCA",7,11,NA,NA,NA,NA,8.71428571428571,145.428571428571,0.514302628246552,0.0301629990416471,2025,"WHO",2025-11-01,0,0,0,8,1,TRUE,"applied_mean",NA,5,"2025/2026","Observed",1,1,9,2,NA,9,"Caribbean","Turks And Caicos Islands",NA,NA,NA,"Unknown","Cannot determine",NA,"Unknown",6.5268536889073,"Cannot determine","Turks And Caicos Islands"
"TCA",8,12,NA,NA,NA,NA,8.14285714285714,153.571428571429,0.542978498345713,0.028675870099161,2025,"Estimates",2025-12-01,0,NA,NA,NA,NA,NA,NA,"current_month_missing",5,"2025/2026","Unobserved",1,1,9,2,0,9,"Caribbean","Turks And Caicos Islands",NA,NA,NA,"Unknown","Cannot determine",NA,"Unknown",6.5268536889073,"Cannot determine","Turks And Caicos Islands"
"TCA",9,1,NA,NA,2.11975842847989,185.142857142857,31.5714285714286,185.142857142857,0.706284171567204,0.163305673221492,2026,"PAHO",2026-01-01,8,8,8,27,1,TRUE,"applied_mean","previous_month_missing",5,"2025/2026","Observed",9,8,9,8,NA,9,"Caribbean","Turks And Caicos Islands",2.11975842847989,185.142857142857,0.460257266055043,"Extremely Low","Rare good event - unusually low cases to date",-1.37730206514883,"Unknown",3.79968809168127,"Cannot determine","Turks And Caicos Islands"
"TCA",10,2,NA,NA,3.17159223635747,213.285714285715,28.1428571428571,213.285714285714,0.848122425254418,0.141838253687213,2026,"WHO",2026-02-01,0,0,0,5,1,TRUE,"applied_mean",NA,5,"2025/2026","Observed",9,8,9,8,NA,9,"Caribbean","Turks And Caicos Islands",3.17159223635747,213.285714285715,0.0375935212752672,"Extremely Low","Rare good event - unusually low cases to date",-1.69320546536227,"Unknown",3.79968809168127,"Cannot determine","Turks And Caicos Islands"
"TCA",11,3,NA,NA,3.91807466471471,235.285714285714,22,235.285714285714,0.957754226190839,0.109631800936421,2026,"WHO",2026-03-01,0,0,0,4,1,TRUE,"applied_mean",NA,5,"2025/2026","Observed",9,8,9,8,NA,9,"Caribbean","Turks And Caicos Islands",3.91807466471471,235.285714285714,0.00585270279872034,"Extremely Low","Rare good event - unusually low cases to date",-1.8880421446038,"Unknown",3.79968809168127,"Cannot determine","Turks And Caicos Islands"
"TCA",12,4,0.948613401261463,9.00000000000001,4.10842821152714,244.285714285714,9,244.285714285714,1,0.0422457738091611,2026,"Estimates",2026-04-01,0,NA,NA,3,1,FALSE,"applied_mean",NA,5,"2025/2026","Unobserved",9,8,9,8,0.38021196428245,9,"Caribbean","Turks And Caicos Islands",4.10842821152714,244.285714285714,0.00342239279683491,"Extremely Low","Rare good event - unusually low cases to date",-1.93603721058721,"Unknown",3.79968809168127,"Cannot determine","Turks And Caicos Islands"
"TCA",1,5,0.685327833806371,7.14285714285714,0.685327833806371,7.14285714285714,7.14285714285714,7.14285714285714,0.0250317616724175,0.0250317616724175,2026,"Estimates",2026-05-01,0,NA,NA,2,NA,FALSE,"no_lookup_match",NA,5,"2026/2027","Unobserved",0,8,NA,8,0.225285855051757,0,"Caribbean","Turks And Caicos Islands",0.685327833806371,7.14285714285714,18.8402115113477,"Low","Below average - fewer cases than typical at this point",-0.790778089864862,"Unknown",3.79968809168127,"Cannot determine","Turks And Caicos Islands"
"TCA",2,6,NA,NA,NA,NA,6.57142857142857,13.7142857142857,0.0479210452438485,0.022889283571431,2026,"Estimates",2026-06-01,0,NA,NA,1,NA,FALSE,"no_lookup_match",NA,5,"2026/2027","Unobserved",0,8,NA,8,0.206003552142879,0,"Caribbean","Turks And Caicos Islands",NA,NA,NA,"Unknown","Cannot determine",NA,"Unknown",3.79968809168127,"Cannot determine","Turks And Caicos Islands"
"TCA",3,7,NA,NA,NA,NA,7.71428571428571,21.4285714285714,0.0737836204046425,0.025862575160794,2026,"Estimates",2026-07-01,0,NA,NA,NA,NA,NA,NA,NA,5,"2026/2027","Unobserved",0,8,NA,8,0.232763176447146,0,"Caribbean","Turks And Caicos Islands",NA,NA,NA,"Unknown","Cannot determine",NA,"Unknown",3.79968809168127,"Cannot determine","Turks And Caicos Islands"
"TCA",4,8,0.636757495610487,21.4285714285714,0.571767567372618,42.8571428571429,21.4285714285714,42.8571428571429,0.147707263690204,0.0739236432855612,2026,NA,2026-08-01,NA,NA,NA,NA,NA,NA,NA,NA,5,"2026/2027","Unobserved",0,8,NA,8,NA,0,"Caribbean","Turks And Caicos Islands",0.571767567372618,42.8571428571429,8.40924715758215,"Low","Below average - fewer cases than typical at this point",-0.751159041447101,"Unknown",3.79968809168127,"Cannot determine","Turks And Caicos Islands"
"TCA",5,9,0.960453606830475,22.1428571428571,0.725747822487228,65.0000000000001,22.1428571428571,65,0.226771579410596,0.0790643157203921,2026,NA,2026-09-01,NA,NA,NA,NA,NA,NA,NA,NA,5,"2026/2027","Unobserved",0,8,NA,8,NA,0,"Caribbean","Turks And Caicos Islands",0.725747822487228,65.0000000000001,3.79968809168127,"Extremely Low","Rare good event - unusually low cases to date",-0.847191872950213,"Unknown",3.79968809168127,"Cannot determine","Turks And Caicos Islands"
"TCA",6,10,NA,NA,NA,NA,71.7142857142857,136.714285714286,0.484139629204905,0.257368049794309,2026,NA,2026-10-01,NA,NA,NA,NA,NA,NA,NA,NA,5,"2026/2027","Unobserved",0,8,NA,8,NA,0,"Caribbean","Turks And Caicos Islands",NA,NA,NA,"Unknown","Cannot determine",NA,"Unknown",3.79968809168127,"Cannot determine","Turks And Caicos Islands"
"TCA",7,11,NA,NA,NA,NA,8.71428571428571,145.428571428571,0.514302628246552,0.0301629990416471,2026,NA,2026-11-01,NA,NA,NA,NA,NA,NA,NA,NA,5,"2026/2027","Unobserved",0,8,NA,8,NA,0,"Caribbean","Turks And Caicos Islands",NA,NA,NA,"Unknown","Cannot determine",NA,"Unknown",3.79968809168127,"Cannot determine","Turks And Caicos Islands"
"TCA",8,12,NA,NA,NA,NA,8.14285714285714,153.571428571429,0.542978498345713,0.028675870099161,2026,NA,2026-12-01,NA,NA,NA,NA,NA,NA,NA,NA,5,"2026/2027","Unobserved",0,8,NA,8,NA,0,"Caribbean","Turks And Caicos Islands",NA,NA,NA,"Unknown","Cannot determine",NA,"Unknown",3.79968809168127,"Cannot determine","Turks And Caicos Islands"
"THA",12,1,2.1239564508486,3499.9375,2.7045016369764,84104.3125000001,3499.9375,84104.3125,1,0.0457469339377959,2025,"SEARO",2025-01-01,4005,4005,NA,19,NA,FALSE,"no_lookup_match",NA,2,"2024/2025","Observed",4005,4005,4005,60194,NA,4005,"East & Southeast Asia","Thailand",2.7045016369764,84104.3125000001,0.0851106140217284,"Extremely Low","Rare good event - unusually low cases to date",-1.56619980357005,"Normal",33.9715129273705,"Average - typical case load at this point","Thailand"
"THA",1,2,2.54294957101223,2720.0625,2.54294957101223,2720.0625,2720.0625,2720.0625,0.03737012376918,0.03737012376918,2025,"SEARO",2025-02-01,2269,2269,NA,18,NA,FALSE,"no_lookup_match",NA,2,"2025/2026","Observed",2269,6274,55338,60194,NA,55338,"East & Southeast Asia","Thailand",2.54294957101223,2720.0625,47.341598210323,"Normal","Average - typical case load at this point",-0.264316211138458,"Normal",33.9715129273705,"Average - typical case load at this point","Thailand"
"THA",2,3,2.69794191030474,2920.4375,2.66181780493205,5640.50000000001,2920.4375,5640.5,0.0758439310608258,0.0384738072916457,2025,"SEARO",2025-03-01,2447,2447,NA,17,NA,FALSE,"no_lookup_match",NA,2,"2025/2026","Observed",4716,8721,55338,60194,NA,55338,"East & Southeast Asia","Thailand",2.66181780493205,5640.50000000001,47.0201893742514,"Normal","Average - typical case load at this point",-0.267347436805408,"Normal",33.9715129273705,"Average - typical case load at this point","Thailand"
"THA",3,4,2.3968292196608,3023.75,2.70194309549726,8664.25000000001,3023.75,8664.25,0.112375986040397,0.0365320549795709,2025,"SEARO",2025-04-01,2271,2271,NA,16,NA,FALSE,"no_lookup_match",NA,2,"2025/2026","Observed",6987,10992,55338,60194,NA,55338,"East & Southeast Asia","Thailand",2.70194309549726,8664.25000000001,44.6825145993207,"Normal","Average - typical case load at this point",-0.31815387557827,"Normal",33.9715129273705,"Average - typical case load at this point","Thailand"
"THA",4,5,2.40028032607068,5658.125,2.88672216963652,14322.375,5658.125,14322.375,0.182225324078233,0.0698493380378364,2025,"SEARO",2025-05-01,4683,4683,NA,15,NA,FALSE,"no_lookup_match",NA,2,"2025/2026","Observed",11670,15675,55338,60194,NA,55338,"East & Southeast Asia","Thailand",2.88672216963652,14322.375,44.6001656888953,"Normal","Average - typical case load at this point",-0.314614414578641,"Normal",33.9715129273705,"Average - typical case load at this point","Thailand"
"THA",5,6,2.37768713306799,10646,2.83617433191888,24968.375,10646,24968.375,0.310298334997226,0.128073010918993,2025,"SEARO",2025-06-01,8697,8697,NA,14,NA,FALSE,"no_lookup_match",NA,2,"2025/2026","Observed",20367,24372,55338,60194,NA,55338,"East & Southeast Asia","Thailand",2.83617433191888,24968.375,44.8547614191159,"Normal","Average - typical case load at this point",-0.310340993999255,"Normal",33.9715129273705,"Average - typical case load at this point","Thailand"
"THA",6,7,2.14523098084328,14275.4375,2.6498436048084,39243.8124999999,14275.4375,39243.8125,0.474355647789511,0.164057312792285,2025,"SEARO",2025-07-01,10987,10987,NA,13,NA,FALSE,"no_lookup_match",NA,2,"2025/2026","Observed",31354,35359,55338,60194,NA,55338,"East & Southeast Asia","Thailand",2.6498436048084,39243.8124999999,44.337938816412,"Normal","Average - typical case load at this point",-0.327258510727737,"Normal",33.9715129273705,"Average - typical case load at this point","Thailand"
"THA",7,8,2.1559347060588,13359.8125,2.585896906136,52603.6250000001,13359.8125,52603.625,0.627457630489215,0.153101982699704,2025,"SEARO",2025-08-01,8610,8610,NA,12,NA,FALSE,"no_lookup_match",NA,2,"2025/2026","Observed",39964,43969,55338,60194,NA,55338,"East & Southeast Asia","Thailand",2.585896906136,52603.6250000001,41.7053802355754,"Normal","Average - typical case load at this point",-0.38637893857209,"Normal",33.9715129273705,"Average - typical case load at this point","Thailand"
"THA",8,9,2.1949208914771,9531,2.58667399230909,62134.6250000001,9531,62134.625,0.737357017952903,0.109899387463688,2025,"SEARO",2025-09-01,4012,4012,NA,11,NA,FALSE,"no_lookup_match",NA,2,"2025/2026","Observed",43976,47981,55338,60194,NA,55338,"East & Southeast Asia","Thailand",2.58667399230909,62134.6250000001,37.7686878077061,"Normal","Average - typical case load at this point",-0.470014316835722,"Normal",33.9715129273705,"Average - typical case load at this point","Thailand"
"THA",9,10,2.17533840166139,7307.81249999998,2.61623018493578,69442.4374999999,7307.8125,69442.4375,0.822914399708483,0.0855573817555798,2025,"SEARO",2025-10-01,3814,3814,NA,10,NA,FALSE,"no_lookup_match",NA,2,"2025/2026","Observed",47790,51795,55338,60194,NA,55338,"East & Southeast Asia","Thailand",2.61623018493578,69442.4374999999,36.1016965463245,"Normal","Average - typical case load at this point",-0.504326318106611,"Normal",33.9715129273705,"Average - typical case load at this point","Thailand"
"THA",10,11,1.78645916560573,6892.37499999999,2.62093854507766,76334.8124999999,6892.375,76334.8125,0.902664670736938,0.0797502710284556,2025,"SEARO",2025-11-01,3218,3218,NA,9,NA,FALSE,"no_lookup_match",NA,2,"2025/2026","Observed",51008,55013,55338,60194,NA,55338,"East & Southeast Asia","Thailand",2.62093854507766,76334.8124999999,34.5266583138133,"Normal","Average - typical case load at this point",-0.537129314745264,"Normal",33.9715129273705,"Average - typical case load at this point","Thailand"
"THA",11,12,1.86830735924767,4269.5625,2.64567261501576,80604.3749999999,4269.5625,80604.375,0.954253066062204,0.051588395325266,2025,"SEARO",2025-12-01,2427,2427,NA,8,NA,FALSE,"no_lookup_match",NA,2,"2025/2026","Observed",53435,57440,55338,60194,NA,55338,"East & Southeast Asia","Thailand",2.64567261501576,80604.3749999999,33.9715129273705,"Normal","Average - typical case load at this point",-0.548254186888958,"Normal",33.9715129273705,"Average - typical case load at this point","Thailand"
"THA",12,1,2.1239564508486,3499.9375,2.7045016369764,84104.3125000001,3499.9375,84104.3125,1,0.0457469339377959,2026,"SEARO",2026-01-01,1903,1903,NA,7,NA,FALSE,"no_lookup_match",NA,2,"2025/2026","Observed",55338,1903,55338,38205,NA,55338,"East & Southeast Asia","Thailand",2.7045016369764,84104.3125000001,33.2430976390017,"Normal","Average - typical case load at this point",-0.56247415340718,"Extremely Low",4.71430355879673,"Rare good event - unusually low cases to date","Thailand"
"THA",1,2,2.54294957101223,2720.0625,2.54294957101223,2720.0625,2720.0625,2720.0625,0.03737012376918,0.03737012376918,2026,"SEARO",2026-02-01,1288,1288,NA,6,NA,FALSE,"no_lookup_match",NA,2,"2026/2027","Observed",1288,3191,32072,38205,NA,40120,"East & Southeast Asia","Thailand",2.54294957101223,2720.0625,20.0959616068041,"Low","Below average - fewer cases than typical at this point",-0.839168261856107,"Extremely Low",4.71430355879673,"Rare good event - unusually low cases to date","Thailand"
"THA",2,3,2.69794191030474,2920.4375,2.66181780493205,5640.50000000001,2920.4375,5640.5,0.0758439310608258,0.0384738072916457,2026,"SEARO",2026-03-01,1229,1229,NA,5,NA,FALSE,"no_lookup_match",NA,2,"2026/2027","Observed",2517,4420,32072,38205,NA,40120,"East & Southeast Asia","Thailand",2.66181780493205,5640.50000000001,17.2694676488547,"Low","Below average - fewer cases than typical at this point",-0.903255509855803,"Extremely Low",4.71430355879673,"Rare good event - unusually low cases to date","Thailand"
"THA",3,4,2.3968292196608,3023.75,2.70194309549726,8664.25000000001,3023.75,8664.25,0.112375986040397,0.0365320549795709,2026,"SEARO",2026-04-01,1661,1661,NA,4,NA,FALSE,"no_lookup_match",NA,2,"2026/2027","Observed",4178,6081,32072,38205,NA,40120,"East & Southeast Asia","Thailand",2.70194309549726,8664.25000000001,19.6358942789021,"Low","Below average - fewer cases than typical at this point",-0.85098692759756,"Extremely Low",4.71430355879673,"Rare good event - unusually low cases to date","Thailand"
"THA",4,5,2.40028032607068,5658.125,2.88672216963652,14322.375,5658.125,14322.375,0.182225324078233,0.0698493380378364,2026,"SEARO",2026-05-01,1782,1782,NA,3,NA,FALSE,"no_lookup_match",NA,2,"2026/2027","Observed",5960,7863,32072,38205,NA,40120,"East & Southeast Asia","Thailand",2.88672216963652,14322.375,13.7567706179323,"Low","Below average - fewer cases than typical at this point",-0.991912423813395,"Extremely Low",4.71430355879673,"Rare good event - unusually low cases to date","Thailand"
"THA",5,6,2.37768713306799,10646,2.83617433191888,24968.375,10646,24968.375,0.310298334997226,0.128073010918993,2026,"SEARO",2026-06-01,3992,3992,NA,2,NA,FALSE,"no_lookup_match",NA,2,"2026/2027","Observed",9952,11855,32072,38205,NA,40120,"East & Southeast Asia","Thailand",2.83617433191888,24968.375,12.8664967229536,"Low","Below average - fewer cases than typical at this point",-1.012783514442,"Extremely Low",4.71430355879673,"Rare good event - unusually low cases to date","Thailand"
"THA",6,7,2.14523098084328,14275.4375,2.6498436048084,39243.8124999999,14275.4375,39243.8125,0.474355647789511,0.164057312792285,2026,"Estimates",2026-07-01,9079,0,NA,1,NA,FALSE,"no_lookup_match",NA,2,"2026/2027","Unobserved",19031,20934,32072,38205,9078.60357529944,40120,"East & Southeast Asia","Thailand",2.6498436048084,39243.8124999999,20.1783490613237,"Low","Below average - fewer cases than typical at this point",-0.838399507766379,"Extremely Low",4.71430355879673,"Rare good event - unusually low cases to date","Thailand"
"THA",7,8,2.1559347060588,13359.8125,2.585896906136,52603.6250000001,13359.8125,52603.625,0.627457630489215,0.153101982699704,2026,"SEARO",2026-08-01,NA,0,NA,0,NA,FALSE,"no_lookup_match",NA,2,"2026/2027","Unobserved",19031,20934,32072,38205,NA,40120,"East & Southeast Asia","Thailand",2.585896906136,52603.6250000001,11.9593879842856,"Low","Below average - fewer cases than typical at this point",-1.02627690398875,"Extremely Low",4.71430355879673,"Rare good event - unusually low cases to date","Thailand"
"THA",8,9,2.1949208914771,9531,2.58667399230909,62134.6250000001,9531,62134.625,0.737357017952903,0.109899387463688,2026,"SEARO",2026-09-01,NA,0,NA,-1,NA,FALSE,"no_lookup_match",NA,2,"2026/2027","Unobserved",19031,20934,32072,38205,NA,40120,"East & Southeast Asia","Thailand",2.58667399230909,62134.6250000001,8.56872349502325,"Low","Below average - fewer cases than typical at this point",-1.11568584391814,"Extremely Low",4.71430355879673,"Rare good event - unusually low cases to date","Thailand"
"THA",9,10,2.17533840166139,7307.81249999998,2.61623018493578,69442.4374999999,7307.8125,69442.4375,0.822914399708483,0.0855573817555798,2026,"SEARO",2026-10-01,NA,0,NA,-2,NA,FALSE,"no_lookup_match",NA,2,"2026/2027","Unobserved",19031,20934,32072,38205,NA,40120,"East & Southeast Asia","Thailand",2.61623018493578,69442.4374999999,6.66165437449989,"Low","Below average - fewer cases than typical at this point",-1.17417794947274,"Extremely Low",4.71430355879673,"Rare good event - unusually low cases to date","Thailand"
"THA",10,11,1.78645916560573,6892.37499999999,2.62093854507766,76334.8124999999,6892.375,76334.8125,0.902664670736938,0.0797502710284556,2026,"SEARO",2026-11-01,NA,0,NA,-3,NA,FALSE,"no_lookup_match",NA,2,"2026/2027","Unobserved",19031,20934,32072,38205,NA,40120,"East & Southeast Asia","Thailand",2.62093854507766,76334.8124999999,5.41877730581256,"Low","Below average - fewer cases than typical at this point",-1.21529535311308,"Extremely Low",4.71430355879673,"Rare good event - unusually low cases to date","Thailand"
"THA",11,12,1.86830735924767,4269.5625,2.64567261501576,80604.3749999999,4269.5625,80604.375,0.954253066062204,0.051588395325266,2026,"SEARO",2026-12-01,NA,0,NA,-4,NA,FALSE,"no_lookup_match",NA,2,"2026/2027","Unobserved",19031,20934,32072,38205,NA,40120,"East & Southeast Asia","Thailand",2.64567261501576,80604.3749999999,4.71430355879673,"Extremely Low","Rare good event - unusually low cases to date",-1.2424967686829,"Extremely Low",4.71430355879673,"Rare good event - unusually low cases to date","Thailand"
"TLS",5,1,1.17259610705666,196.8,1.49155875534206,302.4,196.8,302.4,0.262153114000808,0.150690525286654,2025,"SEARO",2025-01-01,130,130,NA,19,NA,FALSE,"no_lookup_match",NA,9,"2024/2025","Observed",130,130,970,13547,NA,970,"East & Southeast Asia","Timor-Leste",1.49155875534206,302.4,27.1700629185155,"Normal","Average - typical case load at this point",-0.694555944310025,"Unknown",95.0260116537708,"Cannot determine","Timor-Leste"
"TLS",6,2,2.14830039505678,262.733333333333,1.89647180182736,565.133333333332,262.733333333333,565.133333333333,0.505681332259721,0.243528218258913,2025,"SEARO",2025-02-01,189,189,NA,18,NA,FALSE,"no_lookup_match",NA,9,"2024/2025","Observed",319,319,970,13547,NA,970,"East & Southeast Asia","Timor-Leste",1.89647180182736,565.133333333332,32.1978792592218,"Normal","Average - typical case load at this point",-0.598777154775522,"Unknown",95.0260116537708,"Cannot determine","Timor-Leste"
"TLS",7,3,1.91916569605518,250.733333333333,1.98581483350276,815.866666666667,250.733333333333,815.866666666667,0.725371661643334,0.219690329383613,2025,"SEARO",2025-03-01,192,192,NA,17,NA,FALSE,"no_lookup_match",NA,9,"2024/2025","Observed",511,511,970,13547,NA,970,"East & Southeast Asia","Timor-Leste",1.98581483350276,815.866666666667,35.8218030458555,"Normal","Average - typical case load at this point",-0.525935195580085,"Unknown",95.0260116537708,"Cannot determine","Timor-Leste"
"TLS",8,4,1.08796024122912,159.266666666667,1.9501731445028,975.133333333333,159.266666666667,975.133333333333,0.851600479457924,0.12622881781459,2025,"SEARO",2025-04-01,131,131,NA,16,NA,FALSE,"no_lookup_match",NA,9,"2024/2025","Observed",642,642,970,13547,NA,970,"East & Southeast Asia","Timor-Leste",1.9501731445028,975.133333333333,38.3525117777754,"Normal","Average - typical case load at this point",-0.476603068191189,"Unknown",95.0260116537708,"Cannot determine","Timor-Leste"
"TLS",9,5,0.470741094283412,101.066666666667,1.84872917200777,1076.2,101.066666666667,1076.2,0.918117392959997,0.0665169135020734,2025,"SEARO",2025-05-01,111,111,NA,15,NA,FALSE,"no_lookup_match",NA,9,"2024/2025","Observed",753,753,970,13547,NA,970,"East & Southeast Asia","Timor-Leste",1.84872917200777,1076.2,41.9427751506166,"Normal","Average - typical case load at this point",-0.407983227592609,"Unknown",95.0260116537708,"Cannot determine","Timor-Leste"
"TLS",10,6,0.460662593385297,52.6666666666666,1.80549482870001,1128.86666666666,52.6666666666667,1128.86666666667,0.954359532643024,0.0362421396830268,2025,"SEARO",2025-06-01,74,74,NA,14,NA,FALSE,"no_lookup_match",NA,9,"2024/2025","Observed",827,827,970,13547,NA,970,"East & Southeast Asia","Timor-Leste",1.80549482870001,1128.86666666666,44.4165932850679,"Normal","Average - typical case load at this point",-0.359024105770891,"Unknown",95.0260116537708,"Cannot determine","Timor-Leste"
"TLS",11,7,0.492275653439916,38.4,1.78504560150563,1167.26666666667,38.4,1167.26666666667,0.982328810995441,0.0279692783524166,2025,"SEARO",2025-07-01,85,85,NA,13,NA,FALSE,"no_lookup_match",NA,9,"2024/2025","Observed",912,912,970,13547,NA,970,"East & Southeast Asia","Timor-Leste",1.78504560150563,1167.26666666667,47.6331687298145,"Normal","Average - typical case load at this point",-0.291955634992457,"Unknown",95.0260116537708,"Cannot determine","Timor-Leste"
"TLS",12,8,0.37835812412279,24.0666666666667,1.77240467817932,1191.33333333333,24.0666666666667,1191.33333333333,1,0.0176711890045593,2025,"SEARO",2025-08-01,58,58,NA,12,NA,FALSE,"no_lookup_match",NA,9,"2024/2025","Observed",970,970,970,13547,NA,970,"East & Southeast Asia","Timor-Leste",1.77240467817932,1191.33333333333,49.7159141567501,"Normal","Average - typical case load at this point",-0.247156567186958,"Unknown",95.0260116537708,"Cannot determine","Timor-Leste"
"TLS",1,9,0.486073261232126,14.1333333333333,0.486073261232126,14.1333333333333,14.1333333333333,14.1333333333333,0.0144007848720202,0.0144007848720202,2025,"SEARO",2025-09-01,51,51,NA,11,NA,FALSE,"no_lookup_match",NA,9,"2025/2026","Observed",51,1021,5364,13547,NA,5364,"East & Southeast Asia","Timor-Leste",0.486073261232126,14.1333333333333,94.1047981706913,"High","Above average - more cases than typical at this point",1.78812372110556,"Unknown",95.0260116537708,"Cannot determine","Timor-Leste"
"TLS",2,10,0.462233672460618,21.9333333333333,0.402775276118595,36.0666666666667,21.9333333333333,36.0666666666667,0.0382632846383324,0.0238624997663122,2025,"SEARO",2025-10-01,99,99,NA,10,NA,FALSE,"no_lookup_match",NA,9,"2025/2026","Observed",150,1120,5364,13547,NA,5364,"East & Southeast Asia","Timor-Leste",0.402775276118595,36.0666666666667,95.0260116537708,"Extremely High","Rare bad event - unusually high cases to date",1.99372219558343,"Unknown",95.0260116537708,"Cannot determine","Timor-Leste"
"TLS",3,11,NA,NA,NA,NA,19.2,55.2666666666667,0.0591990379966395,0.0209357533583071,2025,"SEARO",2025-11-01,111,111,NA,9,NA,FALSE,"no_lookup_match",NA,9,"2025/2026","Observed",261,1231,5364,13547,NA,5364,"East & Southeast Asia","Timor-Leste",NA,NA,NA,"Unknown","Cannot determine",NA,"Unknown",95.0260116537708,"Cannot determine","Timor-Leste"
"TLS",4,12,0.360913723179406,50.3333333333333,NA,NA,50.3333333333333,105.6,0.111462588714154,0.052263550717514,2025,"SEARO",2025-12-01,279,279,NA,8,NA,FALSE,"no_lookup_match",NA,9,"2025/2026","Observed",540,1510,5364,13547,NA,5364,"East & Southeast Asia","Timor-Leste",NA,NA,NA,"Unknown","Cannot determine",NA,"Unknown",95.0260116537708,"Cannot determine","Timor-Leste"
"TLS",5,1,1.17259610705666,196.8,1.49155875534206,302.4,196.8,302.4,0.262153114000808,0.150690525286654,2026,"SEARO",2026-01-01,1281,1281,NA,7,NA,FALSE,"no_lookup_match",NA,9,"2025/2026","Observed",1821,1281,5364,4798,NA,5364,"East & Southeast Asia","Timor-Leste",1.49155875534206,302.4,99.9554306673581,"Extremely High","Rare bad event - unusually high cases to date",6.11805485515781,"Unknown",16.286307491126,"Cannot determine","Timor-Leste"
"TLS",6,2,2.14830039505678,262.733333333333,1.89647180182736,565.133333333332,262.733333333333,565.133333333333,0.505681332259721,0.243528218258913,2026,"SEARO",2026-02-01,2105,2105,NA,6,NA,FALSE,"no_lookup_match",NA,9,"2025/2026","Observed",3926,3386,5364,4798,NA,5364,"East & Southeast Asia","Timor-Leste",1.89647180182736,565.133333333332,99.9978376995737,"Extremely High","Rare bad event - unusually high cases to date",8.17609769872658,"Unknown",16.286307491126,"Cannot determine","Timor-Leste"
"TLS",7,3,1.91916569605518,250.733333333333,1.98581483350276,815.866666666667,250.733333333333,815.866666666667,0.725371661643334,0.219690329383613,2026,"SEARO",2026-03-01,780,780,NA,5,NA,FALSE,"no_lookup_match",NA,9,"2025/2026","Observed",4706,4166,5364,4798,NA,5364,"East & Southeast Asia","Timor-Leste",1.98581483350276,815.866666666667,99.9870615033471,"Extremely High","Rare bad event - unusually high cases to date",6.71099290017256,"Unknown",16.286307491126,"Cannot determine","Timor-Leste"
"TLS",8,4,1.08796024122912,159.266666666667,1.9501731445028,975.133333333333,159.266666666667,975.133333333333,0.851600479457924,0.12622881781459,2026,"SEARO",2026-04-01,203,203,NA,4,NA,FALSE,"no_lookup_match",NA,9,"2025/2026","Observed",4909,4369,5364,4798,NA,5364,"East & Southeast Asia","Timor-Leste",1.9501731445028,975.133333333333,99.9462556821338,"Extremely High","Rare bad event - unusually high cases to date",5.6280556029269,"Unknown",16.286307491126,"Cannot determine","Timor-Leste"
"TLS",9,5,0.470741094283412,101.066666666667,1.84872917200777,1076.2,101.066666666667,1076.2,0.918117392959997,0.0665169135020734,2026,"SEARO",2026-05-01,126,126,NA,3,NA,FALSE,"no_lookup_match",NA,9,"2025/2026","Observed",5035,4495,5364,4798,NA,5364,"East & Southeast Asia","Timor-Leste",1.84872917200777,1076.2,99.8725349637127,"Extremely High","Rare bad event - unusually high cases to date",4.99728960827237,"Unknown",16.286307491126,"Cannot determine","Timor-Leste"
"TLS",10,6,0.460662593385297,52.6666666666666,1.80549482870001,1128.86666666666,52.6666666666667,1128.86666666667,0.954359532643024,0.0362421396830268,2026,"SEARO",2026-06-01,84,84,NA,2,NA,FALSE,"no_lookup_match",NA,9,"2025/2026","Observed",5119,4579,5364,4798,NA,5364,"East & Southeast Asia","Timor-Leste",1.80549482870001,1128.86666666666,99.8214860249384,"Extremely High","Rare bad event - unusually high cases to date",4.74565167371898,"Unknown",16.286307491126,"Cannot determine","Timor-Leste"
"TLS",11,7,0.492275653439916,38.4,1.78504560150563,1167.26666666667,38.4,1167.26666666667,0.982328810995441,0.0279692783524166,2026,"Estimates",2026-07-01,150,0,NA,1,NA,FALSE,"no_lookup_match",NA,9,"2025/2026","Unobserved",5269,4729,5364,4798,150.027209082363,5364,"East & Southeast Asia","Timor-Leste",1.78504560150563,1167.26666666667,99.8068996513855,"Extremely High","Rare bad event - unusually high cases to date",4.69126727567135,"Unknown",16.286307491126,"Cannot determine","Timor-Leste"
"TLS",12,8,0.37835812412279,24.0666666666667,1.77240467817932,1191.33333333333,24.0666666666667,1191.33333333333,1,0.0176711890045593,2026,"SEARO",2026-08-01,NA,0,NA,0,NA,FALSE,"no_lookup_match",NA,9,"2025/2026","Unobserved",5269,4729,5364,4798,NA,5364,"East & Southeast Asia","Timor-Leste",1.77240467817932,1191.33333333333,99.7699644805496,"Extremely High","Rare bad event - unusually high cases to date",4.55341308192477,"Unknown",16.286307491126,"Cannot determine","Timor-Leste"
"TLS",1,9,0.486073261232126,14.1333333333333,0.486073261232126,14.1333333333333,14.1333333333333,14.1333333333333,0.0144007848720202,0.0144007848720202,2026,"SEARO",2026-09-01,NA,0,NA,-1,NA,FALSE,"no_lookup_match",NA,9,"2026/2027","Unobserved",0,4729,NA,4798,NA,NA,"East & Southeast Asia","Timor-Leste",0.486073261232126,14.1333333333333,19.119339659351,"Low","Below average - fewer cases than typical at this point",-0.685501318036853,"Unknown",16.286307491126,"Cannot determine","Timor-Leste"
"TLS",2,10,0.462233672460618,21.9333333333333,0.402775276118595,36.0666666666667,21.9333333333333,36.0666666666667,0.0382632846383324,0.0238624997663122,2026,"SEARO",2026-10-01,NA,0,NA,-2,NA,FALSE,"no_lookup_match",NA,9,"2026/2027","Unobserved",0,4729,NA,4798,NA,NA,"East & Southeast Asia","Timor-Leste",0.402775276118595,36.0666666666667,16.286307491126,"Low","Below average - fewer cases than typical at this point",-0.63113148496819,"Unknown",16.286307491126,"Cannot determine","Timor-Leste"
"TLS",3,11,NA,NA,NA,NA,19.2,55.2666666666667,0.0591990379966395,0.0209357533583071,2026,"SEARO",2026-11-01,NA,0,NA,-3,NA,FALSE,"no_lookup_match",NA,9,"2026/2027","Unobserved",0,4729,NA,4798,NA,NA,"East & Southeast Asia","Timor-Leste",NA,NA,NA,"Unknown","Cannot determine",NA,"Unknown",16.286307491126,"Cannot determine","Timor-Leste"
"TLS",4,12,0.360913723179406,50.3333333333333,NA,NA,50.3333333333333,105.6,0.111462588714154,0.052263550717514,2026,"SEARO",2026-12-01,NA,0,NA,-4,NA,FALSE,"no_lookup_match",NA,9,"2026/2027","Unobserved",0,4729,NA,4798,NA,NA,"East & Southeast Asia","Timor-Leste",NA,NA,NA,"Unknown","Cannot determine",NA,"Unknown",16.286307491126,"Cannot determine","Timor-Leste"
"TON",9,1,NA,NA,0.63390476627992,546,47.3333333333333,546,0.583112792414359,0.0667177338730211,2025,"WHO",2025-01-01,0,0,NA,18,NA,FALSE,"no_lookup_match",NA,5,"2024/2025","Observed",0,0,1285,4229,NA,1285,"Pacific Islands","Tonga",0.63390476627992,546,1.37740983503201,"Extremely Low","Rare good event - unusually low cases to date",-0.795719584865153,"High",82.070615266199,"Above average - more cases than typical at this point","Tonga"
"TON",10,2,NA,NA,1.15757549407429,652.5,106.5,652.5,0.70650383413194,0.123391041717581,2025,"WHO",2025-02-01,249,249,NA,17,NA,FALSE,"no_lookup_match",NA,5,"2024/2025","Observed",249,249,1285,4229,NA,1285,"Pacific Islands","Tonga",1.15757549407429,652.5,28.7588510312801,"Normal","Average - typical case load at this point",-0.664741501553865,"High",82.070615266199,"Above average - more cases than typical at this point","Tonga"
"TON",11,3,NA,NA,1.47184463876134,832.833333333333,180.333333333333,832.833333333333,0.896478664675821,0.189974830543881,2025,"WHO",2025-03-01,603,603,NA,16,NA,FALSE,"no_lookup_match",NA,5,"2024/2025","Observed",852,852,1285,4229,NA,1285,"Pacific Islands","Tonga",1.47184463876134,832.833333333333,62.006355982956,"Normal","Average - typical case load at this point",0.0278956224236774,"High",82.070615266199,"Above average - more cases than typical at this point","Tonga"
"TON",12,4,0.234961627729411,107.833333333334,1.45935409336987,940.666666666668,107.833333333333,940.666666666667,1,0.103521335324179,2025,"WHO",2025-04-01,433,433,NA,15,NA,FALSE,"no_lookup_match",NA,5,"2024/2025","Observed",1285,1285,1285,4229,NA,1285,"Pacific Islands","Tonga",1.45935409336987,940.666666666668,74.8467943389284,"Normal","Average - typical case load at this point",0.441862382930561,"High",82.070615266199,"Above average - more cases than typical at this point","Tonga"
"TON",1,5,0.428798036173267,109.166666666667,0.428798036173267,109.166666666667,109.166666666667,109.166666666667,0.157683927634584,0.157683927634584,2025,"WHO",2025-05-01,563,563,NA,14,NA,FALSE,"no_lookup_match",NA,5,"2025/2026","Observed",563,1848,949,4229,NA,949,"Pacific Islands","Tonga",0.428798036173267,109.166666666667,97.1808807348026,"Extremely High","Rare bad event - unusually high cases to date",2.71694889008458,"High",82.070615266199,"Above average - more cases than typical at this point","Tonga"
"TON",2,6,0.659472074002865,67.3333333333334,0.524188663780866,176.5,67.3333333333333,176.5,0.283539325033187,0.125855397398602,2025,"WHO",2025-06-01,207,207,NA,13,NA,FALSE,"no_lookup_match",NA,5,"2025/2026","Observed",770,2055,949,4229,NA,949,"Pacific Islands","Tonga",0.524188663780866,176.5,96.5020356756571,"Extremely High","Rare bad event - unusually high cases to date",2.43094914963394,"High",82.070615266199,"Above average - more cases than typical at this point","Tonga"
"TON",3,7,0.53374224850415,48.8333333333333,0.538793095673592,225.333333333333,48.8333333333333,225.333333333333,0.341747146272756,0.0582078212395692,2025,"WHO",2025-07-01,109,109,109,12,1,TRUE,"applied_mean",NA,5,"2025/2026","Observed",879,2164,949,4229,NA,949,"Pacific Islands","Tonga",0.538793095673592,225.333333333333,95.4771780360799,"Extremely High","Rare bad event - unusually high cases to date",2.12678363084119,"High",82.070615266199,"Above average - more cases than typical at this point","Tonga"
"TON",4,8,0.304272821002172,30.5,0.533117984486198,255.833333333334,30.5,255.833333333333,0.367600657563067,0.025853511290311,2025,"WHO",2025-08-01,11,11,11,11,1,TRUE,"applied_mean",NA,5,"2025/2026","Observed",890,2175,949,4229,NA,949,"Pacific Islands","Tonga",0.533117984486198,255.833333333334,94.0517587093399,"High","Above average - more cases than typical at this point",1.80803118461634,"High",82.070615266199,"Above average - more cases than typical at this point","Tonga"
"TON",5,9,0.247607084700203,108,0.486765090459327,363.833333333334,108,363.833333333333,0.434007582131592,0.066406924568525,2025,"WHO",2025-09-01,1,1,1,10,1,TRUE,"applied_mean",NA,5,"2025/2026","Observed",891,2176,949,4229,NA,949,"Pacific Islands","Tonga",0.486765090459327,363.833333333334,88.1651039006198,"High","Above average - more cases than typical at this point",1.01021740262832,"High",82.070615266199,"Above average - more cases than typical at this point","Tonga"
"TON",6,10,0.261990030976406,106.833333333333,0.454177513749099,470.666666666667,106.833333333333,470.666666666667,0.49524580291382,0.0612382207822275,2025,"WHO",2025-10-01,7,7,7,9,1,TRUE,"applied_mean",NA,5,"2025/2026","Observed",898,2183,949,4229,NA,949,"Pacific Islands","Tonga",0.454177513749099,470.666666666667,83.2381957516305,"High","Above average - more cases than typical at this point",0.611584829354531,"High",82.070615266199,"Above average - more cases than typical at this point","Tonga"
"TON",7,11,0.385854846978806,19.1666666666667,0.460145088772451,489.833333333334,19.1666666666667,489.833333333333,0.509486184285381,0.0142403813715611,2025,"WHO",2025-11-01,1,1,1,8,1,TRUE,"applied_mean",NA,5,"2025/2026","Observed",899,2184,949,4229,NA,949,"Pacific Islands","Tonga",0.460145088772451,489.833333333334,82.4468506544555,"High","Above average - more cases than typical at this point",0.566363706757858,"High",82.070615266199,"Above average - more cases than typical at this point","Tonga"
"TON",8,12,0.325534457757481,8.83333333333334,0.471869569865406,498.666666666666,8.83333333333333,498.666666666667,0.516395058541338,0.00690887425595723,2025,"WHO",2025-12-01,0,0,0,7,1,TRUE,"applied_mean",NA,5,"2025/2026","Observed",899,2184,949,4229,NA,949,"Pacific Islands","Tonga",0.471869569865406,498.666666666666,82.070615266199,"High","Above average - more cases than typical at this point",0.551209911756262,"High",82.070615266199,"Above average - more cases than typical at this point","Tonga"
"TON",9,1,NA,NA,0.63390476627992,546,47.3333333333333,546,0.583112792414359,0.0667177338730211,2026,"WHO",2026-01-01,0,0,0,6,1,TRUE,"applied_mean",NA,5,"2025/2026","Observed",899,0,949,361,NA,949,"Pacific Islands","Tonga",0.63390476627992,546,79.9916776106523,"High","Above average - more cases than typical at this point",0.51444874259597,"Normal",46.6124248798375,"Average - typical case load at this point","Tonga"
"TON",10,2,NA,NA,1.15757549407429,652.5,106.5,652.5,0.70650383413194,0.123391041717581,2026,"WHO",2026-02-01,0,0,0,5,1,TRUE,"applied_mean",NA,5,"2025/2026","Observed",899,0,949,361,NA,949,"Pacific Islands","Tonga",1.15757549407429,652.5,74.8669338537092,"Normal","Average - typical case load at this point",0.406093631060787,"Normal",46.6124248798375,"Average - typical case load at this point","Tonga"
"TON",11,3,NA,NA,1.47184463876134,832.833333333333,180.333333333333,832.833333333333,0.896478664675821,0.189974830543881,2026,"WHO",2026-03-01,0,0,0,4,1,TRUE,"applied_mean",NA,5,"2025/2026","Observed",899,0,949,361,NA,949,"Pacific Islands","Tonga",1.47184463876134,832.833333333333,64.4555765987938,"Normal","Average - typical case load at this point",0.0963005400191287,"Normal",46.6124248798375,"Average - typical case load at this point","Tonga"
"TON",12,4,0.234961627729411,107.833333333334,1.45935409336987,940.666666666668,107.833333333333,940.666666666667,1,0.103521335324179,2026,"WHO",2026-04-01,50,50,50,3,1,TRUE,"applied_mean",NA,5,"2025/2026","Observed",949,50,949,361,NA,949,"Pacific Islands","Tonga",1.45935409336987,940.666666666668,61.4106120647638,"Normal","Average - typical case load at this point",0.010693668512355,"Normal",46.6124248798375,"Average - typical case load at this point","Tonga"
"TON",1,5,0.428798036173267,109.166666666667,0.428798036173267,109.166666666667,109.166666666667,109.166666666667,0.157683927634584,0.157683927634584,2026,"WHO",2026-05-01,7,7,7,2,1,TRUE,"applied_mean",NA,5,"2026/2027","Observed",7,57,44,361,NA,530,"Pacific Islands","Tonga",0.428798036173267,109.166666666667,24.9576402775179,"Low","Below average - fewer cases than typical at this point",-0.61163777804695,"Normal",46.6124248798375,"Average - typical case load at this point","Tonga"
"TON",2,6,0.659472074002865,67.3333333333334,0.524188663780866,176.5,67.3333333333333,176.5,0.283539325033187,0.125855397398602,2026,"Estimates",2026-06-01,119,NA,NA,NA,NA,NA,NA,NA,5,"2026/2027","Unobserved",126,176,44,361,119.436772131274,530,"Pacific Islands","Tonga",0.524188663780866,176.5,59.669661639011,"Normal","Average - typical case load at this point",-0.206845715343748,"Normal",46.6124248798375,"Average - typical case load at this point","Tonga"
"TON",3,7,0.53374224850415,48.8333333333333,0.538793095673592,225.333333333333,48.8333333333333,225.333333333333,0.341747146272756,0.0582078212395692,2026,"Estimates",2026-07-01,55,NA,NA,NA,NA,NA,NA,NA,5,"2026/2027","Unobserved",181,231,44,361,55.2392223563512,530,"Pacific Islands","Tonga",0.538793095673592,225.333333333333,62.2071196039798,"Normal","Average - typical case load at this point",-0.144243866854604,"Normal",46.6124248798375,"Average - typical case load at this point","Tonga"
"TON",4,8,0.304272821002172,30.5,0.533117984486198,255.833333333334,30.5,255.833333333333,0.367600657563067,0.025853511290311,2026,NA,2026-08-01,NA,NA,NA,NA,NA,NA,NA,NA,5,"2026/2027","Unobserved",181,231,44,361,NA,530,"Pacific Islands","Tonga",0.533117984486198,255.833333333334,59.193473565679,"Normal","Average - typical case load at this point",-0.213352431509263,"Normal",46.6124248798375,"Average - typical case load at this point","Tonga"
"TON",5,9,0.247607084700203,108,0.486765090459327,363.833333333334,108,363.833333333333,0.434007582131592,0.066406924568525,2026,NA,2026-09-01,NA,NA,NA,NA,NA,NA,NA,NA,5,"2026/2027","Unobserved",181,231,44,361,NA,530,"Pacific Islands","Tonga",0.486765090459327,363.833333333334,52.4953079754263,"Normal","Average - typical case load at this point",-0.350366263257436,"Normal",46.6124248798375,"Average - typical case load at this point","Tonga"
"TON",6,10,0.261990030976406,106.833333333333,0.454177513749099,470.666666666667,106.833333333333,470.666666666667,0.49524580291382,0.0612382207822275,2026,NA,2026-10-01,NA,NA,NA,NA,NA,NA,NA,NA,5,"2026/2027","Unobserved",181,231,44,361,NA,530,"Pacific Islands","Tonga",0.454177513749099,470.666666666667,48.536300376426,"Normal","Average - typical case load at this point",-0.414561011473549,"Normal",46.6124248798375,"Average - typical case load at this point","Tonga"
"TON",7,11,0.385854846978806,19.1666666666667,0.460145088772451,489.833333333334,19.1666666666667,489.833333333333,0.509486184285381,0.0142403813715611,2026,NA,2026-11-01,NA,NA,NA,NA,NA,NA,NA,NA,5,"2026/2027","Unobserved",181,231,44,361,NA,530,"Pacific Islands","Tonga",0.460145088772451,489.833333333334,47.4892555029337,"Normal","Average - typical case load at this point",-0.427483482127215,"Normal",46.6124248798375,"Average - typical case load at this point","Tonga"
"TON",8,12,0.325534457757481,8.83333333333334,0.471869569865406,498.666666666666,8.83333333333333,498.666666666667,0.516395058541338,0.00690887425595723,2026,NA,2026-12-01,NA,NA,NA,NA,NA,NA,NA,NA,5,"2026/2027","Unobserved",181,231,44,361,NA,530,"Pacific Islands","Tonga",0.471869569865406,498.666666666666,46.6124248798375,"Normal","Average - typical case load at this point",-0.437388048212918,"Normal",46.6124248798375,"Average - typical case load at this point","Tonga"
"TTO",10,1,0.440238945741006,91,0.716788261073877,880.583333333333,91,880.583333333333,0.935219066759704,0.185420697092611,2025,"WHO",2025-01-01,0,0,NA,18,NA,FALSE,"no_lookup_match",NA,4,"2024/2025","Observed",0,0,0,97,NA,0,"Caribbean","Trinidad And Tobago",0.716788261073877,880.583333333333,0.609980139002827,"Extremely Low","Rare good event - unusually low cases to date",-0.846289120410502,"Low",19.6224594474738,"Below average - fewer cases than typical at this point","Trinidad And Tobago"
"TTO",11,2,0.429974717974194,15.5833333333333,0.726740408967219,896.166666666668,15.5833333333333,896.166666666667,0.963191147213405,0.0279720804537013,2025,"WHO",2025-02-01,0,0,NA,17,NA,FALSE,"no_lookup_match",NA,4,"2024/2025","Observed",0,0,0,97,NA,0,"Caribbean","Trinidad And Tobago",0.726740408967219,896.166666666668,0.566738430037718,"Extremely Low","Rare good event - unusually low cases to date",-0.852145258272072,"Low",19.6224594474738,"Below average - fewer cases than typical at this point","Trinidad And Tobago"
"TTO",12,3,0.425371359250588,10.3333333333333,0.750164331940207,906.500000000001,10.3333333333333,906.5,1,0.036808852786595,2025,"WHO",2025-03-01,0,0,NA,16,NA,FALSE,"no_lookup_match",NA,4,"2024/2025","Observed",0,0,0,97,NA,0,"Caribbean","Trinidad And Tobago",0.750164331940207,906.500000000001,0.487040920665973,"Extremely Low","Rare good event - unusually low cases to date",-0.86576212368857,"Low",19.6224594474738,"Below average - fewer cases than typical at this point","Trinidad And Tobago"
"TTO",1,4,0.325724313866813,7,0.325724313866813,7,7,7,0.00431159469782277,0.00431159469782277,2025,"WHO",2025-04-01,0,0,NA,15,NA,FALSE,"no_lookup_match",NA,4,"2025/2026","Observed",0,0,102,97,NA,102,"Caribbean","Trinidad And Tobago",0.325724313866813,7,36.2761007682446,"Normal","Average - typical case load at this point",-0.557890316749739,"Low",19.6224594474738,"Below average - fewer cases than typical at this point","Trinidad And Tobago"
"TTO",2,5,0.577174979288998,9.24999999999999,0.507333528894968,16.25,9.25,16.25,0.0194277224248581,0.0151161277270353,2025,"PAHO",2025-05-01,9,9,NA,62,NA,FALSE,"no_lookup_match","current_month_missing",4,"2025/2026","Observed",9,9,102,97,NA,102,"Caribbean","Trinidad And Tobago",0.507333528894968,16.25,55.5768273785747,"Normal","Average - typical case load at this point",-0.312936088327582,"Low",19.6224594474738,"Below average - fewer cases than typical at this point","Trinidad And Tobago"
"TTO",3,6,0.510968037810871,17.5,0.493355133989046,33.75,17.5,33.75,0.050734297496433,0.0313065750715749,2025,"PAHO",2025-06-01,23,23,NA,57,NA,FALSE,"no_lookup_match","current_month_missing",4,"2025/2026","Observed",32,32,102,97,NA,102,"Caribbean","Trinidad And Tobago",0.493355133989046,33.75,67.4810406222121,"Normal","Average - typical case load at this point",-0.0361570367898797,"Low",19.6224594474738,"Below average - fewer cases than typical at this point","Trinidad And Tobago"
"TTO",4,7,0.450752952947954,30.1666666666667,0.463292295494826,63.9166666666668,30.1666666666667,63.9166666666667,0.0795805874816304,0.0288462899851974,2025,"PAHO",2025-07-01,8,8,NA,53,NA,FALSE,"no_lookup_match","current_month_missing",4,"2025/2026","Observed",40,40,102,97,NA,102,"Caribbean","Trinidad And Tobago",0.463292295494826,63.9166666666668,58.5785359441671,"Normal","Average - typical case load at this point",-0.253773215742883,"Low",19.6224594474738,"Below average - fewer cases than typical at this point","Trinidad And Tobago"
"TTO",5,8,0.562111144164891,229.333333333334,0.619244288424109,293.25,229.333333333333,293.25,0.30505270649313,0.2254721190115,2025,"PAHO",2025-08-01,7,7,NA,49,1,TRUE,"applied_mean","previous_month_missing",4,"2025/2026","Observed",47,47,102,97,NA,102,"Caribbean","Trinidad And Tobago",0.619244288424109,293.25,25.9574699528352,"Normal","Average - typical case load at this point",-0.660102177681073,"Low",19.6224594474738,"Below average - fewer cases than typical at this point","Trinidad And Tobago"
"TTO",6,9,0.531517165565918,87.7500000000002,0.608252874633252,380.999999999999,87.75,381,0.379385582830929,0.074332876337799,2025,"PAHO",2025-09-01,12,12,12,44,1,TRUE,"applied_mean","not_missing",4,"2025/2026","Observed",59,59,102,97,NA,102,"Caribbean","Trinidad And Tobago",0.608252874633252,380.999999999999,25.837347276683,"Normal","Average - typical case load at this point",-0.658607375180387,"Low",19.6224594474738,"Below average - fewer cases than typical at this point","Trinidad And Tobago"
"TTO",7,10,0.612457717467236,162.333333333334,0.612203737320681,543.333333333333,162.333333333333,543.333333333333,0.53864008139081,0.159254498559881,2025,"PAHO",2025-10-01,14,14,NA,40,NA,FALSE,"no_lookup_match","current_month_missing",4,"2025/2026","Observed",73,73,102,97,NA,102,"Caribbean","Trinidad And Tobago",0.612203737320681,543.333333333333,23.6185839754316,"Low","Below average - fewer cases than typical at this point",-0.676928600392549,"Low",19.6224594474738,"Below average - fewer cases than typical at this point","Trinidad And Tobago"
"TTO",8,11,0.438561115077107,189.916666666667,0.599492121239274,733.250000000001,189.916666666667,733.25,0.702578756763584,0.163938675372774,2025,"WHO",2025-11-01,0,0,0,8,1,TRUE,"applied_mean",NA,4,"2025/2026","Observed",73,73,102,97,NA,102,"Caribbean","Trinidad And Tobago",0.599492121239274,733.250000000001,20.3256921656379,"Low","Below average - fewer cases than typical at this point",-0.696900241395392,"Low",19.6224594474738,"Below average - fewer cases than typical at this point","Trinidad And Tobago"
"TTO",9,12,0.355614598109485,56.3333333333333,0.595828169235035,789.583333333332,56.3333333333333,789.583333333333,0.749798369667093,0.0472196129035094,2025,"WHO",2025-12-01,0,0,0,7,1,TRUE,"applied_mean",NA,4,"2025/2026","Observed",73,73,102,97,NA,102,"Caribbean","Trinidad And Tobago",0.595828169235035,789.583333333332,19.6224594474738,"Low","Below average - fewer cases than typical at this point",-0.700269879038081,"Low",19.6224594474738,"Below average - fewer cases than typical at this point","Trinidad And Tobago"
"TTO",10,1,0.440238945741006,91,0.716788261073877,880.583333333333,91,880.583333333333,0.935219066759704,0.185420697092611,2026,"PAHO",2026-01-01,2,2,2,27,1,TRUE,"applied_mean","not_missing",4,"2025/2026","Observed",75,2,102,1064,NA,102,"Caribbean","Trinidad And Tobago",0.716788261073877,880.583333333333,14.5187696240698,"Low","Below average - fewer cases than typical at this point",-0.774209986468091,"Low",11.342494197449,"Below average - fewer cases than typical at this point","Trinidad And Tobago"
"TTO",11,2,0.429974717974194,15.5833333333333,0.726740408967219,896.166666666668,15.5833333333333,896.166666666667,0.963191147213405,0.0279720804537013,2026,"WHO",2026-02-01,0,0,0,5,1,TRUE,"applied_mean",NA,4,"2025/2026","Observed",75,2,102,1064,NA,102,"Caribbean","Trinidad And Tobago",0.726740408967219,896.166666666668,14.0509056936305,"Low","Below average - fewer cases than typical at this point",-0.780829400689325,"Low",11.342494197449,"Below average - fewer cases than typical at this point","Trinidad And Tobago"
"TTO",12,3,0.425371359250588,10.3333333333333,0.750164331940207,906.500000000001,10.3333333333333,906.5,1,0.036808852786595,2026,"PAHO",2026-03-01,27,27,NA,18,NA,FALSE,"no_lookup_match","current_month_missing",4,"2025/2026","Observed",102,29,102,1064,NA,102,"Caribbean","Trinidad And Tobago",0.750164331940207,906.500000000001,16.5272324870138,"Low","Below average - fewer cases than typical at this point",-0.768345977393773,"Low",11.342494197449,"Below average - fewer cases than typical at this point","Trinidad And Tobago"
"TTO",1,4,0.325724313866813,7,0.325724313866813,7,7,7,0.00431159469782277,0.00431159469782277,2026,"PAHO",2026-04-01,14,14,NA,14,NA,FALSE,"insufficient_n_rf","current_month_missing",4,"2026/2027","Observed",14,43,493,1064,NA,352,"Caribbean","Trinidad And Tobago",0.325724313866813,7,84.6129184221256,"High","Above average - more cases than typical at this point",0.557890316749739,"Low",11.342494197449,"Below average - fewer cases than typical at this point","Trinidad And Tobago"
"TTO",2,5,0.577174979288998,9.24999999999999,0.507333528894968,16.25,9.25,16.25,0.0194277224248581,0.0151161277270353,2026,"WHO",2026-05-01,0,0,0,2,1,TRUE,"applied_mean",NA,4,"2026/2027","Observed",14,43,493,1064,NA,352,"Caribbean","Trinidad And Tobago",0.507333528894968,16.25,65.4221318017624,"Normal","Average - typical case load at this point",-0.0971180963775255,"Low",11.342494197449,"Below average - fewer cases than typical at this point","Trinidad And Tobago"
"TTO",3,6,0.510968037810871,17.5,0.493355133989046,33.75,17.5,33.75,0.050734297496433,0.0313065750715749,2026,"PAHO",2026-06-01,11,11,11,8,1,TRUE,"applied_mean","not_missing",4,"2026/2027","Observed",25,54,493,1064,NA,352,"Caribbean","Trinidad And Tobago",0.493355133989046,33.75,61.7507699443776,"Normal","Average - typical case load at this point",-0.180785183949399,"Low",11.342494197449,"Below average - fewer cases than typical at this point","Trinidad And Tobago"
"TTO",4,7,0.450752952947954,30.1666666666667,0.463292295494826,63.9166666666668,30.1666666666667,63.9166666666667,0.0795805874816304,0.0288462899851974,2026,"Estimates",2026-07-01,3,NA,NA,NA,NA,NA,NA,NA,4,"2026/2027","Unobserved",28,57,493,1064,2.94232157849014,352,"Caribbean","Trinidad And Tobago",0.463292295494826,63.9166666666668,51.1247217833279,"Normal","Average - typical case load at this point",-0.381101937230601,"Low",11.342494197449,"Below average - fewer cases than typical at this point","Trinidad And Tobago"
"TTO",5,8,0.562111144164891,229.333333333334,0.619244288424109,293.25,229.333333333333,293.25,0.30505270649313,0.2254721190115,2026,NA,2026-08-01,NA,NA,NA,NA,NA,NA,NA,NA,4,"2026/2027","Unobserved",28,57,493,1064,NA,352,"Caribbean","Trinidad And Tobago",0.619244288424109,293.25,19.2565361064109,"Low","Below average - fewer cases than typical at this point",-0.711033919309257,"Low",11.342494197449,"Below average - fewer cases than typical at this point","Trinidad And Tobago"
"TTO",6,9,0.531517165565918,87.7500000000002,0.608252874633252,380.999999999999,87.75,381,0.379385582830929,0.074332876337799,2026,NA,2026-09-01,NA,NA,NA,NA,NA,NA,NA,NA,4,"2026/2027","Unobserved",28,57,493,1064,NA,352,"Caribbean","Trinidad And Tobago",0.608252874633252,380.999999999999,16.8754885183579,"Low","Below average - fewer cases than typical at this point",-0.722013675275394,"Low",11.342494197449,"Below average - fewer cases than typical at this point","Trinidad And Tobago"
"TTO",7,10,0.612457717467236,162.333333333334,0.612203737320681,543.333333333333,162.333333333333,543.333333333333,0.53864008139081,0.159254498559881,2026,NA,2026-10-01,NA,NA,NA,NA,NA,NA,NA,NA,4,"2026/2027","Unobserved",28,57,493,1064,NA,352,"Caribbean","Trinidad And Tobago",0.612203737320681,543.333333333333,13.531710307135,"Low","Below average - fewer cases than typical at this point",-0.74169497959382,"Low",11.342494197449,"Below average - fewer cases than typical at this point","Trinidad And Tobago"
"TTO",8,11,0.438561115077107,189.916666666667,0.599492121239274,733.250000000001,189.916666666667,733.25,0.702578756763584,0.163938675372774,2026,NA,2026-11-01,NA,NA,NA,NA,NA,NA,NA,NA,4,"2026/2027","Unobserved",28,57,493,1064,NA,352,"Caribbean","Trinidad And Tobago",0.599492121239274,733.250000000001,11.7215842696302,"Low","Below average - fewer cases than typical at this point",-0.744398175303445,"Low",11.342494197449,"Below average - fewer cases than typical at this point","Trinidad And Tobago"
"TTO",9,12,0.355614598109485,56.3333333333333,0.595828169235035,789.583333333332,56.3333333333333,789.583333333333,0.749798369667093,0.0472196129035094,2026,NA,2026-12-01,NA,NA,NA,NA,NA,NA,NA,NA,4,"2026/2027","Unobserved",28,57,493,1064,NA,352,"Caribbean","Trinidad And Tobago",0.595828169235035,789.583333333332,11.342494197449,"Low","Below average - fewer cases than typical at this point",-0.744245426739042,"Low",11.342494197449,"Below average - fewer cases than typical at this point","Trinidad And Tobago"
"TUV",10,1,1.21985216143336,13.2,1.10158706490923,211.4,13.2,211.4,0.934561107585055,0.159453837586971,2025,"WHO",2025-01-01,0,0,NA,18,NA,FALSE,"no_lookup_match",NA,4,"2024/2025","Observed",0,0,0,39,NA,0,"Pacific Islands","Tuvalu",1.10158706490923,211.4,0.30373534064988,"Extremely Low","Rare good event - unusually low cases to date",-1.04684122352375,"Low",21.6493138419089,"Below average - fewer cases than typical at this point","Tuvalu"
"TUV",11,2,0.490119326064863,3.6,1.16364769734707,215,3.6,215,0.972106848779005,0.0375457411939506,2025,"WHO",2025-02-01,0,0,NA,17,NA,FALSE,"no_lookup_match",NA,4,"2024/2025","Observed",0,0,0,39,NA,0,"Pacific Islands","Tuvalu",1.16364769734707,215,0.228943642003904,"Extremely Low","Rare good event - unusually low cases to date",-1.0758176300019,"Low",21.6493138419089,"Below average - fewer cases than typical at this point","Tuvalu"
"TUV",12,3,0.588346358981623,2.6,1.20340433644408,217.6,2.6,217.6,1,0.0278931512209945,2025,"WHO",2025-03-01,0,0,NA,16,NA,FALSE,"no_lookup_match",NA,4,"2024/2025","Observed",0,0,0,39,NA,0,"Pacific Islands","Tuvalu",1.20340433644408,217.6,0.190869446197408,"Extremely Low","Rare good event - unusually low cases to date",-1.09397700694458,"Low",21.6493138419089,"Below average - fewer cases than typical at this point","Tuvalu"
"TUV",1,4,0.565417684698438,2.2,0.565417684698438,2.2,2.2,2.2,0.00813081564930696,0.00813081564930696,2025,"WHO",2025-04-01,0,0,NA,15,NA,FALSE,"no_lookup_match",NA,4,"2025/2026","Observed",0,0,36,39,NA,36,"Pacific Islands","Tuvalu",0.565417684698438,2.2,40.7573501247795,"Normal","Average - typical case load at this point",-0.670680479954021,"Low",21.6493138419089,"Below average - fewer cases than typical at this point","Tuvalu"
"TUV",2,5,0.48057483482075,2.8,0.380265474042733,5,2.8,5,0.0192385477732943,0.0111077321239874,2025,"WHO",2025-05-01,0,0,NA,14,NA,FALSE,"no_lookup_match",NA,4,"2025/2026","Observed",0,0,36,39,NA,36,"Pacific Islands","Tuvalu",0.380265474042733,5,36.5108653990635,"Normal","Average - typical case load at this point",-0.59446542080877,"Low",21.6493138419089,"Below average - fewer cases than typical at this point","Tuvalu"
"TUV",3,6,0.432232277490121,2.8,0.318265013968625,7.80000000000001,2.8,7.8,0.0286432487729197,0.00940470099962543,2025,"WHO",2025-06-01,0,0,NA,13,NA,FALSE,"no_lookup_match",NA,4,"2025/2026","Observed",0,0,36,39,NA,36,"Pacific Islands","Tuvalu",0.318265013968625,7.80000000000001,35.6701369399043,"Normal","Average - typical case load at this point",-0.552980910629629,"Low",21.6493138419089,"Below average - fewer cases than typical at this point","Tuvalu"
"TUV",4,7,0.398957605740579,42.2,0.378826639680766,49.9999999999999,42.2,50,0.174066279150377,0.145423030377458,2025,"WHO",2025-07-01,0,0,0,12,1,TRUE,"applied_mean",NA,4,"2025/2026","Observed",0,0,36,39,NA,36,"Pacific Islands","Tuvalu",0.378826639680766,49.9999999999999,15.6835772569499,"Low","Below average - fewer cases than typical at this point",-0.613170473692467,"Low",21.6493138419089,"Below average - fewer cases than typical at this point","Tuvalu"
"TUV",5,8,NA,NA,NA,NA,86.2,136.2,0.450830861985003,0.276764582834626,2025,"WHO",2025-08-01,0,0,NA,11,NA,FALSE,"insufficient_n_rf",NA,4,"2025/2026","Observed",0,0,36,39,NA,36,"Pacific Islands","Tuvalu",NA,NA,NA,"Unknown","Cannot determine",NA,"Low",21.6493138419089,"Below average - fewer cases than typical at this point","Tuvalu"
"TUV",6,9,0.808546895761555,34.4,0.750667146359667,170.6,34.4,170.6,0.679864062536704,0.229033200551701,2025,"WHO",2025-09-01,26,26,NA,10,NA,FALSE,"insufficient_n_rf",NA,4,"2025/2026","Observed",26,26,36,39,NA,36,"Pacific Islands","Tuvalu",0.750667146359667,170.6,20.8050392088697,"Low","Below average - fewer cases than typical at this point",-0.73275633905542,"Low",21.6493138419089,"Below average - fewer cases than typical at this point","Tuvalu"
"TUV",7,10,0.564055893742158,11.8,0.743233070321947,182.4,11.8,182.4,0.727249591062524,0.04738552852582,2025,"WHO",2025-10-01,3,3,NA,9,NA,FALSE,"insufficient_n_rf",NA,4,"2025/2026","Observed",29,29,36,39,NA,36,"Pacific Islands","Tuvalu",0.743233070321947,182.4,21.6135432766267,"Low","Below average - fewer cases than typical at this point",-0.723569108297775,"Low",21.6493138419089,"Below average - fewer cases than typical at this point","Tuvalu"
"TUV",8,11,0.491478103842333,9,0.730699585150465,191.4,9,191.4,0.756240871906858,0.0289912808443347,2025,"WHO",2025-11-01,1,1,NA,8,NA,FALSE,"insufficient_n_rf",NA,4,"2025/2026","Observed",30,30,36,39,NA,36,"Pacific Islands","Tuvalu",0.730699585150465,191.4,21.7845016705852,"Low","Below average - fewer cases than typical at this point",-0.719454961641541,"Low",21.6493138419089,"Below average - fewer cases than typical at this point","Tuvalu"
"TUV",9,12,NA,NA,0.719011267892766,198.2,6.8,198.2,0.775107269998084,0.0188663980912253,2025,"WHO",2025-12-01,0,0,NA,7,NA,FALSE,"insufficient_n_rf",NA,4,"2025/2026","Observed",30,30,36,39,NA,36,"Pacific Islands","Tuvalu",0.719011267892766,198.2,21.6493138419089,"Low","Below average - fewer cases than typical at this point",-0.718296695786275,"Low",21.6493138419089,"Below average - fewer cases than typical at this point","Tuvalu"
"TUV",10,1,1.21985216143336,13.2,1.10158706490923,211.4,13.2,211.4,0.934561107585055,0.159453837586971,2026,"WHO",2026-01-01,6,6,NA,6,NA,FALSE,"insufficient_n_rf",NA,4,"2025/2026","Observed",36,6,36,6,NA,36,"Pacific Islands","Tuvalu",1.10158706490923,211.4,14.0813856891297,"Low","Below average - fewer cases than typical at this point",-0.868571194919893,"Low",6.80839510023468,"Below average - fewer cases than typical at this point","Tuvalu"
"TUV",11,2,0.490119326064863,3.6,1.16364769734707,215,3.6,215,0.972106848779005,0.0375457411939506,2026,"WHO",2026-02-01,0,0,NA,5,NA,FALSE,"insufficient_n_rf",NA,4,"2025/2026","Observed",36,6,36,6,NA,36,"Pacific Islands","Tuvalu",1.16364769734707,215,12.8025057048234,"Low","Below average - fewer cases than typical at this point",-0.895680724513211,"Low",6.80839510023468,"Below average - fewer cases than typical at this point","Tuvalu"
"TUV",12,3,0.588346358981623,2.6,1.20340433644408,217.6,2.6,217.6,1,0.0278931512209945,2026,"WHO",2026-03-01,0,0,NA,4,NA,FALSE,"insufficient_n_rf",NA,4,"2025/2026","Observed",36,6,36,6,NA,36,"Pacific Islands","Tuvalu",1.20340433644408,217.6,12.0239250690437,"Low","Below average - fewer cases than typical at this point",-0.912988163883899,"Low",6.80839510023468,"Below average - fewer cases than typical at this point","Tuvalu"
"TUV",1,4,0.565417684698438,2.2,0.565417684698438,2.2,2.2,2.2,0.00813081564930696,0.00813081564930696,2026,"Estimates",2026-04-01,0,NA,NA,NA,NA,NA,NA,NA,4,"2026/2027","Unobserved",0,6,NA,6,0.29270936337505,29,"Pacific Islands","Tuvalu",0.565417684698438,2.2,40.7573501247795,"Normal","Average - typical case load at this point",-0.670680479954021,"Low",6.80839510023468,"Below average - fewer cases than typical at this point","Tuvalu"
"TUV",2,5,0.48057483482075,2.8,0.380265474042733,5,2.8,5,0.0192385477732943,0.0111077321239874,2026,"Estimates",2026-05-01,0,NA,NA,NA,NA,NA,NA,NA,4,"2026/2027","Unobserved",0,6,NA,6,0.399878356463545,29,"Pacific Islands","Tuvalu",0.380265474042733,5,36.5108653990635,"Normal","Average - typical case load at this point",-0.59446542080877,"Low",6.80839510023468,"Below average - fewer cases than typical at this point","Tuvalu"
"TUV",3,6,0.432232277490121,2.8,0.318265013968625,7.80000000000001,2.8,7.8,0.0286432487729197,0.00940470099962543,2026,"Estimates",2026-06-01,0,NA,NA,NA,NA,NA,NA,NA,4,"2026/2027","Unobserved",0,6,NA,6,0.338569235986515,29,"Pacific Islands","Tuvalu",0.318265013968625,7.80000000000001,35.6701369399043,"Normal","Average - typical case load at this point",-0.552980910629629,"Low",6.80839510023468,"Below average - fewer cases than typical at this point","Tuvalu"
"TUV",4,7,0.398957605740579,42.2,0.378826639680766,49.9999999999999,42.2,50,0.174066279150377,0.145423030377458,2026,"Estimates",2026-07-01,5,NA,NA,NA,NA,NA,NA,NA,4,"2026/2027","Unobserved",5,11,NA,6,5.23522909358847,29,"Pacific Islands","Tuvalu",0.378826639680766,49.9999999999999,33.7658223943798,"Normal","Average - typical case load at this point",-0.55185342632322,"Low",6.80839510023468,"Below average - fewer cases than typical at this point","Tuvalu"
"TUV",5,8,NA,NA,NA,NA,86.2,136.2,0.450830861985003,0.276764582834626,2026,NA,2026-08-01,NA,NA,NA,NA,NA,NA,NA,NA,4,"2026/2027","Unobserved",5,11,NA,6,NA,29,"Pacific Islands","Tuvalu",NA,NA,NA,"Unknown","Cannot determine",NA,"Low",6.80839510023468,"Below average - fewer cases than typical at this point","Tuvalu"
"TUV",6,9,0.808546895761555,34.4,0.750667146359667,170.6,34.4,170.6,0.679864062536704,0.229033200551701,2026,NA,2026-09-01,NA,NA,NA,NA,NA,NA,NA,NA,4,"2026/2027","Unobserved",5,11,NA,6,NA,29,"Pacific Islands","Tuvalu",0.750667146359667,170.6,6.91136886009193,"Low","Below average - fewer cases than typical at this point",-0.839173234768862,"Low",6.80839510023468,"Below average - fewer cases than typical at this point","Tuvalu"
"TUV",7,10,0.564055893742158,11.8,0.743233070321947,182.4,11.8,182.4,0.727249591062524,0.04738552852582,2026,NA,2026-10-01,NA,NA,NA,NA,NA,NA,NA,NA,4,"2026/2027","Unobserved",5,11,NA,6,NA,29,"Pacific Islands","Tuvalu",0.743233070321947,182.4,6.72350197095547,"Low","Below average - fewer cases than typical at this point",-0.836774183911508,"Low",6.80839510023468,"Below average - fewer cases than typical at this point","Tuvalu"
"TUV",8,11,0.491478103842333,9,0.730699585150465,191.4,9,191.4,0.756240871906858,0.0289912808443347,2026,NA,2026-11-01,NA,NA,NA,NA,NA,NA,NA,NA,4,"2026/2027","Unobserved",5,11,NA,6,NA,29,"Pacific Islands","Tuvalu",0.730699585150465,191.4,6.73852162706744,"Low","Below average - fewer cases than typical at this point",-0.830894701672758,"Low",6.80839510023468,"Below average - fewer cases than typical at this point","Tuvalu"
"TUV",9,12,NA,NA,0.719011267892766,198.2,6.8,198.2,0.775107269998084,0.0188663980912253,2026,NA,2026-12-01,NA,NA,NA,NA,NA,NA,NA,NA,4,"2026/2027","Unobserved",5,11,NA,6,NA,29,"Pacific Islands","Tuvalu",0.719011267892766,198.2,6.80839510023468,"Low","Below average - fewer cases than typical at this point",-0.825058987074366,"Low",6.80839510023468,"Below average - fewer cases than typical at this point","Tuvalu"
"URY",10,1,0.325296144065629,35.4,1.70774778966262,117.6,35.4,117.6,0.530564596536859,0.0700651836480544,2025,"WHO",2025-01-01,0,0,NA,18,NA,FALSE,"no_lookup_match",NA,4,"2024/2025","Observed",0,0,1,15,NA,1,"South America","Uruguay",1.70774778966262,117.6,0.0708752855835474,"Extremely Low","Rare good event - unusually low cases to date",-1.29742183636921,"Low",9.84378753690809,"Below average - fewer cases than typical at this point","Uruguay"
"URY",11,2,0.220592104381145,229.8,0.89551706367904,347.399999999999,229.8,347.4,0.798484939731816,0.267920343194958,2025,"WHO",2025-02-01,0,0,NA,17,NA,FALSE,"no_lookup_match",NA,4,"2024/2025","Observed",0,0,1,15,NA,1,"South America","Uruguay",0.89551706367904,347.399999999999,0.479428252359119,"Extremely Low","Rare good event - unusually low cases to date",-0.945100292338614,"Low",9.84378753690809,"Below average - fewer cases than typical at this point","Uruguay"
"URY",12,3,0.356661958492052,139.8,0.789384861502586,487.2,139.8,487.2,1,0.201515060268184,2025,"PAHO",2025-03-01,1,1,NA,70,NA,FALSE,"no_lookup_match","current_month_missing",4,"2024/2025","Observed",1,1,1,15,NA,1,"South America","Uruguay",0.789384861502586,487.2,1.11975911512217,"Extremely Low","Rare good event - unusually low cases to date",-0.885932275721482,"Low",9.84378753690809,"Below average - fewer cases than typical at this point","Uruguay"
"URY",1,4,0.43729743680428,39.6,0.43729743680428,39.6,39.6,39.6,0.219432028296657,0.219432028296657,2025,"PAHO",2025-04-01,1,1,NA,66,NA,FALSE,"no_lookup_match","current_month_missing",4,"2025/2026","Observed",1,2,6,15,NA,6,"South America","Uruguay",0.43729743680428,39.6,19.8728424871992,"Low","Below average - fewer cases than typical at this point",-0.641055750587017,"Low",9.84378753690809,"Below average - fewer cases than typical at this point","Uruguay"
"URY",2,5,0.641252663681382,6.6,0.428659851517824,46.2,6.6,46.2,0.256788908797642,0.0373568805009853,2025,"PAHO",2025-05-01,4,4,NA,62,NA,FALSE,"no_lookup_match","current_month_missing",4,"2025/2026","Observed",5,6,6,15,NA,6,"South America","Uruguay",0.428659851517824,46.2,31.4959434993595,"Normal","Average - typical case load at this point",-0.581173985307977,"Low",9.84378753690809,"Below average - fewer cases than typical at this point","Uruguay"
"URY",3,6,0.663474191554928,2.8,0.423979375315892,49,2.8,49,0.27213276992753,0.0153438611298873,2025,"WHO",2025-06-01,0,0,NA,13,NA,FALSE,"no_lookup_match",NA,4,"2025/2026","Observed",5,6,6,15,NA,6,"South America","Uruguay",0.423979375315892,49,31.0309524663468,"Normal","Average - typical case load at this point",-0.582181159770172,"Low",9.84378753690809,"Below average - fewer cases than typical at this point","Uruguay"
"URY",4,7,0.761337629619619,3,0.420565061067633,52,3,52,0.287913312280125,0.0157805423525948,2025,"WHO",2025-07-01,0,0,0,12,1.12455464889093,TRUE,"applied_mean",NA,4,"2025/2026","Observed",5,6,6,15,NA,6,"South America","Uruguay",0.420565061067633,52,30.5008661559422,"Normal","Average - typical case load at this point",-0.583797098580791,"Low",9.84378753690809,"Below average - fewer cases than typical at this point","Uruguay"
"URY",5,8,0.922137938640059,2.2,0.419151798343512,54.2,2.2,54.2,0.301230146382985,0.0133168341028603,2025,"WHO",2025-08-01,0,0,0,11,1.32800867397106,TRUE,"applied_mean",NA,4,"2025/2026","Observed",5,6,6,15,NA,6,"South America","Uruguay",0.419151798343512,54.2,30.0814685728556,"Normal","Average - typical case load at this point",-0.585434956378502,"Low",9.84378753690809,"Below average - fewer cases than typical at this point","Uruguay"
"URY",6,9,0.922137938640059,2.2,0.417702790627669,56.4000000000001,2.2,56.4,0.314546980485845,0.0133168341028603,2025,"WHO",2025-09-01,0,0,0,10,1.64659274476752,TRUE,"applied_mean",NA,4,"2025/2026","Observed",5,6,6,15,NA,6,"South America","Uruguay",0.417702790627669,56.4000000000001,29.6925147353159,"Normal","Average - typical case load at this point",-0.586834205352858,"Low",9.84378753690809,"Below average - fewer cases than typical at this point","Uruguay"
"URY",7,10,0.818860667532324,3.4,0.415217687934838,59.8,3.4,59.8,0.33544764295856,0.0209006624727149,2025,"WHO",2025-10-01,0,0,0,9,1.47520719202135,TRUE,"applied_mean",NA,4,"2025/2026","Observed",5,6,6,15,NA,6,"South America","Uruguay",0.415217687934838,59.8,29.1568590401946,"Normal","Average - typical case load at this point",-0.588457034769314,"Low",9.84378753690809,"Below average - fewer cases than typical at this point","Uruguay"
"URY",8,11,0.685618181277655,6.4,0.411675839799352,66.2,6.4,66.2,0.374722469591465,0.0392748266329052,2025,"PAHO",2025-11-01,1,1,1,36,1,TRUE,"applied_mean","not_missing",4,"2025/2026","Observed",6,7,6,15,NA,6,"South America","Uruguay",0.411675839799352,66.2,30.097262385672,"Normal","Average - typical case load at this point",-0.581661081733808,"Low",9.84378753690809,"Below average - fewer cases than typical at this point","Uruguay"
"URY",9,12,1.07258429691658,16,0.899359716330096,82.1999999999999,16,82.2,0.460499412888804,0.0857769432973389,2025,"WHO",2025-12-01,0,0,0,7,1.70238095238095,TRUE,"applied_median",NA,4,"2025/2026","Observed",6,7,6,15,NA,6,"South America","Uruguay",0.899359716330096,82.1999999999999,9.84378753690809,"Low","Below average - fewer cases than typical at this point",-0.874353271374738,"Low",9.84378753690809,"Below average - fewer cases than typical at this point","Uruguay"
"URY",10,1,0.325296144065629,35.4,1.70774778966262,117.6,35.4,117.6,0.530564596536859,0.0700651836480544,2026,"WHO",2026-01-01,0,0,0,6,2.62552675937632,TRUE,"applied_median",NA,4,"2025/2026","Observed",6,0,6,0,NA,6,"South America","Uruguay",1.70774778966262,117.6,1.30052260976704,"Extremely Low","Rare good event - unusually low cases to date",-1.23122684471772,"Extremely Low",1.70671403861013,"Rare good event - unusually low cases to date","Uruguay"
"URY",11,2,0.220592104381145,229.8,0.89551706367904,347.399999999999,229.8,347.4,0.798484939731816,0.267920343194958,2026,"WHO",2026-02-01,0,0,0,5,1.51983552337535,TRUE,"applied_mean",NA,4,"2025/2026","Observed",6,0,6,0,NA,6,"South America","Uruguay",0.89551706367904,347.399999999999,2.81276801876767,"Extremely Low","Rare good event - unusually low cases to date",-0.928777316650555,"Extremely Low",1.70671403861013,"Rare good event - unusually low cases to date","Uruguay"
"URY",12,3,0.356661958492052,139.8,0.789384861502586,487.2,139.8,487.2,1,0.201515060268184,2026,"WHO",2026-03-01,0,0,0,4,0.816137566137566,TRUE,"applied_mean",NA,4,"2025/2026","Observed",6,0,6,0,NA,6,"South America","Uruguay",0.789384861502586,487.2,3.08363675312217,"Extremely Low","Rare good event - unusually low cases to date",-0.876821495428172,"Extremely Low",1.70671403861013,"Rare good event - unusually low cases to date","Uruguay"
"URY",1,4,0.43729743680428,39.6,0.43729743680428,39.6,39.6,39.6,0.219432028296657,0.219432028296657,2026,"WHO",2026-04-01,0,0,NA,3,NA,FALSE,"insufficient_n_rf",NA,4,"2026/2027","Observed",0,0,0,0,NA,0,"South America","Uruguay",0.43729743680428,39.6,13.8726344743124,"Low","Below average - fewer cases than typical at this point",-0.657663412519323,"Extremely Low",1.70671403861013,"Rare good event - unusually low cases to date","Uruguay"
"URY",2,5,0.641252663681382,6.6,0.428659851517824,46.2,6.6,46.2,0.256788908797642,0.0373568805009853,2026,"WHO",2026-05-01,0,0,NA,2,NA,FALSE,"insufficient_n_rf",NA,4,"2026/2027","Observed",0,0,0,0,NA,0,"South America","Uruguay",0.428659851517824,46.2,13.3972916770123,"Low","Below average - fewer cases than typical at this point",-0.651704808767683,"Extremely Low",1.70671403861013,"Rare good event - unusually low cases to date","Uruguay"
"URY",3,6,0.663474191554928,2.8,0.423979375315892,49,2.8,49,0.27213276992753,0.0153438611298873,2026,"WHO",2026-06-01,0,0,NA,1,NA,FALSE,"insufficient_n_rf",NA,4,"2026/2027","Observed",0,0,0,0,NA,0,"South America","Uruguay",0.423979375315892,49,13.2986390831385,"Low","Below average - fewer cases than typical at this point",-0.648338109744055,"Extremely Low",1.70671403861013,"Rare good event - unusually low cases to date","Uruguay"
"URY",4,7,0.761337629619619,3,0.420565061067633,52,3,52,0.287913312280125,0.0157805423525948,2026,"Estimates",2026-07-01,0,NA,NA,NA,NA,NA,NA,NA,4,"2026/2027","Unobserved",0,0,0,0,0.0946832541155685,0,"South America","Uruguay",0.420565061067633,52,13.1412006372238,"Low","Below average - fewer cases than typical at this point",-0.645903172897896,"Extremely Low",1.70671403861013,"Rare good event - unusually low cases to date","Uruguay"
"URY",5,8,0.922137938640059,2.2,0.419151798343512,54.2,2.2,54.2,0.301230146382985,0.0133168341028603,2026,NA,2026-08-01,NA,NA,NA,NA,NA,NA,NA,NA,4,"2026/2027","Unobserved",0,0,0,0,NA,0,"South America","Uruguay",0.419151798343512,54.2,12.9868852945222,"Low","Below average - fewer cases than typical at this point",-0.644930378774692,"Extremely Low",1.70671403861013,"Rare good event - unusually low cases to date","Uruguay"
"URY",6,9,0.922137938640059,2.2,0.417702790627669,56.4000000000001,2.2,56.4,0.314546980485845,0.0133168341028603,2026,NA,2026-09-01,NA,NA,NA,NA,NA,NA,NA,NA,4,"2026/2027","Unobserved",0,0,0,0,NA,0,"South America","Uruguay",0.417702790627669,56.4000000000001,12.8464319263593,"Low","Below average - fewer cases than typical at this point",-0.64391924478407,"Extremely Low",1.70671403861013,"Rare good event - unusually low cases to date","Uruguay"
"URY",7,10,0.818860667532324,3.4,0.415217687934838,59.8,3.4,59.8,0.33544764295856,0.0209006624727149,2026,NA,2026-10-01,NA,NA,NA,NA,NA,NA,NA,NA,4,"2026/2027","Unobserved",0,0,0,0,NA,0,"South America","Uruguay",0.415217687934838,59.8,12.6629782371604,"Low","Below average - fewer cases than typical at this point",-0.642148370058485,"Extremely Low",1.70671403861013,"Rare good event - unusually low cases to date","Uruguay"
"URY",8,11,0.685618181277655,6.4,0.411675839799352,66.2,6.4,66.2,0.374722469591465,0.0392748266329052,2026,NA,2026-11-01,NA,NA,NA,NA,NA,NA,NA,NA,4,"2026/2027","Unobserved",0,0,0,0,NA,0,"South America","Uruguay",0.411675839799352,66.2,12.3199837947338,"Low","Below average - fewer cases than typical at this point",-0.639633947022891,"Extremely Low",1.70671403861013,"Rare good event - unusually low cases to date","Uruguay"
"URY",9,12,1.07258429691658,16,0.899359716330096,82.1999999999999,16,82.2,0.460499412888804,0.0857769432973389,2026,NA,2026-12-01,NA,NA,NA,NA,NA,NA,NA,NA,4,"2026/2027","Unobserved",0,0,0,0,NA,0,"South America","Uruguay",0.899359716330096,82.1999999999999,1.70671403861013,"Extremely Low","Rare good event - unusually low cases to date",-0.943199985656214,"Extremely Low",1.70671403861013,"Rare good event - unusually low cases to date","Uruguay"
"USA",11,1,0.616131284362325,31.4,1.27784089145936,723.799999999999,31.4,723.8,0.93823481808197,0.0476524382493009,2025,"PAHO",2025-01-01,78,78,NA,79,NA,FALSE,"no_lookup_match","current_month_missing",3,"2024/2025","Observed",78,78,143,1295,NA,143,"North & Central America","United States Of America",1.27784089145936,723.799999999999,6.49132492318139,"Low","Below average - fewer cases than typical at this point",-1.00770827687939,"High",77.1068082278048,"Above average - more cases than typical at this point","United States Of America"
"USA",12,2,0.477106328604878,29.6666666666667,1.365546850619,753.466666666667,29.6666666666667,753.466666666667,1,0.0617651819180299,2025,"PAHO",2025-02-01,65,65,NA,75,NA,FALSE,"no_lookup_match","current_month_missing",3,"2024/2025","Observed",143,143,143,1295,NA,143,"North & Central America","United States Of America",1.365546850619,753.466666666667,11.3407928520693,"Low","Below average - fewer cases than typical at this point",-0.945927872878463,"High",77.1068082278048,"Above average - more cases than typical at this point","United States Of America"
"USA",1,3,0.680173023719839,39,0.680173023719839,39,39,39,0.0473074574400276,0.0473074574400276,2025,"PAHO",2025-03-01,71,71,NA,70,NA,FALSE,"no_lookup_match","current_month_missing",3,"2025/2026","Observed",71,214,1064,1295,NA,1064,"North & Central America","United States Of America",0.680173023719839,39,82.6975335453094,"High","Above average - more cases than typical at this point",0.67087343921948,"High",77.1068082278048,"Above average - more cases than typical at this point","United States Of America"
"USA",2,4,0.630864721080939,29.5333333333333,0.639722894304417,68.5333333333333,29.5333333333333,68.5333333333333,0.0811389197465922,0.0338314623065647,2025,"PAHO",2025-04-01,62,62,NA,66,NA,FALSE,"no_lookup_match","current_month_missing",3,"2025/2026","Observed",133,276,1064,1295,NA,1064,"North & Central America","United States Of America",0.639722894304417,68.5333333333333,84.0811519160233,"High","Above average - more cases than typical at this point",0.748879171610444,"High",77.1068082278048,"Above average - more cases than typical at this point","United States Of America"
"USA",3,5,0.848403901069728,30,0.691284832250521,98.5333333333334,30,98.5333333333333,0.120111990667998,0.0389730709214062,2025,"PAHO",2025-05-01,46,46,NA,62,NA,FALSE,"no_lookup_match","current_month_missing",3,"2025/2026","Observed",179,322,1064,1295,NA,1064,"North & Central America","United States Of America",0.691284832250521,98.5333333333334,82.6290600613451,"High","Above average - more cases than typical at this point",0.676617489382773,"High",77.1068082278048,"Above average - more cases than typical at this point","United States Of America"
"USA",4,6,0.56164593240154,35.7333333333334,0.664240403839497,134.266666666667,35.7333333333333,134.266666666667,0.161449633752842,0.0413376430848438,2025,"PAHO",2025-06-01,79,79,NA,57,NA,FALSE,"no_lookup_match","current_month_missing",3,"2025/2026","Observed",258,401,1064,1295,NA,1064,"North & Central America","United States Of America",0.664240403839497,134.266666666667,83.917492714372,"High","Above average - more cases than typical at this point",0.749220296152756,"High",77.1068082278048,"Above average - more cases than typical at this point","United States Of America"
"USA",5,7,0.92478242588781,70.0666666666665,0.721212095682681,204.333333333333,70.0666666666667,204.333333333333,0.259839213940869,0.098389580188027,2025,"PAHO",2025-07-01,79,79,NA,53,NA,FALSE,"no_lookup_match","current_month_missing",3,"2025/2026","Observed",337,480,1064,1295,NA,1064,"North & Central America","United States Of America",0.721212095682681,204.333333333333,80.1411167712472,"High","Above average - more cases than typical at this point",0.550413412171192,"High",77.1068082278048,"Above average - more cases than typical at this point","United States Of America"
"USA",6,8,0.756036035804906,89.3999999999999,0.707800793826673,293.733333333333,89.4,293.733333333333,0.369436441336158,0.109597227395289,2025,"PAHO",2025-08-01,120,120,NA,49,NA,FALSE,"no_lookup_match","current_month_missing",3,"2025/2026","Observed",457,600,1064,1295,NA,1064,"North & Central America","United States Of America",0.707800793826673,293.733333333333,78.5235283440734,"High","Above average - more cases than typical at this point",0.467064856686269,"High",77.1068082278048,"Above average - more cases than typical at this point","United States Of America"
"USA",7,9,0.618510127580289,116.133333333333,0.670340414018785,409.866666666666,116.133333333333,409.866666666667,0.493738859361579,0.124302418025421,2025,"PAHO",2025-09-01,213,213,NA,44,NA,FALSE,"no_lookup_match","current_month_missing",3,"2025/2026","Observed",670,813,1064,1295,NA,1064,"North & Central America","United States Of America",0.670340414018785,409.866666666666,79.8323806972046,"High","Above average - more cases than typical at this point",0.51921382978428,"High",77.1068082278048,"Above average - more cases than typical at this point","United States Of America"
"USA",8,10,0.728998966444021,109.4,0.675455182220643,519.266666666667,109.4,519.266666666667,0.629834506608855,0.136095647247276,2025,"PAHO",2025-10-01,133,133,NA,40,NA,FALSE,"no_lookup_match","current_month_missing",3,"2025/2026","Observed",803,946,1064,1295,NA,1064,"North & Central America","United States Of America",0.675455182220643,519.266666666667,78.34964727474,"High","Above average - more cases than typical at this point",0.448782491975228,"High",77.1068082278048,"Above average - more cases than typical at this point","United States Of America"
"USA",9,11,0.88688753507418,88.0666666666666,0.686887555590331,607.333333333333,88.0666666666667,607.333333333333,0.75050369217831,0.120669185569455,2025,"PAHO",2025-11-01,132,132,NA,36,NA,FALSE,"no_lookup_match","current_month_missing",3,"2025/2026","Observed",935,1078,1064,1295,NA,1064,"North & Central America","United States Of America",0.686887555590331,607.333333333333,78.2239170712226,"High","Above average - more cases than typical at this point",0.446891934810544,"High",77.1068082278048,"Above average - more cases than typical at this point","United States Of America"
"USA",10,12,1.39273907737728,85.0666666666666,1.23579252907906,692.399999999998,85.0666666666667,692.4,0.890582379832669,0.14007868765436,2025,"PAHO",2025-12-01,75,75,NA,31,NA,FALSE,"no_lookup_match","current_month_missing",3,"2025/2026","Observed",1010,1153,1064,1295,NA,1064,"North & Central America","United States Of America",1.23579252907906,692.399999999998,77.1068082278048,"High","Above average - more cases than typical at this point",0.509458718968554,"High",77.1068082278048,"Above average - more cases than typical at this point","United States Of America"
"USA",11,1,0.616131284362325,31.4,1.27784089145936,723.799999999999,31.4,723.8,0.93823481808197,0.0476524382493009,2026,"PAHO",2026-01-01,27,27,NA,27,NA,FALSE,"no_lookup_match","current_month_missing",3,"2025/2026","Observed",1037,27,1064,704,NA,1064,"North & Central America","United States Of America",1.27784089145936,723.799999999999,76.4967317596227,"High","Above average - more cases than typical at this point",0.488718229047115,"Low",12.8947234355367,"Below average - fewer cases than typical at this point","United States Of America"
"USA",12,2,0.477106328604878,29.6666666666667,1.365546850619,753.466666666667,29.6666666666667,753.466666666667,1,0.0617651819180299,2026,"PAHO",2026-02-01,27,27,NA,23,NA,FALSE,"no_lookup_match","current_month_missing",3,"2025/2026","Observed",1064,54,1064,704,NA,1064,"North & Central America","United States Of America",1.365546850619,753.466666666667,76.0721924429973,"High","Above average - more cases than typical at this point",0.481176371286216,"Low",12.8947234355367,"Below average - fewer cases than typical at this point","United States Of America"
"USA",1,3,0.680173023719839,39,0.680173023719839,39,39,39,0.0473074574400276,0.0473074574400276,2026,"PAHO",2026-03-01,37,37,NA,18,NA,FALSE,"no_lookup_match","current_month_missing",3,"2026/2027","Observed",37,91,496,704,NA,496,"North & Central America","United States Of America",0.680173023719839,39,64.733594833836,"Normal","Average - typical case load at this point",-0.0419295899512174,"Low",12.8947234355367,"Below average - fewer cases than typical at this point","United States Of America"
"USA",2,4,0.630864721080939,29.5333333333333,0.639722894304417,68.5333333333333,29.5333333333333,68.5333333333333,0.0811389197465922,0.0338314623065647,2026,"PAHO",2026-04-01,16,16,NA,14,NA,FALSE,"no_lookup_match","current_month_missing",3,"2026/2027","Observed",53,107,496,704,NA,496,"North & Central America","United States Of America",0.639722894304417,68.5333333333333,59.4218858871189,"Normal","Average - typical case load at this point",-0.180443481887522,"Low",12.8947234355367,"Below average - fewer cases than typical at this point","United States Of America"
"USA",3,5,0.848403901069728,30,0.691284832250521,98.5333333333334,30,98.5333333333333,0.120111990667998,0.0389730709214062,2026,"PAHO",2026-05-01,22,22,NA,10,NA,FALSE,"no_lookup_match","current_month_missing",3,"2026/2027","Observed",75,129,496,704,NA,496,"North & Central America","United States Of America",0.691284832250521,98.5333333333334,57.9662505864837,"Normal","Average - typical case load at this point",-0.197883988195625,"Low",12.8947234355367,"Below average - fewer cases than typical at this point","United States Of America"
"USA",4,6,0.56164593240154,35.7333333333334,0.664240403839497,134.266666666667,35.7333333333333,134.266666666667,0.161449633752842,0.0413376430848438,2026,"PAHO",2026-06-01,44,44,NA,5,NA,FALSE,"no_lookup_match","current_month_missing",3,"2026/2027","Observed",119,173,496,704,NA,496,"North & Central America","United States Of America",0.664240403839497,134.266666666667,62.6970013685611,"Normal","Average - typical case load at this point",-0.0924415128335019,"Low",12.8947234355367,"Below average - fewer cases than typical at this point","United States Of America"
"USA",5,7,0.92478242588781,70.0666666666665,0.721212095682681,204.333333333333,70.0666666666667,204.333333333333,0.259839213940869,0.098389580188027,2026,"PAHO",2026-07-01,10,10,NA,4,NA,FALSE,"no_lookup_match","current_month_missing",3,"2026/2027","Observed",129,183,496,704,NA,496,"North & Central America","United States Of America",0.721212095682681,204.333333333333,51.9345566790894,"Normal","Average - typical case load at this point",-0.312546309423843,"Low",12.8947234355367,"Below average - fewer cases than typical at this point","United States Of America"
"USA",6,8,0.756036035804906,89.3999999999999,0.707800793826673,293.733333333333,89.4,293.733333333333,0.369436441336158,0.109597227395289,2026,NA,2026-08-01,NA,NA,NA,NA,NA,NA,NA,NA,3,"2026/2027","Unobserved",129,183,496,704,NA,496,"North & Central America","United States Of America",0.707800793826673,293.733333333333,42.5601007142621,"Normal","Average - typical case load at this point",-0.471260621017465,"Low",12.8947234355367,"Below average - fewer cases than typical at this point","United States Of America"
"USA",7,9,0.618510127580289,116.133333333333,0.670340414018785,409.866666666666,116.133333333333,409.866666666667,0.493738859361579,0.124302418025421,2026,NA,2026-09-01,NA,NA,NA,NA,NA,NA,NA,NA,3,"2026/2027","Unobserved",129,183,496,704,NA,496,"North & Central America","United States Of America",0.670340414018785,409.866666666666,36.0320289834205,"Normal","Average - typical case load at this point",-0.560596582491326,"Low",12.8947234355367,"Below average - fewer cases than typical at this point","United States Of America"
"USA",8,10,0.728998966444021,109.4,0.675455182220643,519.266666666667,109.4,519.266666666667,0.629834506608855,0.136095647247276,2026,NA,2026-10-01,NA,NA,NA,NA,NA,NA,NA,NA,3,"2026/2027","Unobserved",129,183,496,704,NA,496,"North & Central America","United States Of America",0.675455182220643,519.266666666667,31.1044195343072,"Normal","Average - typical case load at this point",-0.617286820494122,"Low",12.8947234355367,"Below average - fewer cases than typical at this point","United States Of America"
"USA",9,11,0.88688753507418,88.0666666666666,0.686887555590331,607.333333333333,88.0666666666667,607.333333333333,0.75050369217831,0.120669185569455,2026,NA,2026-11-01,NA,NA,NA,NA,NA,NA,NA,NA,3,"2026/2027","Unobserved",129,183,496,704,NA,496,"North & Central America","United States Of America",0.686887555590331,607.333333333333,27.8484480737479,"Normal","Average - typical case load at this point",-0.652380393136448,"Low",12.8947234355367,"Below average - fewer cases than typical at this point","United States Of America"
"USA",10,12,1.39273907737728,85.0666666666666,1.23579252907906,692.399999999998,85.0666666666667,692.4,0.890582379832669,0.14007868765436,2026,NA,2026-12-01,NA,NA,NA,NA,NA,NA,NA,NA,3,"2026/2027","Unobserved",129,183,496,704,NA,496,"North & Central America","United States Of America",1.23579252907906,692.399999999998,12.8947234355367,"Low","Below average - fewer cases than typical at this point",-0.9037438358529,"Low",12.8947234355367,"Below average - fewer cases than typical at this point","United States Of America"
"VCT",10,1,0.390499541260215,58.909090909091,1.16604984756516,269.272727272727,58.9090909090909,269.272727272727,0.883567919395684,0.196160496580249,2025,"WHO",2025-01-01,0,0,NA,18,NA,FALSE,"no_lookup_match",NA,4,"2024/2025","Observed",0,0,2,12,NA,2,"Caribbean","Saint Vincent And The Grenadines",1.16604984756516,269.272727272727,0.174534722336799,"Extremely Low","Rare good event - unusually low cases to date",-1.07750739898561,"Low",9.39485228921366,"Below average - fewer cases than typical at this point","Saint Vincent And The Grenadines"
"VCT",11,2,0.42034904215891,21.6363636363636,1.18851530418525,290.90909090909,21.6363636363636,290.909090909091,0.953118040698411,0.0695501213027267,2025,"PAHO",2025-02-01,2,2,NA,75,NA,FALSE,"no_lookup_match","current_month_missing",4,"2024/2025","Observed",2,2,2,12,NA,2,"Caribbean","Saint Vincent And The Grenadines",1.18851530418525,290.90909090909,0.500741735334551,"Extremely Low","Rare good event - unusually low cases to date",-1.08049049652407,"Low",9.39485228921366,"Below average - fewer cases than typical at this point","Saint Vincent And The Grenadines"
"VCT",12,3,0.370249541668507,14.7272727272727,1.18934528211858,305.636363636364,14.7272727272727,305.636363636364,1,0.0468819593015894,2025,"WHO",2025-03-01,0,0,NA,16,NA,FALSE,"no_lookup_match",NA,4,"2024/2025","Observed",2,2,2,12,NA,2,"Caribbean","Saint Vincent And The Grenadines",1.18934528211858,305.636363636364,0.470922601432746,"Extremely Low","Rare good event - unusually low cases to date",-1.0813327924772,"Low",9.39485228921366,"Below average - fewer cases than typical at this point","Saint Vincent And The Grenadines"
"VCT",1,4,0.641227945051362,15.8181818181818,0.641227945051362,15.8181818181818,15.8181818181818,15.8181818181818,0.0511055841935099,0.0511055841935099,2025,"PAHO",2025-04-01,1,1,NA,66,NA,FALSE,"no_lookup_match","current_month_missing",4,"2025/2026","Observed",1,3,8,12,NA,8,"Caribbean","Saint Vincent And The Grenadines",0.641227945051362,15.8181818181818,20.1725069642119,"Low","Below average - fewer cases than typical at this point",-0.735386629560315,"Low",9.39485228921366,"Below average - fewer cases than typical at this point","Saint Vincent And The Grenadines"
"VCT",2,5,0.794852426950799,21.5454545454546,0.725971165750233,37.3636363636364,21.5454545454545,37.3636363636364,0.124785528665567,0.0736799444720576,2025,"WHO",2025-05-01,0,0,NA,14,NA,FALSE,"no_lookup_match",NA,4,"2025/2026","Observed",1,3,8,12,NA,8,"Caribbean","Saint Vincent And The Grenadines",0.725971165750233,37.3636363636364,9.65938352832554,"Low","Below average - fewer cases than typical at this point",-0.82129499221356,"Low",9.39485228921366,"Below average - fewer cases than typical at this point","Saint Vincent And The Grenadines"
"VCT",3,6,0.617838660952152,22.5454545454546,0.688517003301232,59.909090909091,22.5454545454545,59.9090909090909,0.191268360210275,0.0664828315447076,2025,"PAHO",2025-06-01,2,2,NA,57,NA,FALSE,"no_lookup_match","current_month_missing",4,"2025/2026","Observed",3,5,8,12,NA,8,"Caribbean","Saint Vincent And The Grenadines",0.688517003301232,59.909090909091,12.6134597501894,"Low","Below average - fewer cases than typical at this point",-0.783727124670096,"Low",9.39485228921366,"Below average - fewer cases than typical at this point","Saint Vincent And The Grenadines"
"VCT",4,7,0.508553165056184,13.9090909090909,0.669343584173043,73.8181818181818,13.9090909090909,73.8181818181818,0.238021543725182,0.0467531835149069,2025,"WHO",2025-07-01,0,0,0,12,1,TRUE,"applied_mean",NA,4,"2025/2026","Observed",3,5,8,12,NA,8,"Caribbean","Saint Vincent And The Grenadines",0.669343584173043,73.8181818181818,11.5060508776448,"Low","Below average - fewer cases than typical at this point",-0.781350473486251,"Low",9.39485228921366,"Below average - fewer cases than typical at this point","Saint Vincent And The Grenadines"
"VCT",5,8,0.481022497668337,18.6363636363636,0.647455201989519,92.4545454545454,18.6363636363636,92.4545454545455,0.299248151349766,0.061226607624584,2025,"WHO",2025-08-01,0,0,0,11,1,TRUE,"applied_mean",NA,4,"2025/2026","Observed",3,5,8,12,NA,8,"Caribbean","Saint Vincent And The Grenadines",0.647455201989519,92.4545454545454,10.5408332081274,"Low","Below average - fewer cases than typical at this point",-0.775824758465718,"Low",9.39485228921366,"Below average - fewer cases than typical at this point","Saint Vincent And The Grenadines"
"VCT",6,9,0.663793468775953,17.9090909090909,0.649282303558168,110.363636363636,17.9090909090909,110.363636363636,0.367424382281285,0.0681762309315188,2025,"WHO",2025-09-01,0,0,0,10,1,TRUE,"applied_mean",NA,4,"2025/2026","Observed",3,5,8,12,NA,8,"Caribbean","Saint Vincent And The Grenadines",0.649282303558168,110.363636363636,9.36853628093414,"Low","Below average - fewer cases than typical at this point",-0.781581433730402,"Low",9.39485228921366,"Below average - fewer cases than typical at this point","Saint Vincent And The Grenadines"
"VCT",7,10,0.611911946678092,26.7272727272727,0.685916482711123,137.090909090909,26.7272727272727,137.090909090909,0.456703458483829,0.0892790762025447,2025,"PAHO",2025-10-01,1,1,1,40,1,TRUE,"applied_mean","not_missing",4,"2025/2026","Observed",4,6,8,12,NA,8,"Caribbean","Saint Vincent And The Grenadines",0.685916482711123,137.090909090909,8.51021474195897,"Low","Below average - fewer cases than typical at this point",-0.802031814303175,"Low",9.39485228921366,"Below average - fewer cases than typical at this point","Saint Vincent And The Grenadines"
"VCT",8,11,0.44787504835964,23,0.662764130677089,160.090909090909,23,160.090909090909,0.528924344639231,0.0722208861554018,2025,"WHO",2025-11-01,0,0,0,8,1,TRUE,"applied_mean",NA,4,"2025/2026","Observed",4,6,8,12,NA,8,"Caribbean","Saint Vincent And The Grenadines",0.662764130677089,160.090909090909,8.22224138421872,"Low","Below average - fewer cases than typical at this point",-0.792124270071163,"Low",9.39485228921366,"Below average - fewer cases than typical at this point","Saint Vincent And The Grenadines"
"VCT",9,12,0.495826572374646,50.2727272727273,0.634363855708824,210.363636363636,50.2727272727273,210.363636363636,0.687407422815435,0.158483078176204,2025,"PAHO",2025-12-01,2,2,2,32,1,TRUE,"applied_mean","not_missing",4,"2025/2026","Observed",6,8,8,12,NA,8,"Caribbean","Saint Vincent And The Grenadines",0.634363855708824,210.363636363636,9.39485228921366,"Low","Below average - fewer cases than typical at this point",-0.772588665622208,"Low",9.39485228921366,"Below average - fewer cases than typical at this point","Saint Vincent And The Grenadines"
"VCT",10,1,0.390499541260215,58.909090909091,1.16604984756516,269.272727272727,58.9090909090909,269.272727272727,0.883567919395684,0.196160496580249,2026,"PAHO",2026-01-01,1,1,1,27,1,TRUE,"applied_mean","not_missing",4,"2025/2026","Observed",7,1,8,16,NA,8,"Caribbean","Saint Vincent And The Grenadines",1.16604984756516,269.272727272727,1.81454721690655,"Extremely Low","Rare good event - unusually low cases to date",-1.04949657193568,"Extremely Low",4.10217450965002,"Rare good event - unusually low cases to date","Saint Vincent And The Grenadines"
"VCT",11,2,0.42034904215891,21.6363636363636,1.18851530418525,290.90909090909,21.6363636363636,290.909090909091,0.953118040698411,0.0695501213027267,2026,"PAHO",2026-02-01,1,1,1,23,1,TRUE,"applied_mean","not_missing",4,"2025/2026","Observed",8,2,8,16,NA,8,"Caribbean","Saint Vincent And The Grenadines",1.18851530418525,290.90909090909,1.78300891324723,"Extremely Low","Rare good event - unusually low cases to date",-1.05805110924572,"Extremely Low",4.10217450965002,"Rare good event - unusually low cases to date","Saint Vincent And The Grenadines"
"VCT",12,3,0.370249541668507,14.7272727272727,1.18934528211858,305.636363636364,14.7272727272727,305.636363636364,1,0.0468819593015894,2026,"WHO",2026-03-01,0,0,0,4,1,TRUE,"applied_mean",NA,4,"2025/2026","Observed",8,2,8,16,NA,8,"Caribbean","Saint Vincent And The Grenadines",1.18934528211858,305.636363636364,1.67921532131491,"Extremely Low","Rare good event - unusually low cases to date",-1.05996513849412,"Extremely Low",4.10217450965002,"Rare good event - unusually low cases to date","Saint Vincent And The Grenadines"
"VCT",1,4,0.641227945051362,15.8181818181818,0.641227945051362,15.8181818181818,15.8181818181818,15.8181818181818,0.0511055841935099,0.0511055841935099,2026,"PAHO",2026-04-01,1,1,1,14,1,TRUE,"applied_mean","not_missing",4,"2026/2027","Observed",1,3,5,16,NA,4,"Caribbean","Saint Vincent And The Grenadines",0.641227945051362,15.8181818181818,20.1725069642119,"Low","Below average - fewer cases than typical at this point",-0.735386629560315,"Extremely Low",4.10217450965002,"Rare good event - unusually low cases to date","Saint Vincent And The Grenadines"
"VCT",2,5,0.794852426950799,21.5454545454546,0.725971165750233,37.3636363636364,21.5454545454545,37.3636363636364,0.124785528665567,0.0736799444720576,2026,"WHO",2026-05-01,0,0,NA,2,NA,FALSE,"insufficient_n_rf",NA,4,"2026/2027","Observed",1,3,5,16,NA,4,"Caribbean","Saint Vincent And The Grenadines",0.725971165750233,37.3636363636364,9.65938352832554,"Low","Below average - fewer cases than typical at this point",-0.82129499221356,"Extremely Low",4.10217450965002,"Rare good event - unusually low cases to date","Saint Vincent And The Grenadines"
"VCT",3,6,0.617838660952152,22.5454545454546,0.688517003301232,59.909090909091,22.5454545454545,59.9090909090909,0.191268360210275,0.0664828315447076,2026,"WHO",2026-06-01,0,0,NA,1,NA,FALSE,"no_lookup_match",NA,4,"2026/2027","Observed",1,3,5,16,NA,4,"Caribbean","Saint Vincent And The Grenadines",0.688517003301232,59.909090909091,7.70263353572813,"Low","Below average - fewer cases than typical at this point",-0.811270250457223,"Extremely Low",4.10217450965002,"Rare good event - unusually low cases to date","Saint Vincent And The Grenadines"
"VCT",4,7,0.508553165056184,13.9090909090909,0.669343584173043,73.8181818181818,13.9090909090909,73.8181818181818,0.238021543725182,0.0467531835149069,2026,"Estimates",2026-07-01,0,0,NA,1,NA,FALSE,"no_lookup_match","current_month_missing",4,"2026/2027","Unobserved",1,3,5,16,0.374025468119255,4,"Caribbean","Saint Vincent And The Grenadines",0.669343584173043,73.8181818181818,7.09921555252267,"Low","Below average - fewer cases than typical at this point",-0.80341685399549,"Extremely Low",4.10217450965002,"Rare good event - unusually low cases to date","Saint Vincent And The Grenadines"
"VCT",5,8,0.481022497668337,18.6363636363636,0.647455201989519,92.4545454545454,18.6363636363636,92.4545454545455,0.299248151349766,0.061226607624584,2026,NA,2026-08-01,NA,NA,NA,NA,NA,NA,NA,NA,4,"2026/2027","Unobserved",1,3,5,16,NA,4,"Caribbean","Saint Vincent And The Grenadines",0.647455201989519,92.4545454545454,6.5853527125497,"Low","Below average - fewer cases than typical at this point",-0.79317043395987,"Extremely Low",4.10217450965002,"Rare good event - unusually low cases to date","Saint Vincent And The Grenadines"
"VCT",6,9,0.663793468775953,17.9090909090909,0.649282303558168,110.363636363636,17.9090909090909,110.363636363636,0.367424382281285,0.0681762309315188,2026,NA,2026-09-01,NA,NA,NA,NA,NA,NA,NA,NA,4,"2026/2027","Unobserved",1,3,5,16,NA,4,"Caribbean","Saint Vincent And The Grenadines",0.649282303558168,110.363636363636,5.84097688967305,"Low","Below average - fewer cases than typical at this point",-0.796140952394304,"Extremely Low",4.10217450965002,"Rare good event - unusually low cases to date","Saint Vincent And The Grenadines"
"VCT",7,10,0.611911946678092,26.7272727272727,0.685916482711123,137.090909090909,26.7272727272727,137.090909090909,0.456703458483829,0.0892790762025447,2026,NA,2026-10-01,NA,NA,NA,NA,NA,NA,NA,NA,4,"2026/2027","Unobserved",1,3,5,16,NA,4,"Caribbean","Saint Vincent And The Grenadines",0.685916482711123,137.090909090909,4.42950352948829,"Extremely Low","Rare good event - unusually low cases to date",-0.82011040028132,"Extremely Low",4.10217450965002,"Rare good event - unusually low cases to date","Saint Vincent And The Grenadines"
"VCT",8,11,0.44787504835964,23,0.662764130677089,160.090909090909,23,160.090909090909,0.528924344639231,0.0722208861554018,2026,NA,2026-11-01,NA,NA,NA,NA,NA,NA,NA,NA,4,"2026/2027","Unobserved",1,3,5,16,NA,4,"Caribbean","Saint Vincent And The Grenadines",0.662764130677089,160.090909090909,4.3606899012809,"Extremely Low","Rare good event - unusually low cases to date",-0.807348557148827,"Extremely Low",4.10217450965002,"Rare good event - unusually low cases to date","Saint Vincent And The Grenadines"
"VCT",9,12,0.495826572374646,50.2727272727273,0.634363855708824,210.363636363636,50.2727272727273,210.363636363636,0.687407422815435,0.158483078176204,2026,NA,2026-12-01,NA,NA,NA,NA,NA,NA,NA,NA,4,"2026/2027","Unobserved",1,3,5,16,NA,4,"Caribbean","Saint Vincent And The Grenadines",0.634363855708824,210.363636363636,4.10217450965002,"Extremely Low","Rare good event - unusually low cases to date",-0.791490968384317,"Extremely Low",4.10217450965002,"Rare good event - unusually low cases to date","Saint Vincent And The Grenadines"
"VEN",10,1,1.0464606207377,4011.35714285715,1.15664397378371,28580.8571428571,4011.35714285714,28580.8571428571,0.844986800857872,0.12404231487771,2025,"PAHO",2025-01-01,6008,6008,NA,79,NA,FALSE,"no_lookup_match","current_month_missing",4,"2024/2025","Observed",6008,6008,15279,57563,NA,15279,"South America","Venezuela",1.15664397378371,28580.8571428571,15.9226208232453,"Low","Below average - fewer cases than typical at this point",-0.849380616844513,"Normal",65.0600436718023,"Average - typical case load at this point","Venezuela"
"VEN",11,2,1.16056266954217,2661.92857142858,1.17670516643818,31242.7857142857,2661.92857142857,31242.7857142857,0.930057632350649,0.0850708314927777,2025,"PAHO",2025-02-01,4840,4840,NA,75,NA,FALSE,"no_lookup_match","current_month_missing",4,"2024/2025","Observed",10848,10848,15279,57563,NA,15279,"South America","Venezuela",1.17670516643818,31242.7857142857,25.8743094722266,"Normal","Average - typical case load at this point",-0.708100740068027,"Normal",65.0600436718023,"Average - typical case load at this point","Venezuela"
"VEN",12,3,1.31265534932877,1951.21428571429,1.20581929959743,33194.0000000001,1951.21428571429,33194,1,0.0699423676493507,2025,"PAHO",2025-03-01,4431,4431,NA,70,NA,FALSE,"no_lookup_match","current_month_missing",4,"2024/2025","Observed",15279,15279,15279,57563,NA,15279,"South America","Venezuela",1.20581929959743,33194.0000000001,33.2402309925602,"Normal","Average - typical case load at this point",-0.592639303311864,"Normal",65.0600436718023,"Average - typical case load at this point","Venezuela"
"VEN",1,4,1.15599802906129,1899.42857142856,1.15599802906129,1899.42857142856,1899.42857142857,1899.42857142857,0.0671448284228732,0.0671448284228732,2025,"PAHO",2025-04-01,2355,2355,NA,66,NA,FALSE,"no_lookup_match","current_month_missing",4,"2025/2026","Observed",2355,17634,31383,57563,NA,31383,"South America","Venezuela",1.15599802906129,1899.42857142856,70.8333693572213,"Normal","Average - typical case load at this point",0.257798237187437,"Normal",65.0600436718023,"Average - typical case load at this point","Venezuela"
"VEN",2,5,1.19145093313186,2634.78571428571,1.18939100120965,4534.2142857143,2634.78571428571,4534.21428571429,0.156494624075994,0.0893497956531208,2025,"PAHO",2025-05-01,3201,3201,NA,62,NA,FALSE,"no_lookup_match","current_month_missing",4,"2025/2026","Observed",5556,20835,31383,57563,NA,31383,"South America","Venezuela",1.18939100120965,4534.2142857143,70.3317774178049,"Normal","Average - typical case load at this point",0.245732815301101,"Normal",65.0600436718023,"Average - typical case load at this point","Venezuela"
"VEN",3,6,0.62830854876696,2356.5,1.20151612284625,6890.71428571429,2356.5,6890.71428571429,0.225087335528497,0.0685927114525031,2025,"PAHO",2025-06-01,5379,5379,NA,57,NA,FALSE,"no_lookup_match","current_month_missing",4,"2025/2026","Observed",10935,26214,31383,57563,NA,31383,"South America","Venezuela",1.20151612284625,6890.71428571429,80.0826970031481,"High","Above average - more cases than typical at this point",0.643286633954352,"Normal",65.0600436718023,"Average - typical case load at this point","Venezuela"
"VEN",4,7,0.674916217220323,2445,1.24227550520951,9335.7142857143,2445,9335.71428571429,0.299858576039989,0.0747712405114915,2025,"PAHO",2025-07-01,3409,3409,NA,53,NA,FALSE,"no_lookup_match","current_month_missing",4,"2025/2026","Observed",14344,29623,31383,57563,NA,31383,"South America","Venezuela",1.24227550520951,9335.7142857143,79.0359292647706,"High","Above average - more cases than typical at this point",0.597890444514582,"Normal",65.0600436718023,"Average - typical case load at this point","Venezuela"
"VEN",5,8,0.653212852504982,2515.14285714285,1.24012069096931,11850.8571428572,2515.14285714286,11850.8571428571,0.373633050825707,0.0737744747857181,2025,"PAHO",2025-08-01,2914,2914,NA,49,NA,FALSE,"no_lookup_match","current_month_missing",4,"2025/2026","Observed",17258,32537,31383,57563,NA,31383,"South America","Venezuela",1.24012069096931,11850.8571428572,77.0444438599206,"High","Above average - more cases than typical at this point",0.508074426661174,"Normal",65.0600436718023,"Average - typical case load at this point","Venezuela"
"VEN",6,9,0.610298064095974,2893.92857142857,1.2252704790564,14744.7857142857,2893.92857142857,14744.7857142857,0.457233183331532,0.0836001325058255,2025,"PAHO",2025-09-01,2793,2793,NA,44,NA,FALSE,"no_lookup_match","current_month_missing",4,"2025/2026","Observed",20051,35330,31383,57563,NA,31383,"South America","Venezuela",1.2252704790564,14744.7857142857,74.4080239308721,"Normal","Average - typical case load at this point",0.398331140998091,"Normal",65.0600436718023,"Average - typical case load at this point","Venezuela"
"VEN",7,10,0.588857685778682,3490.78571428571,1.18426776964973,18235.5714285715,3490.78571428571,18235.5714285714,0.552756619199033,0.0955234358675012,2025,"PAHO",2025-10-01,2154,2154,NA,40,NA,FALSE,"no_lookup_match","current_month_missing",4,"2025/2026","Observed",22205,37484,31383,57563,NA,31383,"South America","Venezuela",1.18426776964973,18235.5714285715,70.0875301009466,"Normal","Average - typical case load at this point",0.236875131151,"Normal",65.0600436718023,"Average - typical case load at this point","Venezuela"
"VEN",8,11,0.580534152838245,3434.07142857144,1.15730425530703,21669.6428571429,3434.07142857143,21669.6428571429,0.64746444640833,0.0947078272092965,2025,"PAHO",2025-11-01,2319,2319,NA,36,NA,FALSE,"no_lookup_match","current_month_missing",4,"2025/2026","Observed",24524,39803,31383,57563,NA,31383,"South America","Venezuela",1.15730425530703,21669.6428571429,67.2423077417862,"Normal","Average - typical case load at this point",0.14169963660892,"Normal",65.0600436718023,"Average - typical case load at this point","Venezuela"
"VEN",9,12,0.552190203172232,2899.85714285715,1.11951361849275,24569.5000000001,2899.85714285714,24569.5,0.720944485980162,0.0734800395718321,2025,"PAHO",2025-12-01,1697,1697,NA,31,NA,FALSE,"no_lookup_match","current_month_missing",4,"2025/2026","Observed",26221,41500,31383,57563,NA,31383,"South America","Venezuela",1.11951361849275,24569.5000000001,65.0600436718023,"Normal","Average - typical case load at this point",0.0711192316336911,"Normal",65.0600436718023,"Average - typical case load at this point","Venezuela"
"VEN",10,1,1.0464606207377,4011.35714285715,1.15664397378371,28580.8571428571,4011.35714285714,28580.8571428571,0.844986800857872,0.12404231487771,2026,"PAHO",2026-01-01,2030,2030,NA,27,NA,FALSE,"no_lookup_match","current_month_missing",4,"2025/2026","Observed",28251,2030,31383,37741,NA,31383,"South America","Venezuela",1.15664397378371,28580.8571428571,61.8474735459419,"Normal","Average - typical case load at this point",-0.0124119982551358,"Low",18.2302981406296,"Below average - fewer cases than typical at this point","Venezuela"
"VEN",11,2,1.16056266954217,2661.92857142858,1.17670516643818,31242.7857142857,2661.92857142857,31242.7857142857,0.930057632350649,0.0850708314927777,2026,"PAHO",2026-02-01,1655,1655,NA,23,NA,FALSE,"no_lookup_match","current_month_missing",4,"2025/2026","Observed",29906,3685,31383,37741,NA,31383,"South America","Venezuela",1.17670516643818,31242.7857142857,60.443831681413,"Normal","Average - typical case load at this point",-0.0464127923116656,"Low",18.2302981406296,"Below average - fewer cases than typical at this point","Venezuela"
"VEN",12,3,1.31265534932877,1951.21428571429,1.20581929959743,33194.0000000001,1951.21428571429,33194,1,0.0699423676493507,2026,"PAHO",2026-03-01,1477,1477,NA,18,NA,FALSE,"no_lookup_match","current_month_missing",4,"2025/2026","Observed",31383,5162,31383,37741,NA,31383,"South America","Venezuela",1.20581929959743,33194.0000000001,59.768640164614,"Normal","Average - typical case load at this point",-0.0599090024168478,"Low",18.2302981406296,"Below average - fewer cases than typical at this point","Venezuela"
"VEN",1,4,1.15599802906129,1899.42857142856,1.15599802906129,1899.42857142856,1899.42857142857,1899.42857142857,0.0671448284228732,0.0671448284228732,2026,"PAHO",2026-04-01,962,962,NA,14,NA,FALSE,"no_lookup_match","current_month_missing",4,"2026/2027","Observed",962,6124,14808,37741,NA,18942,"South America","Venezuela",1.15599802906129,1899.42857142856,37.0817490134864,"Normal","Average - typical case load at this point",-0.530471004209444,"Low",18.2302981406296,"Below average - fewer cases than typical at this point","Venezuela"
"VEN",2,5,1.19145093313186,2634.78571428571,1.18939100120965,4534.2142857143,2634.78571428571,4534.21428571429,0.156494624075994,0.0893497956531208,2026,"PAHO",2026-05-01,1026,1026,NA,10,NA,FALSE,"no_lookup_match","current_month_missing",4,"2026/2027","Observed",1988,7150,14808,37741,NA,18942,"South America","Venezuela",1.18939100120965,4534.2142857143,32.0501042058832,"Normal","Average - typical case load at this point",-0.612347966937328,"Low",18.2302981406296,"Below average - fewer cases than typical at this point","Venezuela"
"VEN",3,6,0.62830854876696,2356.5,1.20151612284625,6890.71428571429,2356.5,6890.71428571429,0.225087335528497,0.0685927114525031,2026,"PAHO",2026-06-01,1345,1345,NA,5,NA,FALSE,"no_lookup_match","current_month_missing",4,"2026/2027","Observed",3333,8495,14808,37741,NA,18942,"South America","Venezuela",1.20151612284625,6890.71428571429,34.8658083536823,"Normal","Average - typical case load at this point",-0.565892275944867,"Low",18.2302981406296,"Below average - fewer cases than typical at this point","Venezuela"
"VEN",4,7,0.674916217220323,2445,1.24227550520951,9335.7142857143,2445,9335.71428571429,0.299858576039989,0.0747712405114915,2026,"Estimates",2026-07-01,2347,NA,NA,NA,NA,NA,NA,NA,4,"2026/2027","Unobserved",5680,10842,14808,37741,2346.54584097214,18942,"South America","Venezuela",1.24227550520951,9335.7142857143,42.1087207217415,"Normal","Average - typical case load at this point",-0.436420117380577,"Low",18.2302981406296,"Below average - fewer cases than typical at this point","Venezuela"
"VEN",5,8,0.653212852504982,2515.14285714285,1.24012069096931,11850.8571428572,2515.14285714286,11850.8571428571,0.373633050825707,0.0737744747857181,2026,NA,2026-08-01,NA,NA,NA,NA,NA,NA,NA,NA,4,"2026/2027","Unobserved",5680,10842,14808,37741,NA,18942,"South America","Venezuela",1.24012069096931,11850.8571428572,33.9684250807693,"Normal","Average - typical case load at this point",-0.579835744625005,"Low",18.2302981406296,"Below average - fewer cases than typical at this point","Venezuela"
"VEN",6,9,0.610298064095974,2893.92857142857,1.2252704790564,14744.7857142857,2893.92857142857,14744.7857142857,0.457233183331532,0.0836001325058255,2026,NA,2026-09-01,NA,NA,NA,NA,NA,NA,NA,NA,4,"2026/2027","Unobserved",5680,10842,14808,37741,NA,18942,"South America","Venezuela",1.2252704790564,14744.7857142857,27.7500833499201,"Normal","Average - typical case load at this point",-0.680482589290783,"Low",18.2302981406296,"Below average - fewer cases than typical at this point","Venezuela"
"VEN",7,10,0.588857685778682,3490.78571428571,1.18426776964973,18235.5714285715,3490.78571428571,18235.5714285714,0.552756619199033,0.0955234358675012,2026,NA,2026-10-01,NA,NA,NA,NA,NA,NA,NA,NA,4,"2026/2027","Unobserved",5680,10842,14808,37741,NA,18942,"South America","Venezuela",1.18426776964973,18235.5714285715,23.1300574822407,"Low","Below average - fewer cases than typical at this point",-0.749252083845477,"Low",18.2302981406296,"Below average - fewer cases than typical at this point","Venezuela"
"VEN",8,11,0.580534152838245,3434.07142857144,1.15730425530703,21669.6428571429,3434.07142857143,21669.6428571429,0.64746444640833,0.0947078272092965,2026,NA,2026-11-01,NA,NA,NA,NA,NA,NA,NA,NA,4,"2026/2027","Unobserved",5680,10842,14808,37741,NA,18942,"South America","Venezuela",1.15730425530703,21669.6428571429,19.9152807775105,"Low","Below average - fewer cases than typical at this point",-0.793778237608912,"Low",18.2302981406296,"Below average - fewer cases than typical at this point","Venezuela"
"VEN",9,12,0.552190203172232,2899.85714285715,1.11951361849275,24569.5000000001,2899.85714285714,24569.5,0.720944485980162,0.0734800395718321,2026,NA,2026-12-01,NA,NA,NA,NA,NA,NA,NA,NA,4,"2026/2027","Unobserved",5680,10842,14808,37741,NA,18942,"South America","Venezuela",1.11951361849275,24569.5000000001,18.2302981406296,"Low","Below average - fewer cases than typical at this point",-0.813446397786684,"Low",18.2302981406296,"Below average - fewer cases than typical at this point","Venezuela"
"VGB",10,1,1.13135175308869,18.25,1.2699220220079,150,18.25,150,0.834121746987984,0.170415229559994,2025,"PAHO",2025-01-01,11,11,NA,79,NA,FALSE,"no_lookup_match","current_month_missing",4,"2024/2025","Observed",11,11,21,88,NA,21,"Caribbean","Virgin Islands (Uk)",1.2699220220079,150,4.55645632601438,"Extremely Low","Rare good event - unusually low cases to date",-1.03987564442519,"Normal",29.8440029147696,"Average - typical case load at this point","Virgin Islands (Uk)"
"VGB",11,2,0.914643431350346,8.58333333333332,1.41949347409874,158.583333333333,8.58333333333333,158.583333333333,0.910618011836935,0.0764962648489507,2025,"PAHO",2025-02-01,4,4,NA,75,NA,FALSE,"no_lookup_match","current_month_missing",4,"2024/2025","Observed",15,15,21,88,NA,21,"Caribbean","Virgin Islands (Uk)",1.41949347409874,158.583333333333,4.68694139403986,"Extremely Low","Rare good event - unusually low cases to date",-1.0739353368205,"Normal",29.8440029147696,"Average - typical case load at this point","Virgin Islands (Uk)"
"VGB",12,3,0.995845211696987,10.1666666666667,1.55170432871029,168.75,10.1666666666667,168.75,1,0.0893819881630654,2025,"PAHO",2025-03-01,6,6,NA,70,NA,FALSE,"no_lookup_match","current_month_missing",4,"2024/2025","Observed",21,21,21,88,NA,21,"Caribbean","Virgin Islands (Uk)",1.55170432871029,168.75,5.4372966510457,"Low","Below average - fewer cases than typical at this point",-1.08567687518793,"Normal",29.8440029147696,"Average - typical case load at this point","Virgin Islands (Uk)"
"VGB",1,4,0.451940849060067,6.16666666666667,0.451940849060067,6.16666666666667,6.16666666666667,6.16666666666667,0.0296710062280538,0.0296710062280538,2025,"PAHO",2025-04-01,4,4,NA,66,NA,FALSE,"no_lookup_match","current_month_missing",4,"2025/2026","Observed",4,25,35,88,NA,36,"Caribbean","Virgin Islands (Uk)",0.451940849060067,6.16666666666667,62.3469981568197,"Normal","Average - typical case load at this point",-0.227994489046051,"Normal",29.8440029147696,"Average - typical case load at this point","Virgin Islands (Uk)"
"VGB",2,5,0.655849397400397,16.3333333333333,0.663629945881764,22.5,16.3333333333333,22.5,0.105368001331889,0.0756969951038354,2025,"PAHO",2025-05-01,1,1,NA,62,NA,FALSE,"no_lookup_match","current_month_missing",4,"2025/2026","Observed",5,26,35,88,NA,36,"Caribbean","Virgin Islands (Uk)",0.663629945881764,22.5,31.9555132740628,"Normal","Average - typical case load at this point",-0.624462650509986,"Normal",29.8440029147696,"Average - typical case load at this point","Virgin Islands (Uk)"
"VGB",3,6,0.401157917970503,6.58333333333333,0.639729986081729,29.0833333333333,6.58333333333333,29.0833333333333,0.133994903792406,0.0286269024605171,2025,"PAHO",2025-06-01,1,1,NA,57,NA,FALSE,"no_lookup_match","current_month_missing",4,"2025/2026","Observed",6,27,35,88,NA,36,"Caribbean","Virgin Islands (Uk)",0.639729986081729,29.0833333333333,31.0299103820395,"Normal","Average - typical case load at this point",-0.627954248668963,"Normal",29.8440029147696,"Average - typical case load at this point","Virgin Islands (Uk)"
"VGB",4,7,0.550904487703221,9.83333333333333,0.652901343403373,38.9166666666667,9.83333333333333,38.9166666666667,0.179798459683261,0.0458035558908549,2025,"PAHO",2025-07-01,1,1,NA,53,NA,FALSE,"no_lookup_match","current_month_missing",4,"2025/2026","Observed",7,28,35,88,NA,36,"Caribbean","Virgin Islands (Uk)",0.652901343403373,38.9166666666667,27.8964796675429,"Normal","Average - typical case load at this point",-0.65719286124142,"Normal",29.8440029147696,"Average - typical case load at this point","Virgin Islands (Uk)"
"VGB",5,8,0.610075605020036,23.1666666666667,0.65909705862038,62.0833333333333,23.1666666666667,62.0833333333333,0.29365197061313,0.113853510929868,2025,"WHO",2025-08-01,0,0,0,11,1,TRUE,"applied_mean",NA,4,"2025/2026","Observed",7,28,35,88,NA,36,"Caribbean","Virgin Islands (Uk)",0.65909705862038,62.0833333333333,20.7716905123782,"Low","Below average - fewer cases than typical at this point",-0.716517361642117,"Normal",29.8440029147696,"Average - typical case load at this point","Virgin Islands (Uk)"
"VGB",6,9,0.599742572487239,16.25,0.693378984222482,78.3333333333334,16.25,78.3333333333333,0.380807460102879,0.0871554894897492,2025,"PAHO",2025-09-01,8,8,NA,44,NA,FALSE,"no_lookup_match","current_month_missing",4,"2025/2026","Observed",15,36,35,88,NA,36,"Caribbean","Virgin Islands (Uk)",0.693378984222482,78.3333333333334,26.6051024665929,"Normal","Average - typical case load at this point",-0.670281792330571,"Normal",29.8440029147696,"Average - typical case load at this point","Virgin Islands (Uk)"
"VGB",7,10,0.71998078349389,27.5833333333333,0.697762583996958,105.916666666667,27.5833333333333,105.916666666667,0.522871423284795,0.142063963181916,2025,"WHO",2025-10-01,7,7,7,9,1,TRUE,"applied_mean",NA,4,"2025/2026","Observed",22,43,35,88,NA,36,"Caribbean","Virgin Islands (Uk)",0.697762583996958,105.916666666667,27.5835749765582,"Normal","Average - typical case load at this point",-0.659647495560657,"Normal",29.8440029147696,"Average - typical case load at this point","Virgin Islands (Uk)"
"VGB",8,11,0.608251700030651,14.8333333333333,0.711957191735276,120.75,14.8333333333333,120.75,0.601946324441233,0.0790749011564383,2025,"PAHO",2025-11-01,10,10,NA,36,NA,FALSE,"no_lookup_match","current_month_missing",4,"2025/2026","Observed",32,53,35,88,NA,36,"Caribbean","Virgin Islands (Uk)",0.711957191735276,120.75,31.4728898593542,"Normal","Average - typical case load at this point",-0.618346056239034,"Normal",29.8440029147696,"Average - typical case load at this point","Virgin Islands (Uk)"
"VGB",9,12,0.721026985796383,11,0.727671902514329,131.75,11,131.75,0.66370651742799,0.0617601929867567,2025,"Estimates",2025-12-01,1,NA,NA,NA,NA,NA,NA,"current_month_missing",4,"2025/2026","Unobserved",33,54,35,88,1.29696405272189,36,"Caribbean","Virgin Islands (Uk)",0.727671902514329,131.75,29.8440029147696,"Normal","Average - typical case load at this point",-0.637614598062843,"Normal",29.8440029147696,"Average - typical case load at this point","Virgin Islands (Uk)"
"VGB",10,1,1.13135175308869,18.25,1.2699220220079,150,18.25,150,0.834121746987984,0.170415229559994,2026,"WHO",2026-01-01,0,0,0,6,1,TRUE,"applied_mean",NA,4,"2025/2026","Observed",33,0,35,142,NA,36,"Caribbean","Virgin Islands (Uk)",1.2699220220079,150,15.3192235910912,"Low","Below average - fewer cases than typical at this point",-0.875291010055735,"Low",17.8996702996414,"Below average - fewer cases than typical at this point","Virgin Islands (Uk)"
"VGB",11,2,0.914643431350346,8.58333333333332,1.41949347409874,158.583333333333,8.58333333333333,158.583333333333,0.910618011836935,0.0764962648489507,2026,"WHO",2026-02-01,0,0,0,5,1,TRUE,"applied_mean",NA,4,"2025/2026","Observed",33,0,35,142,NA,36,"Caribbean","Virgin Islands (Uk)",1.41949347409874,158.583333333333,12.3498544891402,"Low","Below average - fewer cases than typical at this point",-0.939303861049617,"Low",17.8996702996414,"Below average - fewer cases than typical at this point","Virgin Islands (Uk)"
"VGB",12,3,0.995845211696987,10.1666666666667,1.55170432871029,168.75,10.1666666666667,168.75,1,0.0893819881630654,2026,"PAHO",2026-03-01,3,3,NA,18,NA,FALSE,"no_lookup_match","current_month_missing",4,"2025/2026","Observed",36,3,35,142,NA,36,"Caribbean","Virgin Islands (Uk)",1.55170432871029,168.75,11.1488120419049,"Low","Below average - fewer cases than typical at this point",-0.975455872630784,"Low",17.8996702996414,"Below average - fewer cases than typical at this point","Virgin Islands (Uk)"
"VGB",1,4,0.451940849060067,6.16666666666667,0.451940849060067,6.16666666666667,6.16666666666667,6.16666666666667,0.0296710062280538,0.0296710062280538,2026,"PAHO",2026-04-01,8,8,NA,14,NA,FALSE,"no_lookup_match","current_month_missing",4,"2026/2027","Observed",8,11,114,142,NA,83,"Caribbean","Virgin Islands (Uk)",0.451940849060067,6.16666666666667,76.1302083558757,"High","Above average - more cases than typical at this point",0.192918413808197,"Low",17.8996702996414,"Below average - fewer cases than typical at this point","Virgin Islands (Uk)"
"VGB",2,5,0.655849397400397,16.3333333333333,0.663629945881764,22.5,16.3333333333333,22.5,0.105368001331889,0.0756969951038354,2026,"PAHO",2026-05-01,4,4,NA,12,NA,FALSE,"no_lookup_match","current_month_missing",4,"2026/2027","Observed",12,15,114,142,NA,83,"Caribbean","Virgin Islands (Uk)",0.663629945881764,22.5,49.9508806673735,"Normal","Average - typical case load at this point",-0.374677590305991,"Low",17.8996702996414,"Below average - fewer cases than typical at this point","Virgin Islands (Uk)"
"VGB",3,6,0.401157917970503,6.58333333333333,0.639729986081729,29.0833333333333,6.58333333333333,29.0833333333333,0.133994903792406,0.0286269024605171,2026,"Estimates",2026-06-01,1,NA,NA,1,NA,FALSE,"no_lookup_match",NA,4,"2026/2027","Unobserved",13,16,114,142,1.0019415861181,83,"Caribbean","Virgin Islands (Uk)",0.639729986081729,29.0833333333333,46.0686226449932,"Normal","Average - typical case load at this point",-0.437527689505811,"Low",17.8996702996414,"Below average - fewer cases than typical at this point","Virgin Islands (Uk)"
"VGB",4,7,0.550904487703221,9.83333333333333,0.652901343403373,38.9166666666667,9.83333333333333,38.9166666666667,0.179798459683261,0.0458035558908549,2026,"Estimates",2026-07-01,2,NA,NA,NA,NA,NA,NA,NA,4,"2026/2027","Unobserved",15,18,114,142,1.60312445617992,83,"Caribbean","Virgin Islands (Uk)",0.652901343403373,38.9166666666667,42.0062594101237,"Normal","Average - typical case load at this point",-0.492465668867592,"Low",17.8996702996414,"Below average - fewer cases than typical at this point","Virgin Islands (Uk)"
"VGB",5,8,0.610075605020036,23.1666666666667,0.65909705862038,62.0833333333333,23.1666666666667,62.0833333333333,0.29365197061313,0.113853510929868,2026,NA,2026-08-01,NA,NA,NA,NA,NA,NA,NA,NA,4,"2026/2027","Unobserved",15,18,114,142,NA,83,"Caribbean","Virgin Islands (Uk)",0.65909705862038,62.0833333333333,31.9690521009141,"Normal","Average - typical case load at this point",-0.61245432576066,"Low",17.8996702996414,"Below average - fewer cases than typical at this point","Virgin Islands (Uk)"
"VGB",6,9,0.599742572487239,16.25,0.693378984222482,78.3333333333334,16.25,78.3333333333333,0.380807460102879,0.0871554894897492,2026,NA,2026-09-01,NA,NA,NA,NA,NA,NA,NA,NA,4,"2026/2027","Unobserved",15,18,114,142,NA,83,"Caribbean","Virgin Islands (Uk)",0.693378984222482,78.3333333333334,26.6051024665929,"Normal","Average - typical case load at this point",-0.670281792330571,"Low",17.8996702996414,"Below average - fewer cases than typical at this point","Virgin Islands (Uk)"
"VGB",7,10,0.71998078349389,27.5833333333333,0.697762583996958,105.916666666667,27.5833333333333,105.916666666667,0.522871423284795,0.142063963181916,2026,NA,2026-10-01,NA,NA,NA,NA,NA,NA,NA,NA,4,"2026/2027","Unobserved",15,18,114,142,NA,83,"Caribbean","Virgin Islands (Uk)",0.697762583996958,105.916666666667,21.7666162510976,"Low","Below average - fewer cases than typical at this point",-0.714672708695806,"Low",17.8996702996414,"Below average - fewer cases than typical at this point","Virgin Islands (Uk)"
"VGB",8,11,0.608251700030651,14.8333333333333,0.711957191735276,120.75,14.8333333333333,120.75,0.601946324441233,0.0790749011564383,2026,NA,2026-11-01,NA,NA,NA,NA,NA,NA,NA,NA,4,"2026/2027","Unobserved",15,18,114,142,NA,83,"Caribbean","Virgin Islands (Uk)",0.711957191735276,120.75,19.5063092595125,"Low","Below average - fewer cases than typical at this point",-0.736789807856652,"Low",17.8996702996414,"Below average - fewer cases than typical at this point","Virgin Islands (Uk)"
"VGB",9,12,0.721026985796383,11,0.727671902514329,131.75,11,131.75,0.66370651742799,0.0617601929867567,2026,NA,2026-12-01,NA,NA,NA,NA,NA,NA,NA,NA,4,"2026/2027","Unobserved",15,18,114,142,NA,83,"Caribbean","Virgin Islands (Uk)",0.727671902514329,131.75,17.8996702996414,"Low","Below average - fewer cases than typical at this point",-0.753838018469235,"Low",17.8996702996414,"Below average - fewer cases than typical at this point","Virgin Islands (Uk)"
"VNM",11,1,2.32400059888069,8929.66666666668,3.23526699517763,134916.933333333,8929.66666666667,134916.933333333,0.960122336806749,0.0734331070895342,2025,"WHO",2025-01-01,8655,8655,NA,18,NA,FALSE,"no_lookup_match",NA,3,"2024/2025","Observed",8655,8655,13578,182941,NA,13578,"East & Southeast Asia","Viet Nam",3.23526699517763,134916.933333333,0.0649562821845946,"Extremely Low","Rare good event - unusually low cases to date",-1.68327793459576,"Extremely Low",2.37804228719558,"Rare good event - unusually low cases to date","Viet Nam"
"VNM",12,2,2.03076844049551,4871.06666666666,3.34792830753395,139788,4871.06666666667,139788,1,0.0398776631932507,2025,"WHO",2025-02-01,4923,4923,NA,17,NA,FALSE,"no_lookup_match",NA,3,"2024/2025","Observed",13578,13578,13578,182941,NA,13578,"East & Southeast Asia","Viet Nam",3.34792830753395,139788,0.192189695727447,"Extremely Low","Rare good event - unusually low cases to date",-1.65198747215161,"Extremely Low",2.37804228719558,"Rare good event - unusually low cases to date","Viet Nam"
"VNM",1,3,1.80064534434873,4319.26666666666,1.80064534434873,4319.26666666666,4319.26666666667,4319.26666666667,0.0291613983799255,0.0291613983799255,2025,"WHO",2025-03-01,2903,2903,NA,16,NA,FALSE,"no_lookup_match",NA,3,"2025/2026","Observed",2903,16481,96653,182941,NA,36062,"East & Southeast Asia","Viet Nam",1.80064534434873,4319.26666666666,40.4382996652644,"Normal","Average - typical case load at this point",-0.439904698154908,"Extremely Low",2.37804228719558,"Rare good event - unusually low cases to date","Viet Nam"
"VNM",2,4,1.30473351544785,4031.06666666666,1.68868486809027,8350.3333333333,4031.06666666667,8350.33333333333,0.0573811853075917,0.0282197869276662,2025,"WHO",2025-04-01,2654,2654,NA,15,NA,FALSE,"no_lookup_match",NA,3,"2025/2026","Observed",5557,19135,96653,182941,NA,36062,"East & Southeast Asia","Viet Nam",1.68868486809027,8350.3333333333,40.9407440468465,"Normal","Average - typical case load at this point",-0.434659672451164,"Extremely Low",2.37804228719558,"Rare good event - unusually low cases to date","Viet Nam"
"VNM",3,5,2.13328476041997,5411.06666666666,1.95088557640887,13761.4,5411.06666666667,13761.4,0.0956953046786677,0.038314119371076,2025,"WHO",2025-05-01,4792,4792,NA,14,NA,FALSE,"no_lookup_match",NA,3,"2025/2026","Observed",10349,23927,96653,182941,NA,36062,"East & Southeast Asia","Viet Nam",1.95088557640887,13761.4,44.6656948733949,"Normal","Average - typical case load at this point",-0.346323874822894,"Extremely Low",2.37804228719558,"Rare good event - unusually low cases to date","Viet Nam"
"VNM",4,6,2.06123303719755,9018.73333333334,2.21604467384851,22780.1333333334,9018.73333333333,22780.1333333333,0.157357142299149,0.0616618376204813,2025,"WHO",2025-06-01,4860,4860,NA,13,NA,FALSE,"no_lookup_match",NA,3,"2025/2026","Observed",15209,28787,96653,182941,NA,36062,"East & Southeast Asia","Viet Nam",2.21604467384851,22780.1333333334,37.0267448685864,"Normal","Average - typical case load at this point",-0.494735147891727,"Extremely Low",2.37804228719558,"Rare good event - unusually low cases to date","Viet Nam"
"VNM",5,7,2.13739324544816,15311.8666666666,2.30543645736531,38092,15311.8666666667,38092,0.263594741807637,0.106237599508487,2025,"Estimates",2025-07-01,1442,NA,NA,NA,NA,NA,NA,NA,3,"2025/2026","Unobserved",16651,30229,96653,182941,1442.49412612624,36062,"East & Southeast Asia","Viet Nam",2.30543645736531,38092,19.1745698147963,"Low","Below average - fewer cases than typical at this point",-0.854623238014827,"Extremely Low",2.37804228719558,"Rare good event - unusually low cases to date","Viet Nam"
"VNM",6,8,2.47855965615707,17818.8,2.42799548497207,55910.8,17818.8,55910.8,0.389050446145085,0.125455704337449,2025,"Estimates",2025-08-01,1703,NA,NA,NA,NA,NA,NA,NA,3,"2025/2026","Unobserved",18354,31932,96653,182941,1703.43755349388,36062,"East & Southeast Asia","Viet Nam",2.42799548497207,55910.8,10.837393698367,"Low","Below average - fewer cases than typical at this point",-1.0466642310371,"Extremely Low",2.37804228719558,"Rare good event - unusually low cases to date","Viet Nam"
"VNM",7,9,2.60906192230011,18766.8666666667,2.54503466198304,74677.6666666665,18766.8666666667,74677.6666666667,0.519432427522883,0.130381981377797,2025,"Estimates",2025-09-01,1770,NA,NA,NA,NA,NA,NA,NA,3,"2025/2026","Unobserved",20124,33702,96653,182941,1770.32654314773,36062,"East & Southeast Asia","Viet Nam",2.54503466198304,74677.6666666665,6.7735073020368,"Low","Below average - fewer cases than typical at this point",-1.16539367432154,"Extremely Low",2.37804228719558,"Rare good event - unusually low cases to date","Viet Nam"
"VNM",8,10,2.76240559091845,20075.0666666666,2.70595822507314,94752.7333333336,20075.0666666667,94752.7333333333,0.661095088293197,0.141662660770314,2025,"Estimates",2025-10-01,1923,NA,NA,NA,NA,NA,NA,NA,3,"2025/2026","Unobserved",22047,35625,96653,182941,1923.49560793933,36062,"East & Southeast Asia","Viet Nam",2.70595822507314,94752.7333333336,4.33736944901651,"Extremely Low","Rare good event - unusually low cases to date",-1.26220894877787,"Extremely Low",2.37804228719558,"Rare good event - unusually low cases to date","Viet Nam"
"VNM",9,11,2.90030252937867,17522.3333333334,2.85952676549212,112275.066666666,17522.3333333333,112275.066666667,0.787184683284784,0.126089594991587,2025,"Estimates",2025-11-01,1712,NA,NA,NA,NA,NA,NA,NA,3,"2025/2026","Unobserved",23759,37337,96653,182941,1712.04452079577,36062,"East & Southeast Asia","Viet Nam",2.85952676549212,112275.066666666,3.03403034873375,"Extremely Low","Rare good event - unusually low cases to date",-1.33315405544707,"Extremely Low",2.37804228719558,"Rare good event - unusually low cases to date","Viet Nam"
"VNM",10,12,2.71019900495582,13712.2,2.96117297430444,125987.266666666,13712.2,125987.266666667,0.886689229717215,0.0995045464324309,2025,"Estimates",2025-12-01,1351,NA,NA,NA,NA,NA,NA,NA,3,"2025/2026","Unobserved",25110,38688,96653,182941,1351.07273145955,36062,"East & Southeast Asia","Viet Nam",2.96117297430444,125987.266666666,2.37804228719558,"Extremely Low","Rare good event - unusually low cases to date",-1.37782302227425,"Extremely Low",2.37804228719558,"Rare good event - unusually low cases to date","Viet Nam"
"VNM",11,1,2.32400059888069,8929.66666666668,3.23526699517763,134916.933333333,8929.66666666667,134916.933333333,0.960122336806749,0.0734331070895342,2026,"Estimates",2026-01-01,7098,NA,NA,NA,NA,NA,NA,NA,3,"2025/2026","Unobserved",32208,7098,96653,NA,7097.53009952475,36062,"East & Southeast Asia","Viet Nam",3.23526699517763,134916.933333333,2.99012510270349,"Extremely Low","Rare good event - unusually low cases to date",-1.36927794943105,"Extremely Low",2.46723057392063,"Rare good event - unusually low cases to date","Viet Nam"
"VNM",12,2,2.03076844049551,4871.06666666666,3.34792830753395,139788,4871.06666666667,139788,1,0.0398776631932507,2026,"Estimates",2026-02-01,3854,NA,NA,NA,NA,NA,NA,NA,3,"2025/2026","Unobserved",36062,10952,96653,NA,3854.29578061726,36062,"East & Southeast Asia","Viet Nam",3.34792830753395,139788,3.37756383497045,"Extremely Low","Rare good event - unusually low cases to date",-1.35768998127247,"Extremely Low",2.46723057392063,"Rare good event - unusually low cases to date","Viet Nam"
"VNM",1,3,1.80064534434873,4319.26666666666,1.80064534434873,4319.26666666666,4319.26666666667,4319.26666666667,0.0291613983799255,0.0291613983799255,2026,"Estimates",2026-03-01,2819,NA,NA,NA,NA,NA,NA,NA,3,"2026/2027","Unobserved",2819,13771,NA,NA,2818.53663761494,96656,"East & Southeast Asia","Viet Nam",1.80064534434873,4319.26666666666,39.1254050690504,"Normal","Average - typical case load at this point",-0.465995825987482,"Extremely Low",2.46723057392063,"Rare good event - unusually low cases to date","Viet Nam"
"VNM",2,4,1.30473351544785,4031.06666666666,1.68868486809027,8350.3333333333,4031.06666666667,8350.33333333333,0.0573811853075917,0.0282197869276662,2026,"Estimates",2026-04-01,2728,NA,NA,NA,NA,NA,NA,NA,3,"2026/2027","Unobserved",5547,16499,NA,NA,2727.52706591972,96656,"East & Southeast Asia","Viet Nam",1.68868486809027,8350.3333333333,40.8621470532581,"Normal","Average - typical case load at this point",-0.436215733331061,"Extremely Low",2.46723057392063,"Rare good event - unusually low cases to date","Viet Nam"
"VNM",3,5,2.13328476041997,5411.06666666666,1.95088557640887,13761.4,5411.06666666667,13761.4,0.0956953046786677,0.038314119371076,2026,"Estimates",2026-05-01,3703,NA,NA,NA,NA,NA,NA,NA,3,"2026/2027","Unobserved",9250,20202,NA,NA,3703.17457957261,96656,"East & Southeast Asia","Viet Nam",1.95088557640887,13761.4,39.2525190175907,"Normal","Average - typical case load at this point",-0.457861191207363,"Extremely Low",2.46723057392063,"Rare good event - unusually low cases to date","Viet Nam"
"VNM",4,6,2.06123303719755,9018.73333333334,2.21604467384851,22780.1333333334,9018.73333333333,22780.1333333333,0.157357142299149,0.0616618376204813,2026,"Estimates",2026-06-01,5960,NA,NA,NA,NA,NA,NA,NA,3,"2026/2027","Unobserved",15210,26162,NA,NA,5959.80159153238,96656,"East & Southeast Asia","Viet Nam",2.21604467384851,22780.1333333334,37.0299540116264,"Normal","Average - typical case load at this point",-0.494669802965663,"Extremely Low",2.46723057392063,"Rare good event - unusually low cases to date","Viet Nam"
"VNM",5,7,2.13739324544816,15311.8666666666,2.30543645736531,38092,15311.8666666667,38092,0.263594741807637,0.106237599508487,2026,"Estimates",2026-07-01,10268,NA,NA,NA,NA,NA,NA,NA,3,"2026/2027","Unobserved",25478,36430,NA,NA,10268.1827052938,96656,"East & Southeast Asia","Viet Nam",2.30543645736531,38092,36.5192061253597,"Normal","Average - typical case load at this point",-0.502785202384172,"Extremely Low",2.46723057392063,"Rare good event - unusually low cases to date","Viet Nam"
"VNM",6,8,2.47855965615707,17818.8,2.42799548497207,55910.8,17818.8,55910.8,0.389050446145085,0.125455704337449,2026,NA,2026-08-01,NA,NA,NA,NA,NA,NA,NA,NA,3,"2026/2027","Unobserved",25478,36430,NA,NA,NA,96656,"East & Southeast Asia","Viet Nam",2.42799548497207,55910.8,19.5864041932126,"Low","Below average - fewer cases than typical at this point",-0.848126656432545,"Extremely Low",2.46723057392063,"Rare good event - unusually low cases to date","Viet Nam"
"VNM",7,9,2.60906192230011,18766.8666666667,2.54503466198304,74677.6666666665,18766.8666666667,74677.6666666667,0.519432427522883,0.130381981377797,2026,NA,2026-09-01,NA,NA,NA,NA,NA,NA,NA,NA,3,"2026/2027","Unobserved",25478,36430,NA,NA,NA,96656,"East & Southeast Asia","Viet Nam",2.54503466198304,74677.6666666665,10.9031823865747,"Low","Below average - fewer cases than typical at this point",-1.05101973552762,"Extremely Low",2.46723057392063,"Rare good event - unusually low cases to date","Viet Nam"
"VNM",8,10,2.76240559091845,20075.0666666666,2.70595822507314,94752.7333333336,20075.0666666667,94752.7333333333,0.661095088293197,0.141662660770314,2026,NA,2026-10-01,NA,NA,NA,NA,NA,NA,NA,NA,3,"2026/2027","Unobserved",25478,36430,NA,NA,NA,96656,"East & Southeast Asia","Viet Nam",2.70595822507314,94752.7333333336,5.98955018662813,"Low","Below average - fewer cases than typical at this point",-1.20264502300874,"Extremely Low",2.46723057392063,"Rare good event - unusually low cases to date","Viet Nam"
"VNM",9,11,2.90030252937867,17522.3333333334,2.85952676549212,112275.066666666,17522.3333333333,112275.066666667,0.787184683284784,0.126089594991587,2026,NA,2026-11-01,NA,NA,NA,NA,NA,NA,NA,NA,3,"2026/2027","Unobserved",25478,36430,NA,NA,NA,96656,"East & Southeast Asia","Viet Nam",2.85952676549212,112275.066666666,3.59063303230582,"Extremely Low","Rare good event - unusually low cases to date",-1.30726393281042,"Extremely Low",2.46723057392063,"Rare good event - unusually low cases to date","Viet Nam"
"VNM",10,12,2.71019900495582,13712.2,2.96117297430444,125987.266666666,13712.2,125987.266666667,0.886689229717215,0.0995045464324309,2026,NA,2026-12-01,NA,NA,NA,NA,NA,NA,NA,NA,3,"2026/2027","Unobserved",25478,36430,NA,NA,NA,96656,"East & Southeast Asia","Viet Nam",2.96117297430444,125987.266666666,2.46723057392063,"Extremely Low","Rare good event - unusually low cases to date",-1.37279672756037,"Extremely Low",2.46723057392063,"Rare good event - unusually low cases to date","Viet Nam"
"VUT",3,1,0.636367963259218,13,0.400798565606375,53.1111111111112,13,53.1111111111111,0.279356783034319,0.127623374833512,2025,"WHO",2025-01-01,74,74,NA,18,NA,FALSE,"no_lookup_match",NA,11,"2024/2025","Observed",74,74,92,883,NA,92,"Pacific Islands","Vanuatu",0.400798565606375,53.1111111111112,77.1442570871269,"High","Above average - more cases than typical at this point",0.24806214834164,"High",77.7948074254731,"Above average - more cases than typical at this point","Vanuatu"
"VUT",4,2,1.12608231110575,11.5555555555556,0.560816380602605,64.6666666666666,11.5555555555556,64.6666666666667,0.403675703391732,0.124318920357412,2025,"WHO",2025-02-01,10,10,NA,17,NA,FALSE,"no_lookup_match",NA,11,"2024/2025","Observed",84,84,92,883,NA,92,"Pacific Islands","Vanuatu",0.560816380602605,64.6666666666666,74.2302706472797,"Normal","Average - typical case load at this point",0.222926417104803,"High",77.7948074254731,"Above average - more cases than typical at this point","Vanuatu"
"VUT",5,3,1.31666376556409,10.1111111111111,0.766965912583189,74.7777777777779,10.1111111111111,74.7777777777778,0.516728151383127,0.113052447991396,2025,"WHO",2025-03-01,0,0,NA,16,NA,FALSE,"no_lookup_match",NA,11,"2024/2025","Observed",84,84,92,883,NA,92,"Pacific Islands","Vanuatu",0.766965912583189,74.7777777777779,68.8227687090093,"Normal","Average - typical case load at this point",0.107457123466955,"High",77.7948074254731,"Above average - more cases than typical at this point","Vanuatu"
"VUT",6,4,1.36992174613763,11.7777777777778,0.938464271344848,86.5555555555556,11.7777777777778,86.5555555555556,0.61625206023953,0.0995239088564027,2025,"WHO",2025-04-01,1,1,NA,15,NA,FALSE,"no_lookup_match",NA,11,"2024/2025","Observed",85,85,92,883,NA,92,"Pacific Islands","Vanuatu",0.938464271344848,86.5555555555556,63.1906070570204,"Normal","Average - typical case load at this point",-0.0173164051558329,"High",77.7948074254731,"Above average - more cases than typical at this point","Vanuatu"
"VUT",7,5,1.28638341083598,9.44444444444444,1.36086757098842,96.0000000000001,9.44444444444444,96,0.710476688757059,0.0942246285175288,2025,"WHO",2025-05-01,0,0,NA,14,NA,FALSE,"no_lookup_match",NA,11,"2024/2025","Observed",85,85,92,883,NA,92,"Pacific Islands","Vanuatu",1.36086757098842,96.0000000000001,56.3466391084599,"Normal","Average - typical case load at this point",-0.132731127508059,"High",77.7948074254731,"Above average - more cases than typical at this point","Vanuatu"
"VUT",8,6,0.561273222404962,4.44444444444445,1.54944397775078,100.444444444444,4.44444444444444,100.444444444444,0.742615013483864,0.0321383247268052,2025,"WHO",2025-06-01,0,0,NA,13,NA,FALSE,"no_lookup_match",NA,11,"2024/2025","Observed",85,85,92,883,NA,92,"Pacific Islands","Vanuatu",1.54944397775078,100.444444444444,53.1904845483402,"Normal","Average - typical case load at this point",-0.189937271469815,"High",77.7948074254731,"Above average - more cases than typical at this point","Vanuatu"
"VUT",9,7,0.758500786200682,7.55555555555556,1.7876854943005,108,7.55555555555556,108,0.78328459181977,0.0406695783359063,2025,"WHO",2025-07-01,1,1,1,12,1,TRUE,"applied_mean",NA,11,"2024/2025","Observed",86,86,92,883,NA,92,"Pacific Islands","Vanuatu",1.7876854943005,108,48.8859046086854,"Normal","Average - typical case load at this point",-0.270134184719792,"High",77.7948074254731,"Above average - more cases than typical at this point","Vanuatu"
"VUT",10,8,0.203268456603007,61.0000000000001,1.20919112709318,169,61,169,0.850473811714471,0.0671892198947004,2025,"WHO",2025-08-01,0,0,0,11,1,TRUE,"applied_mean",NA,11,"2024/2025","Observed",86,86,92,883,NA,92,"Pacific Islands","Vanuatu",1.20919112709318,169,36.6789850363273,"Normal","Average - typical case load at this point",-0.538134346702001,"High",77.7948074254731,"Above average - more cases than typical at this point","Vanuatu"
"VUT",11,9,0.19232020888565,110.333333333333,0.729633062234843,279.333333333334,110.333333333333,279.333333333333,0.925837836658096,0.0753640249436257,2025,"WHO",2025-09-01,2,2,2,10,1,TRUE,"applied_mean",NA,11,"2024/2025","Observed",88,88,92,883,NA,92,"Pacific Islands","Vanuatu",0.729633062234843,279.333333333334,34.2081786527134,"Normal","Average - typical case load at this point",-0.584323921373805,"High",77.7948074254731,"Above average - more cases than typical at this point","Vanuatu"
"VUT",12,10,0.158095318876866,121.555555555555,0.567716591548192,400.88888888889,121.555555555556,400.888888888889,1,0.0741621633419037,2025,"WHO",2025-10-01,4,4,4,9,1,TRUE,"applied_mean",NA,11,"2024/2025","Observed",92,92,92,883,NA,92,"Pacific Islands","Vanuatu",0.567716591548192,400.88888888889,33.8519120477606,"Normal","Average - typical case load at this point",-0.580145283792197,"High",77.7948074254731,"Above average - more cases than typical at this point","Vanuatu"
"VUT",1,11,0.141579903562647,29.4444444444445,0.141579903562647,29.4444444444445,29.4444444444444,29.4444444444444,0.095034316455775,0.095034316455775,2025,"WHO",2025-11-01,12,12,12,8,1,TRUE,"applied_mean",NA,11,"2025/2026","Observed",12,104,70,883,NA,70,"Pacific Islands","Vanuatu",0.141579903562647,29.4444444444445,71.2702225397377,"Normal","Average - typical case load at this point",-0.222388825722847,"High",77.7948074254731,"Above average - more cases than typical at this point","Vanuatu"
"VUT",2,12,0.284677641422156,10.6666666666667,0.186697136387055,40.1111111111111,10.6666666666667,40.1111111111111,0.151733408200808,0.0566990917450326,2025,"WHO",2025-12-01,30,30,30,7,1,TRUE,"applied_mean",NA,11,"2025/2026","Observed",42,134,70,883,NA,70,"Pacific Islands","Vanuatu",0.186697136387055,40.1111111111111,77.7948074254731,"High","Above average - more cases than typical at this point",0.0203002871471534,"High",77.7948074254731,"Above average - more cases than typical at this point","Vanuatu"
"VUT",3,1,0.636367963259218,13,0.400798565606375,53.1111111111112,13,53.1111111111111,0.279356783034319,0.127623374833512,2026,"WHO",2026-01-01,0,0,0,6,1,TRUE,"applied_mean",NA,11,"2025/2026","Observed",42,0,70,2,NA,70,"Pacific Islands","Vanuatu",0.400798565606375,53.1111111111112,65.4868967721239,"Normal","Average - typical case load at this point",-0.131947951245554,"Normal",36.6624971603938,"Average - typical case load at this point","Vanuatu"
"VUT",4,2,1.12608231110575,11.5555555555556,0.560816380602605,64.6666666666666,11.5555555555556,64.6666666666667,0.403675703391732,0.124318920357412,2026,"WHO",2026-02-01,0,0,0,5,1,TRUE,"applied_mean",NA,11,"2025/2026","Observed",42,0,70,2,NA,70,"Pacific Islands","Vanuatu",0.560816380602605,64.6666666666666,56.6465679622152,"Normal","Average - typical case load at this point",-0.261362006260801,"Normal",36.6624971603938,"Average - typical case load at this point","Vanuatu"
"VUT",5,3,1.31666376556409,10.1111111111111,0.766965912583189,74.7777777777779,10.1111111111111,74.7777777777778,0.516728151383127,0.113052447991396,2026,"WHO",2026-03-01,0,0,0,4,1,TRUE,"applied_mean",NA,11,"2025/2026","Observed",42,0,70,2,NA,70,"Pacific Islands","Vanuatu",0.766965912583189,74.7777777777779,47.935911023074,"Normal","Average - typical case load at this point",-0.381925920756048,"Normal",36.6624971603938,"Average - typical case load at this point","Vanuatu"
"VUT",6,4,1.36992174613763,11.7777777777778,0.938464271344848,86.5555555555556,11.7777777777778,86.5555555555556,0.61625206023953,0.0995239088564027,2026,"WHO",2026-04-01,1,1,1,3,1,TRUE,"applied_mean",NA,11,"2025/2026","Observed",43,1,70,2,NA,70,"Pacific Islands","Vanuatu",0.938464271344848,86.5555555555556,40.8383937752164,"Normal","Average - typical case load at this point",-0.484859344363317,"Normal",36.6624971603938,"Average - typical case load at this point","Vanuatu"
"VUT",7,5,1.28638341083598,9.44444444444444,1.36086757098842,96.0000000000001,9.44444444444444,96,0.710476688757059,0.0942246285175288,2026,"Estimates",2026-05-01,7,NA,NA,NA,NA,NA,NA,NA,11,"2025/2026","Unobserved",50,8,70,2,6.59572399622701,70,"Pacific Islands","Vanuatu",1.36086757098842,96.0000000000001,35.5532326107477,"Normal","Average - typical case load at this point",-0.555057442306427,"Normal",36.6624971603938,"Average - typical case load at this point","Vanuatu"
"VUT",8,6,0.561273222404962,4.44444444444445,1.54944397775078,100.444444444444,4.44444444444444,100.444444444444,0.742615013483864,0.0321383247268052,2026,"Estimates",2026-06-01,2,NA,NA,NA,NA,NA,NA,NA,11,"2025/2026","Unobserved",52,10,70,2,2.24968273087636,70,"Pacific Islands","Vanuatu",1.54944397775078,100.444444444444,32.994076872589,"Normal","Average - typical case load at this point",-0.595774463027622,"Normal",36.6624971603938,"Average - typical case load at this point","Vanuatu"
"VUT",9,7,0.758500786200682,7.55555555555556,1.7876854943005,108,7.55555555555556,108,0.78328459181977,0.0406695783359063,2026,"Estimates",2026-07-01,3,NA,NA,NA,NA,NA,NA,NA,11,"2025/2026","Unobserved",55,13,70,2,2.84687048351344,70,"Pacific Islands","Vanuatu",1.7876854943005,108,29.7887439545312,"Normal","Average - typical case load at this point",-0.650777808643132,"Normal",36.6624971603938,"Average - typical case load at this point","Vanuatu"
"VUT",10,8,0.203268456603007,61.0000000000001,1.20919112709318,169,61,169,0.850473811714471,0.0671892198947004,2026,NA,2026-08-01,NA,NA,NA,NA,NA,NA,NA,NA,11,"2025/2026","Unobserved",55,13,70,2,NA,70,"Pacific Islands","Vanuatu",1.20919112709318,169,24.1064711713581,"Low","Below average - fewer cases than typical at this point",-0.739124283422024,"Normal",36.6624971603938,"Average - typical case load at this point","Vanuatu"
"VUT",11,9,0.19232020888565,110.333333333333,0.729633062234843,279.333333333334,110.333333333333,279.333333333333,0.925837836658096,0.0753640249436257,2026,NA,2026-09-01,NA,NA,NA,NA,NA,NA,NA,NA,11,"2025/2026","Unobserved",55,13,70,2,NA,70,"Pacific Islands","Vanuatu",0.729633062234843,279.333333333334,25.245815542413,"Normal","Average - typical case load at this point",-0.6851045280219,"Normal",36.6624971603938,"Average - typical case load at this point","Vanuatu"
"VUT",12,10,0.158095318876866,121.555555555555,0.567716591548192,400.88888888889,121.555555555556,400.888888888889,1,0.0741621633419037,2026,NA,2026-10-01,NA,NA,NA,NA,NA,NA,NA,NA,11,"2025/2026","Unobserved",55,13,70,2,NA,70,"Pacific Islands","Vanuatu",0.567716591548192,400.88888888889,25.8321940597711,"Normal","Average - typical case load at this point",-0.649637506634931,"Normal",36.6624971603938,"Average - typical case load at this point","Vanuatu"
"VUT",1,11,0.141579903562647,29.4444444444445,0.141579903562647,29.4444444444445,29.4444444444444,29.4444444444444,0.095034316455775,0.095034316455775,2026,NA,2026-11-01,NA,NA,NA,NA,NA,NA,NA,NA,11,"2026/2027","Unobserved",0,13,NA,2,NA,NA,"Pacific Islands","Vanuatu",0.141579903562647,29.4444444444445,46.9377848238765,"Normal","Average - typical case load at this point",-0.375369673990793,"Normal",36.6624971603938,"Average - typical case load at this point","Vanuatu"
"VUT",2,12,0.284677641422156,10.6666666666667,0.186697136387055,40.1111111111111,10.6666666666667,40.1111111111111,0.151733408200808,0.0566990917450326,2026,NA,2026-12-01,NA,NA,NA,NA,NA,NA,NA,NA,11,"2026/2027","Unobserved",0,13,NA,2,NA,NA,"Pacific Islands","Vanuatu",0.186697136387055,40.1111111111111,36.6624971603938,"Normal","Average - typical case load at this point",-0.431082568242486,"Normal",36.6624971603938,"Average - typical case load at this point","Vanuatu"
"WLF",8,1,3.97020016071404,13.625,0.654371114417403,310.25,13.625,310.25,0.75932235771509,0.0998251071204639,2025,"WHO",2025-01-01,7,7,NA,18,NA,FALSE,"no_lookup_match",NA,6,"2024/2025","Observed",7,7,15,49,NA,15,"Pacific Islands","Wallis And Futuna",0.654371114417403,310.25,7.5177501419446,"Low","Below average - fewer cases than typical at this point",-0.789848068721457,"Low",15.1882223841814,"Below average - fewer cases than typical at this point","Wallis And Futuna"
"WLF",9,2,6.13624797946069,8.75000000000001,0.692312053099238,318.999999999999,8.75,319,0.824560809757431,0.0652384520423407,2025,"WHO",2025-02-01,4,4,NA,17,NA,FALSE,"no_lookup_match",NA,6,"2024/2025","Observed",11,11,15,49,NA,15,"Pacific Islands","Wallis And Futuna",0.692312053099238,318.999999999999,8.64471479493943,"Low","Below average - fewer cases than typical at this point",-0.802491100924625,"Low",15.1882223841814,"Below average - fewer cases than typical at this point","Wallis And Futuna"
"WLF",10,3,13.0795243890463,8.125,0.726645258167773,327.125,8.125,327.125,0.882790203415555,0.0582293936581244,2025,"WHO",2025-03-01,2,2,NA,16,NA,FALSE,"no_lookup_match",NA,6,"2024/2025","Observed",13,13,15,49,NA,15,"Pacific Islands","Wallis And Futuna",0.726645258167773,327.125,8.60618385580528,"Low","Below average - fewer cases than typical at this point",-0.817651376074859,"Low",15.1882223841814,"Below average - fewer cases than typical at this point","Wallis And Futuna"
"WLF",11,4,3.2993678282048,9.25,0.761038109801704,336.375,9.25,336.375,0.944696688013044,0.0619064845974891,2025,"WHO",2025-04-01,1,1,NA,15,NA,FALSE,"no_lookup_match",NA,6,"2024/2025","Observed",14,14,15,49,NA,15,"Pacific Islands","Wallis And Futuna",0.761038109801704,336.375,8.09012144054815,"Low","Below average - fewer cases than typical at this point",-0.835122361937558,"Low",15.1882223841814,"Below average - fewer cases than typical at this point","Wallis And Futuna"
"WLF",12,5,1.07319105686692,7.87500000000001,0.792584563367026,344.25,7.875,344.25,1,0.0553033119869557,2025,"WHO",2025-05-01,1,1,NA,14,NA,FALSE,"no_lookup_match",NA,6,"2024/2025","Observed",15,15,15,49,NA,15,"Pacific Islands","Wallis And Futuna",0.792584563367026,344.25,7.68843548962468,"Low","Below average - fewer cases than typical at this point",-0.850501854364277,"Low",15.1882223841814,"Below average - fewer cases than typical at this point","Wallis And Futuna"
"WLF",1,6,4.03199629519578,8.25000000000001,4.03199629519578,8.25000000000001,8.25,8.25,0.068041372433302,0.068041372433302,2025,"WHO",2025-06-01,1,1,NA,13,NA,FALSE,"no_lookup_match",NA,6,"2025/2026","Observed",1,16,20,49,NA,20,"Pacific Islands","Wallis And Futuna",4.03199629519578,8.25000000000001,4.15630521142412,"Extremely Low","Rare good event - unusually low cases to date",-1.44622749362636,"Low",15.1882223841814,"Below average - fewer cases than typical at this point","Wallis And Futuna"
"WLF",2,7,2.36963121918761,7.125,4.33434636179487,15.375,7.125,15.375,0.103108438260466,0.0350670658271637,2025,"WHO",2025-07-01,3,3,3,12,1,TRUE,"applied_mean",NA,6,"2025/2026","Observed",4,19,20,49,NA,20,"Pacific Islands","Wallis And Futuna",4.33434636179487,15.375,5.57876507907913,"Low","Below average - fewer cases than typical at this point",-1.36040913314835,"Low",15.1882223841814,"Below average - fewer cases than typical at this point","Wallis And Futuna"
"WLF",3,8,0.419148654045327,75.8750000000001,0.619473880667901,91.25,75.875,91.25,0.218549861116255,0.11544142285579,2025,"WHO",2025-08-01,2,2,2,11,1,TRUE,"applied_mean",NA,6,"2025/2026","Observed",6,21,20,49,NA,20,"Pacific Islands","Wallis And Futuna",0.619473880667901,91.25,16.3057241235906,"Low","Below average - fewer cases than typical at this point",-0.732831006473451,"Low",15.1882223841814,"Below average - fewer cases than typical at this point","Wallis And Futuna"
"WLF",4,9,0.415650075518155,49.125,0.604503806065023,140.375,49.125,140.375,0.317578551641721,0.0990286905254659,2025,"WHO",2025-09-01,2,2,2,10,1,TRUE,"applied_mean",NA,6,"2025/2026","Observed",8,23,20,49,NA,20,"Pacific Islands","Wallis And Futuna",0.604503806065023,140.375,15.2346490592848,"Low","Below average - fewer cases than typical at this point",-0.731615030969302,"Low",15.1882223841814,"Below average - fewer cases than typical at this point","Wallis And Futuna"
"WLF",5,10,0.558070831443561,57.25,0.59403615140665,197.625,57.25,197.625,0.438428452772497,0.120849901130776,2025,"WHO",2025-10-01,3,3,3,9,1,TRUE,"applied_mean",NA,6,"2025/2026","Observed",11,26,20,49,NA,20,"Pacific Islands","Wallis And Futuna",0.59403615140665,197.625,15.1939100653567,"Low","Below average - fewer cases than typical at this point",-0.726745978289469,"Low",15.1882223841814,"Below average - fewer cases than typical at this point","Wallis And Futuna"
"WLF",6,11,0.528380244838934,63.375,0.57916613080359,261,63.375,261,0.563361136951853,0.124932684179357,2025,"WHO",2025-11-01,3,3,3,8,1,TRUE,"applied_mean",NA,6,"2025/2026","Observed",14,29,20,49,NA,20,"Pacific Islands","Wallis And Futuna",0.57916613080359,261,15.3142483532358,"Low","Below average - fewer cases than typical at this point",-0.719410384503421,"Low",15.1882223841814,"Below average - fewer cases than typical at this point","Wallis And Futuna"
"WLF",7,12,0.658225195558168,35.625,0.595472013419794,296.625,35.625,296.625,0.659497250594626,0.0961361136427727,2025,"WHO",2025-12-01,3,3,3,7,1,TRUE,"applied_mean",NA,6,"2025/2026","Observed",17,32,20,49,NA,20,"Pacific Islands","Wallis And Futuna",0.595472013419794,296.625,15.1882223841814,"Low","Below average - fewer cases than typical at this point",-0.726713853247881,"Low",15.1882223841814,"Below average - fewer cases than typical at this point","Wallis And Futuna"
"WLF",8,1,3.97020016071404,13.625,0.654371114417403,310.25,13.625,310.25,0.75932235771509,0.0998251071204639,2026,"WHO",2026-01-01,0,0,0,6,1,TRUE,"applied_mean",NA,6,"2025/2026","Observed",17,0,20,2,NA,20,"Pacific Islands","Wallis And Futuna",0.654371114417403,310.25,12.773930166832,"Low","Below average - fewer cases than typical at this point",-0.76380196587821,"Low",5.11343862755717,"Below average - fewer cases than typical at this point","Wallis And Futuna"
"WLF",9,2,6.13624797946069,8.75000000000001,0.692312053099238,318.999999999999,8.75,319,0.824560809757431,0.0652384520423407,2026,"WHO",2026-02-01,0,0,0,5,1,TRUE,"applied_mean",NA,6,"2025/2026","Observed",17,0,20,2,NA,20,"Pacific Islands","Wallis And Futuna",0.692312053099238,318.999999999999,11.4192841368573,"Low","Below average - fewer cases than typical at this point",-0.786858157400119,"Low",5.11343862755717,"Below average - fewer cases than typical at this point","Wallis And Futuna"
"WLF",10,3,13.0795243890463,8.125,0.726645258167773,327.125,8.125,327.125,0.882790203415555,0.0582293936581244,2026,"WHO",2026-03-01,0,0,0,4,1,TRUE,"applied_mean",NA,6,"2025/2026","Observed",17,0,20,2,NA,20,"Pacific Islands","Wallis And Futuna",0.726645258167773,327.125,10.3083154160094,"Low","Below average - fewer cases than typical at this point",-0.807239579801721,"Low",5.11343862755717,"Below average - fewer cases than typical at this point","Wallis And Futuna"
"WLF",11,4,3.2993678282048,9.25,0.761038109801704,336.375,9.25,336.375,0.944696688013044,0.0619064845974891,2026,"WHO",2026-04-01,2,2,2,3,1,TRUE,"applied_mean",NA,6,"2025/2026","Observed",19,2,20,2,NA,20,"Pacific Islands","Wallis And Futuna",0.761038109801704,336.375,10.0365824373845,"Low","Below average - fewer cases than typical at this point",-0.822169708010648,"Low",5.11343862755717,"Below average - fewer cases than typical at this point","Wallis And Futuna"
"WLF",12,5,1.07319105686692,7.87500000000001,0.792584563367026,344.25,7.875,344.25,1,0.0553033119869557,2026,"Estimates",2026-05-01,1,NA,NA,NA,NA,NA,NA,NA,6,"2025/2026","Unobserved",20,3,20,2,1.10606623973911,20,"Pacific Islands","Wallis And Futuna",0.792584563367026,344.25,9.50118378593111,"Low","Below average - fewer cases than typical at this point",-0.837586108663984,"Low",5.11343862755717,"Below average - fewer cases than typical at this point","Wallis And Futuna"
"WLF",1,6,4.03199629519578,8.25000000000001,4.03199629519578,8.25000000000001,8.25,8.25,0.068041372433302,0.068041372433302,2026,"Estimates",2026-06-01,1,NA,NA,NA,NA,NA,NA,NA,6,"2026/2027","Unobserved",1,4,NA,2,1.36082744866604,19,"Pacific Islands","Wallis And Futuna",4.03199629519578,8.25000000000001,4.15630521142412,"Extremely Low","Rare good event - unusually low cases to date",-1.44622749362636,"Low",5.11343862755717,"Below average - fewer cases than typical at this point","Wallis And Futuna"
"WLF",2,7,2.36963121918761,7.125,4.33434636179487,15.375,7.125,15.375,0.103108438260466,0.0350670658271637,2026,"Estimates",2026-07-01,1,NA,NA,NA,NA,NA,NA,NA,6,"2026/2027","Unobserved",2,5,NA,2,0.701341316543273,19,"Pacific Islands","Wallis And Futuna",4.33434636179487,15.375,1.60919197310769,"Extremely Low","Rare good event - unusually low cases to date",-1.59960194776784,"Low",5.11343862755717,"Below average - fewer cases than typical at this point","Wallis And Futuna"
"WLF",3,8,0.419148654045327,75.8750000000001,0.619473880667901,91.25,75.875,91.25,0.218549861116255,0.11544142285579,2026,NA,2026-08-01,NA,NA,NA,NA,NA,NA,NA,NA,6,"2026/2027","Unobserved",2,5,NA,2,NA,19,"Pacific Islands","Wallis And Futuna",0.619473880667901,91.25,9.53557650077311,"Low","Below average - fewer cases than typical at this point",-0.767216039035256,"Low",5.11343862755717,"Below average - fewer cases than typical at this point","Wallis And Futuna"
"WLF",4,9,0.415650075518155,49.125,0.604503806065023,140.375,49.125,140.375,0.317578551641721,0.0990286905254659,2026,NA,2026-09-01,NA,NA,NA,NA,NA,NA,NA,NA,6,"2026/2027","Unobserved",2,5,NA,2,NA,19,"Pacific Islands","Wallis And Futuna",0.604503806065023,140.375,7.71461170256634,"Low","Below average - fewer cases than typical at this point",-0.764776052203038,"Low",5.11343862755717,"Below average - fewer cases than typical at this point","Wallis And Futuna"
"WLF",5,10,0.558070831443561,57.25,0.59403615140665,197.625,57.25,197.625,0.438428452772497,0.120849901130776,2026,NA,2026-10-01,NA,NA,NA,NA,NA,NA,NA,NA,6,"2026/2027","Unobserved",2,5,NA,2,NA,19,"Pacific Islands","Wallis And Futuna",0.59403615140665,197.625,6.53917910089427,"Low","Below average - fewer cases than typical at this point",-0.761793339600147,"Low",5.11343862755717,"Below average - fewer cases than typical at this point","Wallis And Futuna"
"WLF",6,11,0.528380244838934,63.375,0.57916613080359,261,63.375,261,0.563361136951853,0.124932684179357,2026,NA,2026-11-01,NA,NA,NA,NA,NA,NA,NA,NA,6,"2026/2027","Unobserved",2,5,NA,2,NA,19,"Pacific Islands","Wallis And Futuna",0.57916613080359,261,5.89659746574797,"Low","Below average - fewer cases than typical at this point",-0.754361496301158,"Low",5.11343862755717,"Below average - fewer cases than typical at this point","Wallis And Futuna"
"WLF",7,12,0.658225195558168,35.625,0.595472013419794,296.625,35.625,296.625,0.659497250594626,0.0961361136427727,2026,NA,2026-12-01,NA,NA,NA,NA,NA,NA,NA,NA,6,"2026/2027","Unobserved",2,5,NA,2,NA,19,"Pacific Islands","Wallis And Futuna",0.595472013419794,296.625,5.11343862755717,"Low","Below average - fewer cases than typical at this point",-0.76569716231795,"Low",5.11343862755717,"Below average - fewer cases than typical at this point","Wallis And Futuna"
"WSM",4,1,0.325908335516791,150.25,0.382877384424715,1367.125,150.25,1367.125,0.38831001064803,0.0451883244580314,2025,"WHO",2025-01-01,4,4,NA,18,NA,FALSE,"no_lookup_match",NA,10,"2024/2025","Observed",4,4,14337,48076,NA,14337,"Pacific Islands","Samoa",0.382877384424715,1367.125,8.87710658467631,"Low","Below average - fewer cases than typical at this point",-0.616874061417446,"High",82.2546783276132,"Above average - more cases than typical at this point","Samoa"
"WSM",5,2,0.241232992905554,164.375,0.417152821658914,1531.5,164.375,1531.5,0.432367548506027,0.0440575378579976,2025,"WHO",2025-02-01,1,1,NA,17,NA,FALSE,"no_lookup_match",NA,10,"2024/2025","Observed",5,5,14337,48076,NA,14337,"Pacific Islands","Samoa",0.417152821658914,1531.5,7.60008775947029,"Low","Below average - fewer cases than typical at this point",-0.643677400526352,"High",82.2546783276132,"Above average - more cases than typical at this point","Samoa"
"WSM",6,3,0.235098230086441,250.75,0.437993482869631,1782.25,250.75,1782.25,0.487898921050378,0.0555313725443504,2025,"WHO",2025-03-01,0,0,NA,16,NA,FALSE,"no_lookup_match",NA,10,"2024/2025","Observed",5,5,14337,48076,NA,14337,"Pacific Islands","Samoa",0.437993482869631,1782.25,6.35903880074842,"Low","Below average - fewer cases than typical at this point",-0.659873010602564,"High",82.2546783276132,"Above average - more cases than typical at this point","Samoa"
"WSM",7,4,0.324591305779411,600.749999999999,0.443381567241281,2383,600.75,2383,0.598611190578073,0.110712269527696,2025,"WHO",2025-04-01,40,40,NA,15,NA,FALSE,"no_lookup_match",NA,10,"2024/2025","Observed",45,45,14337,48076,NA,14337,"Pacific Islands","Samoa",0.443381567241281,2383,13.6032591549751,"Low","Below average - fewer cases than typical at this point",-0.653234153008978,"High",82.2546783276132,"Above average - more cases than typical at this point","Samoa"
"WSM",8,5,0.32290737069803,447.125,0.463343758609664,2830.125,447.125,2830.125,0.679842194891652,0.0812310043135786,2025,"WHO",2025-05-01,227,227,NA,14,NA,FALSE,"no_lookup_match",NA,10,"2024/2025","Observed",272,272,14337,48076,NA,14337,"Pacific Islands","Samoa",0.463343758609664,2830.125,26.366398960364,"Normal","Average - typical case load at this point",-0.61522256326387,"High",82.2546783276132,"Above average - more cases than typical at this point","Samoa"
"WSM",9,6,0.301157687279169,373.250000000001,0.483267951430525,3203.37499999999,373.25,3203.375,0.734819225261718,0.0549770303700658,2025,"WHO",2025-06-01,599,599,NA,13,NA,FALSE,"no_lookup_match",NA,10,"2024/2025","Observed",871,871,14337,48076,NA,14337,"Pacific Islands","Samoa",0.483267951430525,3203.37499999999,40.6063988331632,"Normal","Average - typical case load at this point",-0.506118062255842,"High",82.2546783276132,"Above average - more cases than typical at this point","Samoa"
"WSM",10,7,0.246270987547203,1065.875,0.4869227980626,4269.25000000001,1065.875,4269.25,0.833405091331277,0.0985858660695594,2025,"WHO",2025-07-01,5131,5131,5131,12,1,TRUE,"applied_mean",NA,10,"2024/2025","Observed",6002,6002,14337,48076,NA,14337,"Pacific Islands","Samoa",0.4869227980626,4269.25000000001,76.5100685599285,"High","Above average - more cases than typical at this point",0.283197626993654,"High",82.2546783276132,"Above average - more cases than typical at this point","Samoa"
"WSM",11,8,0.213684331366659,1085.375,0.456871473298976,5354.625,1085.375,5354.625,0.919610851849285,0.0862057605180075,2025,"WHO",2025-08-01,5925,5925,5925,11,1,TRUE,"applied_mean",NA,10,"2024/2025","Observed",11927,11927,14337,48076,NA,14337,"Pacific Islands","Samoa",0.456871473298976,5354.625,86.2615072393513,"High","Above average - more cases than typical at this point",0.829605777371131,"High",82.2546783276132,"Above average - more cases than typical at this point","Samoa"
"WSM",12,9,0.245394856353194,941.749999999999,0.43678027699041,6296.37499999998,941.75,6296.375,1,0.0803891481507152,2025,"WHO",2025-09-01,2410,2410,2410,10,1,TRUE,"applied_mean",NA,10,"2024/2025","Observed",14337,14337,14337,48076,NA,14337,"Pacific Islands","Samoa",0.43678027699041,6296.37499999998,86.5908309139582,"High","Above average - more cases than typical at this point",0.843947961880752,"High",82.2546783276132,"Above average - more cases than typical at this point","Samoa"
"WSM",1,10,0.244092045489035,561.625,0.244092045489035,561.625,561.625,561.625,0.107432127083133,0.107432127083133,2025,"WHO",2025-10-01,1528,1528,1528,9,1,TRUE,"applied_mean",NA,10,"2025/2026","Observed",1528,15865,4883,48076,NA,4882,"Pacific Islands","Samoa",0.244092045489035,561.625,88.7786864060187,"High","Above average - more cases than typical at this point",0.849927169686939,"High",82.2546783276132,"Above average - more cases than typical at this point","Samoa"
"WSM",2,11,0.341204152483534,374,0.288769094102639,935.624999999999,374,935.625,0.226046382323583,0.11861425524045,2025,"WHO",2025-11-01,485,485,485,8,1,TRUE,"applied_mean",NA,10,"2025/2026","Observed",2013,16350,4883,48076,NA,4882,"Pacific Islands","Samoa",0.288769094102639,935.624999999999,85.4907577864223,"High","Above average - more cases than typical at this point",0.61869046339587,"High",82.2546783276132,"Above average - more cases than typical at this point","Samoa"
"WSM",3,12,0.403449265915868,281.25,0.319450834988109,1216.875,281.25,1216.875,0.343121686189998,0.117075303866415,2025,"WHO",2025-12-01,146,146,146,7,1,TRUE,"applied_mean",NA,10,"2025/2026","Observed",2159,16496,4883,48076,NA,4882,"Pacific Islands","Samoa",0.319450834988109,1216.875,82.2546783276132,"High","Above average - more cases than typical at this point",0.437529737318937,"High",82.2546783276132,"Above average - more cases than typical at this point","Samoa"
"WSM",4,1,0.325908335516791,150.25,0.382877384424715,1367.125,150.25,1367.125,0.38831001064803,0.0451883244580314,2026,"WHO",2026-01-01,123,123,123,6,1,TRUE,"applied_mean",NA,10,"2025/2026","Observed",2282,123,4883,1276,NA,4882,"Pacific Islands","Samoa",0.382877384424715,1367.125,80.7567400834855,"High","Above average - more cases than typical at this point",0.414021206374533,"Low",7.17894516637147,"Below average - fewer cases than typical at this point","Samoa"
"WSM",5,2,0.241232992905554,164.375,0.417152821658914,1531.5,164.375,1531.5,0.432367548506027,0.0440575378579976,2026,"WHO",2026-02-01,244,244,244,5,1,TRUE,"applied_mean",NA,10,"2025/2026","Observed",2526,367,4883,1276,NA,4882,"Pacific Islands","Samoa",0.417152821658914,1531.5,80.3507743045026,"High","Above average - more cases than typical at this point",0.41934960682834,"Low",7.17894516637147,"Below average - fewer cases than typical at this point","Samoa"
"WSM",6,3,0.235098230086441,250.75,0.437993482869631,1782.25,250.75,1782.25,0.487898921050378,0.0555313725443504,2026,"WHO",2026-03-01,265,265,265,4,1,TRUE,"applied_mean",NA,10,"2025/2026","Observed",2791,632,4883,1276,NA,4882,"Pacific Islands","Samoa",0.437993482869631,1782.25,79.1788058246266,"High","Above average - more cases than typical at this point",0.374537571779626,"Low",7.17894516637147,"Below average - fewer cases than typical at this point","Samoa"
"WSM",7,4,0.324591305779411,600.749999999999,0.443381567241281,2383,600.75,2383,0.598611190578073,0.110712269527696,2026,"WHO",2026-04-01,132,132,132,3,1,TRUE,"applied_mean",NA,10,"2025/2026","Observed",2923,764,4883,1276,NA,4882,"Pacific Islands","Samoa",0.443381567241281,2383,73.8302650595791,"Normal","Average - typical case load at this point",0.150875296246727,"Low",7.17894516637147,"Below average - fewer cases than typical at this point","Samoa"
"WSM",8,5,0.32290737069803,447.125,0.463343758609664,2830.125,447.125,2830.125,0.679842194891652,0.0812310043135786,2026,"Estimates",2026-05-01,397,NA,NA,NA,NA,NA,NA,NA,10,"2025/2026","Unobserved",3320,1161,4883,1276,396.650994063204,4882,"Pacific Islands","Samoa",0.463343758609664,2830.125,72.5720785886026,"Normal","Average - typical case load at this point",0.117813692911367,"Low",7.17894516637147,"Below average - fewer cases than typical at this point","Samoa"
"WSM",9,6,0.301157687279169,373.250000000001,0.483267951430525,3203.37499999999,373.25,3203.375,0.734819225261718,0.0549770303700658,2026,"Estimates",2026-06-01,268,NA,NA,NA,NA,NA,NA,NA,10,"2025/2026","Unobserved",3588,1429,4883,1276,268.452839297031,4882,"Pacific Islands","Samoa",0.483267951430525,3203.37499999999,71.2332089651273,"Normal","Average - typical case load at this point",0.0834624190771885,"Low",7.17894516637147,"Below average - fewer cases than typical at this point","Samoa"
"WSM",10,7,0.246270987547203,1065.875,0.4869227980626,4269.25000000001,1065.875,4269.25,0.833405091331277,0.0985858660695594,2026,"Estimates",2026-07-01,481,NA,NA,NA,NA,NA,NA,NA,10,"2025/2026","Unobserved",4069,1910,4883,1276,481.394784017659,4882,"Pacific Islands","Samoa",0.4869227980626,4269.25000000001,67.3462775967555,"Normal","Average - typical case load at this point",-0.0327285094823147,"Low",7.17894516637147,"Below average - fewer cases than typical at this point","Samoa"
"WSM",11,8,0.213684331366659,1085.375,0.456871473298976,5354.625,1085.375,5354.625,0.919610851849285,0.0862057605180075,2026,NA,2026-08-01,NA,NA,NA,NA,NA,NA,NA,NA,10,"2025/2026","Unobserved",4069,1910,4883,1276,NA,4882,"Pacific Islands","Samoa",0.456871473298976,5354.625,62.7798029766401,"Normal","Average - typical case load at this point",-0.162279530235685,"Low",7.17894516637147,"Below average - fewer cases than typical at this point","Samoa"
"WSM",12,9,0.245394856353194,941.749999999999,0.43678027699041,6296.37499999998,941.75,6296.375,1,0.0803891481507152,2026,NA,2026-09-01,NA,NA,NA,NA,NA,NA,NA,NA,10,"2025/2026","Unobserved",4069,1910,4883,1276,NA,4882,"Pacific Islands","Samoa",0.43678027699041,6296.37499999998,59.8293636024249,"Normal","Average - typical case load at this point",-0.233786377501018,"Low",7.17894516637147,"Below average - fewer cases than typical at this point","Samoa"
"WSM",1,10,0.244092045489035,561.625,0.244092045489035,561.625,561.625,561.625,0.107432127083133,0.107432127083133,2026,NA,2026-10-01,NA,NA,NA,NA,NA,NA,NA,NA,10,"2026/2027","Unobserved",0,1910,NA,1276,NA,NA,"Pacific Islands","Samoa",0.244092045489035,561.625,15.1127203359221,"Low","Below average - fewer cases than typical at this point",-0.493949395085166,"Low",7.17894516637147,"Below average - fewer cases than typical at this point","Samoa"
"WSM",2,11,0.341204152483534,374,0.288769094102639,935.624999999999,374,935.625,0.226046382323583,0.11861425524045,2026,NA,2026-11-01,NA,NA,NA,NA,NA,NA,NA,NA,10,"2026/2027","Unobserved",0,1910,NA,1276,NA,NA,"Pacific Islands","Samoa",0.288769094102639,935.624999999999,9.68774360820108,"Low","Below average - fewer cases than typical at this point",-0.537289490488233,"Low",7.17894516637147,"Below average - fewer cases than typical at this point","Samoa"
"WSM",3,12,0.403449265915868,281.25,0.319450834988109,1216.875,281.25,1216.875,0.343121686189998,0.117075303866415,2026,NA,2026-12-01,NA,NA,NA,NA,NA,NA,NA,NA,10,"2026/2027","Unobserved",0,1910,NA,1276,NA,NA,"Pacific Islands","Samoa",0.319450834988109,1216.875,7.17894516637147,"Low","Below average - fewer cases than typical at this point",-0.565125645853767,"Low",7.17894516637147,"Below average - fewer cases than typical at this point","Samoa"
